0,0,0,0,0,0,0,0,0,0,79,703,315,475,157,80,0,78,0,0,0,0,0,0,0,0,0,0,0,0,0,0,0,0,0,0,0,0,0,0,0,0,0,0,0,0,0,0,0,0,0,0,0,0,0,0,0,0,0,0,0,0,0,0,0,0,0,0,0,0,0,0,0,0,0,0,0,0,0,0,0,0,0,0,0,0,0,0,0,0,0,0,0,0,0,0,0,0,0,0,0,0,0,0,0,0,0,0,0,0,0,0,0,0,0,0,0,0,0,0,0,0,0,0,0,0,0,0
0,0,0,0,0,0,0,0,1652,4005,4929,2440,1490,864,237,159,0,0,0,0,0,0,0,0,0,0,0,0,0,0,0,0,0,0,0,0,0,0,0,0,0,0,0,0,0,0,0,0,0,0,0,0,0,0,0,0,0,0,0,0,0,0,0,0,0,0,0,0,0,0,0,0,0,0,0,0,0,0,0,0,0,0,0,0,0,0,0,0,0,0,0,0,0,0,0,0,0,0,0,0,0,0,0,0,0,0,0,0,0,0,0,0,0,0,0,0,0,0,0,0,0,0,0,0,0,0,0,0
0,0,0,0,0,0,12089,24121,21389,13588,7781,4150,2359,1173,469,474,158,0,79,0,0,0,0,0,0,0,0,0,0,0,0,0,0,0,0,0,0,0,0,0,0,0,0,0,0,0,0,0,0,0,0,0,0,0,0,0,0,0,0,0,0,0,0,0,0,0,0,0,0,0,0,0,0,0,0,0,0,0,0,0,0,0,0,0,0,0,0,0,0,0,0,0,0,0,0,0,0,0,0,0,0,0,0,0,0,0,0,0,0,0,0,0,0,0,0,0,0,0,0,0,0,0,0,0,0,0,0,0
0,0,0,6578,54569,89011,81841,47846,35639,22463,15451,7469,5818,2820,788,784,309,157,156,0,0,0,0,0,0,0,0,0,0,0,0,0,0,0,0,0,0,0,0,0,0,0,0,0,0,0,0,0,0,0,0,0,0,0,0,0,0,0,0,0,0,0,0,0,0,0,0,0,0,0,0,0,0,0,0,0,0,0,0,0,0,0,0,0,0,0,0,0,0,0,0,0,0,0,0,0,0,0,0,0,0,0,0,0,0,0,0,0,0,0,0,0,0,0,0,0,0,0,0,0,0,0,0,0,0,0,0,0
0,36512,148994,216789,179591,149798,117175,77791,51957,35965,25217,13512,8864,5499,1805,1421,706,234,0,158,0,0,0,0,0,0,0,0,0,0,0,0,0,0,0,0,0,0,0,0,0,0,0,0,0,0,0,0,0,0,0,0,0,0,0,0,0,0,0,0,0,0,0,0,0,0,0,0,0,0,0,0,0,0,0,0,0,0,0,0,0,0,0,0,0,0,0,0,0,0,0,0,0,0,0,0,0,0,0,0,0,0,0,0,0,0,0,0,0,0,0,0,0,0,0,0,0,0,0,0,0,0,0,0,0,0,0,0
5015863,323312,311721,270609,231628,191261,150581,110819,85667,58350,41783,25097,15935,9722,4083,3762,1173,866,553,159,315,0,78,77,0,0,0,0,0,0,0,0,0,0,0,0,0,0,0,0,0,0,0,0,0,0,0,0,0,0,0,0,0,0,0,0,0,0,0,0,0,0,0,0,0,0,0,0,0,0,0,0,0,0,0,0,0,0,0,0,0,0,0,0,0,0,0,0,0,0,0,0,0,0,0,0,0,0,0,0,0,0,0,0,0,0,0,0,0,0,0,0,0,0,0,0,0,0,0,0,0,0,0,0,0,0,0,0
4797714,6039167,327007,304392,276190,235195,194107,153935,120807,86722,59432,42530,24825,16730,10122,6206,3072,1177,703,551,80,79,0,0,0,0,0,0,0,0,0,0,0,0,0,0,0,0,0,0,0,0,0,0,0,0,0,0,0,0,0,0,0,0,0,0,0,0,0,0,0,0,0,0,0,0,0,0,0,0,0,0,0,0,0,0,0,0,0,0,0,0,0,0,0,0,0,0,0,0,0,0,0,0,0,0,0,0,0,0,0,0,0,0,0,0,0,0,0,0,0,0,0,0,0,0,0,0,0,0,0,0,0,0,0,0,0,0
216576,3967390,6879415,340274,312986,274888,233076,201539,155468,119075,88478,61658,45722,26977,17660,10055,6435,3610,868,1020,390,237,79,0,0,0,0,0,0,0,0,0,0,0,0,0,0,0,0,0,0,0,0,0,0,0,0,0,0,0,0,0,0,0,0,0,0,0,0,0,0,0,0,0,0,0,0,0,0,0,0,0,0,0,0,0,0,0,0,0,0,0,0,0,0,0,0,0,0,0,0,0,0,0,0,0,0,0,0,0,0,0,0,0,0,0,0,0,0,0,0,0,0,0,0,0,0,0,0,0,0,0,0,0,0,0,0,0
149053,330935,3099398,7728614,331647,310872,281237,237785,203190,164137,123287,90786,61564,41868,28743,17439,11313,7861,4803,1639,943,628,313,0,0,0,0,0,0,0,0,0,0,0,0,0,0,0,0,0,0,0,0,0,0,0,0,0,0,0,0,0,0,0,0,0,0,0,0,0,0,0,0,0,0,0,0,0,0,0,0,0,0,0,0,0,0,0,0,0,0,0,0,0,0,0,0,0,0,0,0,0,0,0,0,0,0,0,0,0,0,0,0,0,0,0,0,0,0,0,0,0,0,0,0,0,0,0,0,0,0,0,0,0,0,0,0,0
90830,290746,327925,2238070,8610038,342227,314501,286673,247655,208685,169398,131147,91147,62409,46099,31579,17726,10767,6929,3687,1722,553,315,393,78,0,0,0,0,0,0,0,0,0,0,0,0,0,0,0,0,0,0,0,0,0,0,0,0,0,0,0,0,0,0,0,0,0,0,0,0,0,0,0,0,0,0,0,0,0,0,0,0,0,0,0,0,0,0,0,0,0,0,0,0,0,0,0,0,0,0,0,0,0,0,0,0,0,0,0,0,0,0,0,0,0,0,0,0,0,0,0,0,0,0,0,0,0,0,0,0,0,0,0,0,0,0,0
33267,257764,294147,319598,1359460,9517205,343271,314154,295104,253353,211418,168908,121762,96172,71101,46851,32620,20293,11235,7544,3830,2045,1185,553,390,234,79,0,0,0,0,0,0,0,0,0,0,0,0,0,0,0,0,0,0,0,0,0,0,0,0,0,0,0,0,0,0,0,0,0,0,0,0,0,0,0,0,0,0,0,0,0,0,0,0,0,0,0,0,0,0,0,0,0,0,0,0,0,0,0,0,0,0,0,0,0,0,0,0,0,0,0,0,0,0,0,0,0,0,0,0,0,0,0,0,0,0,0,0,0,0,0,0,0,0,0,0,0
2672,210047,253460,287912,327768,490910,9672420,1064117,317035,287019,250921,215726,172108,132065,96397,74267,48661,33922,18838,13012,7630,5410,2276,1256,548,158,157,80,0,0,0,0,0,0,0,0,0,0,0,0,0,0,0,0,0,0,0,0,0,0,0,0,0,0,0,0,0,0,0,0,0,0,0,0,0,0,0,0,0,0,0,0,0,0,0,0,0,0,0,0,0,0,0,0,0,0,0,0,0,0,0,0,0,0,0,0,0,0,0,0,0,0,0,0,0,0,0,0,0,0,0,0,0,0,0,0,0,0,0,0,0,0,0,0,0,0,0,0
0,133006,204829,248518,283303,319708,331024,8925338,1921346,328575,297196,257785,205901,174202,128956,105274,75904,51149,34414,21924,14396,8061,5034,2675,1103,232,0,77,80,78,0,0,0,0,0,0,0,0,0,0,0,0,0,0,0,0,0,0,0,0,0,0,0,0,0,0,0,0,0,0,0,0,0,0,0,0,0,0,0,0,0,0,0,0,0,0,0,0,0,0,0,0,0,0,0,0,0,0,0,0,0,0,0,0,0,0,0,0,0,0,0,0,0,0,0,0,0,0,0,0,0,0,0,0,0,0,0,0,0,0,0,0,0,0,0,0,0,0
0,87920,160638,203882,240010,284390,323676,336709,8040109,2815379,330255,302412,262387,217697,180217,135508,97679,71803,55074,37669,22033,13963,8177,4324,1806,1091,627,158,78,0,0,0,0,0,0,0,0,0,0,0,0,0,0,0,0,0,0,0,0,0,0,0,0,0,0,0,0,0,0,0,0,0,0,0,0,0,0,0,0,0,0,0,0,0,0,0,0,0,0,0,0,0,0,0,0,0,0,0,0,0,0,0,0,0,0,0,0,0,0,0,0,0,0,0,0,0,0,0,0,0,0,0,0,0,0,0,0,0,0,0,0,0,0,0,0,0,0,0
0,50130,122454,161562,193660,236843,272405,319968,329915,7209785,3657903,328851,302255,271141,224460,183929,141822,109169,80170,50176,34523,21754,14220,10055,5261,2512,1814,628,0,157,79,0,0,0,0,0,0,0,0,0,0,0,0,0,0,0,0,0,0,0,0,0,0,0,0,0,0,0,0,0,0,0,0,0,0,0,0,0,0,0,0,0,0,0,0,0,0,0,0,0,0,0,0,0,0,0,0,0,0,0,0,0,0,0,0,0,0,0,0,0,0,0,0,0,0,0,0,0,0,0,0,0,0,0,0,0,0,0,0,0,0,0,0,0,0,0,0,0
0,22017,78120,116766,153744,200933,234542,270455,314532,329113,6301106,4563065,336765,303805,272950,224741,189953,150153,110374,78715,54975,36991,22472,14279,7543,5270,4086,1422,552,77,239,0,0,0,0,0,0,0,0,0,0,0,0,0,0,0,0,0,0,0,0,0,0,0,0,0,0,0,0,0,0,0,0,0,0,0,0,0,0,0,0,0,0,0,0,0,0,0,0,0,0,0,0,0,0,0,0,0,0,0,0,0,0,0,0,0,0,0,0,0,0,0,0,0,0,0,0,0,0,0,0,0,0,0,0,0,0,0,0,0,0,0,0,0,0,0,0,0
0,5967,60600,81015,111246,151593,192716,237362,272140,307408,335284,5449371,5447165,336881,312022,272609,231640,192861,150457,111044,81136,59904,37339,22522,16433,8942,5418,2673,1646,787,553,549,79,0,78,0,0,0,0,0,0,0,0,0,0,0,0,0,0,0,0,0,0,0,0,0,0,0,0,0,0,0,0,0,0,0,0,0,0,0,0,0,0,0,0,0,0,0,0,0,0,0,0,0,0,0,0,0,0,0,0,0,0,0,0,0,0,0,0,0,0,0,0,0,0,0,0,0,0,0,0,0,0,0,0,0,0,0,0,0,0,0,0,0,0,0,0,0
0,551,35463,55235,81727,114156,144066,188102,229369,262875,301977,320882,4582359,6293074,327500,304702,273320,235684,200267,151660,115152,85632,59601,42091,24714,17065,10447,5587,2360,1965,784,390,157,0,79,0,0,0,0,0,0,0,0,0,0,0,0,0,0,0,0,0,0,0,0,0,0,0,0,0,0,0,0,0,0,0,0,0,0,0,0,0,0,0,0,0,0,0,0,0,0,0,0,0,0,0,0,0,0,0,0,0,0,0,0,0,0,0,0,0,0,0,0,0,0,0,0,0,0,0,0,0,0,0,0,0,0,0,0,0,0,0,0,0,0,0,0,0
0,0,20466,36994,53297,76246,103700,143857,175772,219651,254173,293958,330476,3679265,7187814,347145,309913,285450,246090,203335,156987,114415,86580,61679,42390,25885,16806,9257,6512,3377,2125,1252,553,237,314,77,0,0,0,0,0,0,0,0,0,0,0,0,0,0,0,0,0,0,0,0,0,0,0,0,0,0,0,0,0,0,0,0,0,0,0,0,0,0,0,0,0,0,0,0,0,0,0,0,0,0,0,0,0,0,0,0,0,0,0,0,0,0,0,0,0,0,0,0,0,0,0,0,0,0,0,0,0,0,0,0,0,0,0,0,0,0,0,0,0,0,0,0
0,0,10611,21149,34039,53471,73205,99122,134064,174794,215610,262442,294229,327842,2845273,8030834,338109,309833,279396,246979,197798,162977,126355,91206,64939,43345,28505,17923,9743,7551,4010,1809,1102,945,545,79,0,79,0,0,0,0,0,0,0,0,0,0,0,0,0,0,0,0,0,0,0,0,0,0,0,0,0,0,0,0,0,0,0,0,0,0,0,0,0,0,0,0,0,0,0,0,0,0,0,0,0,0,0,0,0,0,0,0,0,0,0,0,0,0,0,0,0,0,0,0,0,0,0,0,0,0,0,0,0,0,0,0,0,0,0,0,0,0,0,0,0,0
0,0,4085,12763,22851,31391,55358,71833,103850,134703,177572,215307,264378,298319,318325,1946471,8951344,337119,313863,284983,248974,201837,170382,128669,92046,67921,47396,32661,18727,11377,5565,4234,1881,1254,705,235,0,157,0,0,0,0,0,0,0,0,0,0,0,0,0,0,0,0,0,0,0,0,0,0,0,0,0,0,0,0,0,0,0,0,0,0,0,0,0,0,0,0,0,0,0,0,0,0,0,0,0,0,0,0,0,0,0,0,0,0,0,0,0,0,0,0,0,0,0,0,0,0,0,0,0,0,0,0,0,0,0,0,0,0,0,0,0,0,0,0,0,0
0,0,1880,6584,12343,18003,30625,47018,69266,95769,123904,169187,205758,251164,293456,326278,1053868,9656600,472100,325351,290116,252371,214459,166150,132496,94964,66947,48067,32662,20278,11249,6683,4882,2666,1565,630,157,0,238,0,0,0,0,0,0,0,0,0,0,0,0,0,0,0,0,0,0,0,0,0,0,0,0,0,0,0,0,0,0,0,0,0,0,0,0,0,0,0,0,0,0,0,0,0,0,0,0,0,0,0,0,0,0,0,0,0,0,0,0,0,0,0,0,0,0,0,0,0,0,0,0,0,0,0,0,0,0,0,0,0,0,0,0,0,0,0,0,0
0,0,236,5178,7292,11216,19705,32137,50592,66577,97322,127812,167866,210544,245687,289470,314793,342661,9553328,1339711,323958,284944,251334,213600,179919,129023,98086,69102,50192,32449,21307,14995,6810,4789,2758,1260,711,79,79,80,0,0,0,0,0,0,0,0,0,0,0,0,0,0,0,0,0,0,0,0,0,0,0,0,0,0,0,0,0,0,0,0,0,0,0,0,0,0,0,0,0,0,0,0,0,0,0,0,0,0,0,0,0,0,0,0,0,0,0,0,0,0,0,0,0,0,0,0,0,0,0,0,0,0,0,0,0,0,0,0,0,0,0,0,0,0,0,0
0,0,0,1726,3541,7132,13352,18297,30048,41393,69656,90509,129640,162223,207554,248597,284589,316414,339253,8641879,2237210,317113,288675,259506,214600,172754,130149,103361,73714,53065,32195,23155,14303,9364,4863,2671,1578,472,470,78,238,0,79,0,0,0,0,0,0,0,0,0,0,0,0,0,0,0,0,0,0,0,0,0,0,0,0,0,0,0,0,0,0,0,0,0,0,0,0,0,0,0,0,0,0,0,0,0,0,0,0,0,0,0,0,0,0,0,0,0,0,0,0,0,0,0,0,0,0,0,0,0,0,0,0,0,0,0,0,0,0,0,0,0,0,0,0,0
0,0,0,629,1799,3381,6835,11558,16417,26092,42870,65716,86632,126151,157350,197520,243449,278922,311988,333646,7798663,3065006,323380,294060,265303,226507,178385,137744,103885,76616,52912,35784,21260,15998,7841,4626,3059,1810,785,313,78,0,0,0,0,0,0,0,0,0,0,0,0,0,0,0,0,0,0,0,0,0,0,0,0,0,0,0,0,0,0,0,0,0,0,0,0,0,0,0,0,0,0,0,0,0,0,0,0,0,0,0,0,0,0,0,0,0,0,0,0,0,0,0,0,0,0,0,0,0,0,0,0,0,0,0,0,0,0,0,0,0,0,0,0,0,0,0
0,0,0,234,935,1015,3534,6438,8639,16174,28215,42199,57112,88169,122222,158000,196606,243541,290206,309632,331160,6898371,3985283,334963,297907,269235,218360,183913,142447,108820,80433,54104,38755,24979,14144,8804,4543,3215,1727,865,234,154,79,0,0,0,0,0,0,0,0,0,0,0,0,0,0,0,0,0,0,0,0,0,0,0,0,0,0,0,0,0,0,0,0,0,0,0,0,0,0,0,0,0,0,0,0,0,0,0,0,0,0,0,0,0,0,0,0,0,0,0,0,0,0,0,0,0,0,0,0,0,0,0,0,0,0,0,0,0,0,0,0,0,0,0,0,0
0,0,0,78,394,474,2034,3215,5893,8473,15174,26020,41135,58261,82106,116383,155705,199043,226543,276223,303980,336733,6007336,4830013,327559,309601,266826,235934,191806,147150,111811,82654,56906,38288,24195,15559,8707,4852,2598,1257,859,79,237,0,0,79,0,0,0,0,0,0,0,0,0,0,0,0,0,0,0,0,0,0,0,0,0,0,0,0,0,0,0,0,0,0,0,0,0,0,0,0,0,0,0,0,0,0,0,0,0,0,0,0,0,0,0,0,0,0,0,0,0,0,0,0,0,0,0,0,0,0,0,0,0,0,0,0,0,0,0,0,0,0,0,0,0,0
0,0,0,79,158,237,1102,1732,1802,4865,8401,17441,26199,37764,57158,79604,114513,151519,187803,231448,262728,315557,328483,5195221,5715916,327781,310750,274386,227851,190014,149061,113630,81150,56460,40097,24515,17282,9750,4545,2826,1654,474,237,76,0,0,0,76,0,0,0,0,0,0,0,0,0,0,0,0,0,0,0,0,0,0,0,0,0,0,0,0,0,0,0,0,0,0,0,0,0,0,0,0,0,0,0,0,0,0,0,0,0,0,0,0,0,0,0,0,0,0,0,0,0,0,0,0,0,0,0,0,0,0,0,0,0,0,0,0,0,0,0,0,0,0,0,0
0,0,0,0,79,235,236,785,2041,3377,6052,8992,16250,23487,35264,55980,80499,115490,148015,187477,230400,270646,300451,335698,4283116,6566788,336877,311500,283180,238805,200983,156475,116642,86377,61704,40776,27183,17122,8080,7865,3701,1885,782,237,239,0,0,0,0,0,0,0,0,0,0,0,0,0,0,0,0,0,0,0,0,0,0,0,0,0,0,0,0,0,0,0,0,0,0,0,0,0,0,0,0,0,0,0,0,0,0,0,0,0,0,0,0,0,0,0,0,0,0,0,0,0,0,0,0,0,0,0,0,0,0,0,0,0,0,0,0,0,0,0,0,0,0,0
0,0,0,0,0,80,235,236,628,1246,2741,5733,6930,13452,22523,35344,52536,77569,108706,141342,183105,232497,270984,287387,327543,3393330,7480476,329247,319519,276896,241323,202034,160123,119449,90136,65974,44068,29202,18678,9966,6054,3461,1493,858,464,0,158,0,159,0,0,0,0,0,0,0,0,0,0,0,0,0,0,0,0,0,0,0,0,0,0,0,0,0,0,0,0,0,0,0,0,0,0,0,0,0,0,0,0,0,0,0,0,0,0,0,0,0,0,0,0,0,0,0,0,0,0,0,0,0,0,0,0,0,0,0,0,0,0,0,0,0,0,0,0,0,0,0
0,0,0,0,0,0,0,159,235,779,631,1887,4704,7044,12495,23373,37164,52700,73908,103197,140767,167334,218672,264649,296443,324669,2534312,8243470,335090,309301,281156,243886,203595,158326,115707,91493,66383,43918,30762,19110,10634,6735,4238,2116,702,391,74,0,159,0,0,0,0,0,0,0,0,0,0,0,0,0,0,0,0,0,0,0,0,0,0,0,0,0,0,0,0,0,0,0,0,0,0,0,0,0,0,0,0,0,0,0,0,0,0,0,0,0,0,0,0,0,0,0,0,0,0,0,0,0,0,0,0,0,0,0,0,0,0,0,0,0,0,0,0,0,0,0
0,0,0,0,0,0,0,156,156,230,467,1780,1624,3717,7746,13628,20329,34904,48047,74102,101572,130438,169827,209650,255656,285499,318815,1640343,9080056,335125,319983,283073,238321,202886,168704,125983,94208,68171,45071,28893,21241,11314,6281,4023,1934,1324,465,0,240,0,0,80,0,0,0,0,0,0,0,0,0,0,0,0,0,0,0,0,0,0,0,0,0,0,0,0,0,0,0,0,0,0,0,0,0,0,0,0,0,0,0,0,0,0,0,0,0,0,0,0,0,0,0,0,0,0,0,0,0,0,0,0,0,0,0,0,0,0,0,0,0,0,0,0,0,0,0,0
0,0,0,0,0,0,0,0,0,234,386,389,1007,2025,4190,6985,11846,18904,30357,49407,66880,92541,131699,173233,206764,249156,282092,318041,789444,9473175,750224,318901,294831,252112,217243,173924,125914,95732,65265,47326,29513,22419,11788,7669,3877,2240,1078,467,312,155,0,80,0,0,0,0,0,0,0,0,0,0,0,0,0,0,0,0,0,0,0,0,0,0,0,0,0,0,0,0,0,0,0,0,0,0,0,0,0,0,0,0,0,0,0,0,0,0,0,0,0,0,0,0,0,0,0,0,0,0,0,0,0,0,0,0,0,0,0,0,0,0,0,0,0,0,0,0
0,0,0,0,0,0,0,0,0,78,0,387,462,466,2946,3492,6817,9753,19386,30286,48265,65974,90924,124280,159201,204676,246815,282373,309779,330740,9093659,1616336,312470,287188,257709,214895,167382,131583,102228,71240,51482,32097,22255,13406,6439,4110,2786,1167,546,317,155,156,155,0,0,0,0,0,0,0,0,0,0,0,0,0,0,0,0,0,0,0,0,0,0,0,0,0,0,0,0,0,0,0,0,0,0,0,0,0,0,0,0,0,0,0,0,0,0,0,0,0,0,0,0,0,0,0,0,0,0,0,0,0,0,0,0,0,0,0,0,0,0,0,0,0,0,0
0,0,0,0,0,0,0,0,0,0,0,78,546,156,771,2320,4010,6810,10619,16505,29481,47773,64140,88901,125046,155042,203005,241941,279437,315241,331715,8299667,2471106,316035,281640,257090,221860,174956,136580,98038,72786,51032,34494,23181,13415,7445,4339,2316,1548,711,470,156,238,78,79,0,0,0,0,0,0,0,0,0,0,0,0,0,0,0,0,0,0,0,0,0,0,0,0,0,0,0,0,0,0,0,0,0,0,0,0,0,0,0,0,0,0,0,0,0,0,0,0,0,0,0,0,0,0,0,0,0,0,0,0,0,0,0,0,0,0,0,0,0,0,0,0,0
0,0,0,0,0,0,0,0,0,0,0,0,0,77,623,1551,1394,3088,5813,10141,18678,26135,41449,62398,86487,114799,160865,200804,242469,267302,308667,319231,7393087,3302963,321317,288157,261349,222089,183347,136573,102924,74421,55669,32843,20550,14781,7450,5514,2731,1326,625,318,235,0,0,0,0,0,0,0,0,0,0,0,0,0,0,0,0,0,0,0,0,0,0,0,0,0,0,0,0,0,0,0,0,0,0,0,0,0,0,0,0,0,0,0,0,0,0,0,0,0,0,0,0,0,0,0,0,0,0,0,0,0,0,0,0,0,0,0,0,0,0,0,0,0,0,0
0,0,0,0,0,0,0,0,0,0,78,78,0,0,389,540,695,1548,2949,5738,8522,18364,26116,40029,57906,83753,116462,154144,195066,227338,270915,306841,324800,6549321,4167247,324652,301948,260723,224598,180131,138453,113218,80791,53924,34551,22497,15350,7989,5145,2435,2371,785,632,156,0,78,0,0,0,0,0,0,0,0,0,0,0,0,0,0,0,0,0,0,0,0,0,0,0,0,0,0,0,0,0,0,0,0,0,0,0,0,0,0,0,0,0,0,0,0,0,0,0,0,0,0,0,0,0,0,0,0,0,0,0,0,0,0,0,0,0,0,0,0,0,0,0,0
0,0,0,0,0,0,0,0,0,0,0,0,0,0,0,234,156,1400,1468,3701,4179,10089,16541,24574,40801,56534,84267,109123,146441,191666,235258,276423,295443,328873,5690618,5078286,323449,299142,270322,231988,191320,148066,112206,78554,54653,37130,23966,14477,8799,6125,3381,1810,859,554,159,152,0,0,0,0,0,0,0,0,0,0,0,0,0,0,0,0,0,0,0,0,0,0,0,0,0,0,0,0,0,0,0,0,0,0,0,0,0,0,0,0,0,0,0,0,0,0,0,0,0,0,0,0,0,0,0,0,0,0,0,0,0,0,0,0,0,0,0,0,0,0,0,0
0,0,0,0,0,0,0,0,0,0,0,0,0,156,78,0,464,310,930,1005,2324,4427,9920,16903,24975,36895,54594,76444,114260,144793,184663,229318,264915,300092,327972,4823467,5919851,327708,299799,268673,237629,188952,148416,116199,81448,56906,40292,24558,17242,9848,5978,4001,1885,702,235,316,0,0,76,0,0,0,0,0,0,0,0,0,0,0,0,0,0,0,0,0,0,0,0,0,0,0,0,0,0,0,0,0,0,0,0,0,0,0,0,0,0,0,0,0,0,0,0,0,0,0,0,0,0,0,0,0,0,0,0,0,0,0,0,0,0,0,0,0,0,0,0,0
0,0,0,0,0,0,0,0,0,0,0,0,0,0,0,0,154,156,309,622,1936,2174,5119,9141,13485,23748,39078,56498,79091,105272,148436,186390,219909,264092,294250,325729,3955581,6810311,316153,303353,268665,232257,191887,155188,120746,85274,61454,44966,29433,16258,9264,5720,4470,1732,1186,471,393,158,0,0,78,0,0,0,0,0,0,0,0,0,0,0,0,0,0,0,0,0,0,0,0,0,0,0,0,0,0,0,0,0,0,0,0,0,0,0,0,0,0,0,0,0,0,0,0,0,0,0,0,0,0,0,0,0,0,0,0,0,0,0,0,0,0,0,0,0,0,0
0,0,0,0,0,0,0,0,0,0,0,0,0,0,0,0,0,0,234,695,856,1085,2559,4496,6528,13740,24109,35027,53662,74733,104404,137289,181351,216355,250766,292488,315062,3098146,7666620,327273,307951,273083,231893,201755,158802,122464,94362,65506,46601,28028,18567,11680,6454,3844,1419,627,234,234,0,0,0,0,0,0,0,0,0,0,0,0,0,0,0,0,0,0,0,0,0,0,0,0,0,0,0,0,0,0,0,0,0,0,0,0,0,0,0,0,0,0,0,0,0,0,0,0,0,0,0,0,0,0,0,0,0,0,0,0,0,0,0,0,0,0,0,0,0,0
0,0,0,0,0,0,0,0,0,0,0,0,0,0,0,0,0,0,0,156,386,779,1707,2248,4416,7217,13247,20942,33358,53353,76331,99034,132111,176277,213368,247923,290490,327248,2247656,8480635,332661,303764,285511,236634,202703,157540,123582,89002,66685,44863,30698,17610,9742,6513,3910,2192,862,471,233,0,0,76,0,0,0,0,0,0,0,0,0,0,0,0,0,0,0,0,0,0,0,0,0,0,0,0,0,0,0,0,0,0,0,0,0,0,0,0,0,0,0,0,0,0,0,0,0,0,0,0,0,0,0,0,0,0,0,0,0,0,0,0,0,0,0,0,0,0
0,0,0,0,0,0,0,0,0,0,0,0,0,0,0,0,78,78,0,78,78,156,621,1159,1779,4251,7060,12230,20474,33415,48749,70855,99501,129071,170367,219049,245806,293806,314919,1337278,9347031,342213,318772,288387,240998,207452,163578,129078,91336,70108,48364,31641,19962,13181,6920,3462,2286,859,545,156,0,0,80,0,0,0,0,0,0,0,0,0,0,0,0,0,0,0,0,0,0,0,0,0,0,0,0,0,0,0,0,0,0,0,0,0,0,0,0,0,0,0,0,0,0,0,0,0,0,0,0,0,0,0,0,0,0,0,0,0,0,0,0,0,0,0,0,0
0,0,0,0,0,0,0,0,0,0,0,0,0,0,0,0,0,0,0,0,76,312,312,856,388,1549,3573,6280,14719,19767,30126,45685,70400,98695,130371,166111,208538,242820,283908,311593,495024,9540922,1040380,318019,292682,242204,213925,163896,128388,104267,71145,49342,32194,20242,12582,8018,3143,2754,1094,633,78,0,78,0,0,0,0,0,0,0,0,0,0,0,0,0,0,0,0,0,0,0,0,0,0,0,0,0,0,0,0,0,0,0,0,0,0,0,0,0,0,0,0,0,0,0,0,0,0,0,0,0,0,0,0,0,0,0,0,0,0,0,0,0,0,0,0,0
0,0,0,0,0,0,0,0,0,0,0,0,0,0,0,0,0,0,0,0,0,0,0,234,854,622,1787,3563,6274,11863,19694,27831,48427,70301,89155,125074,162046,210787,244700,285468,306910,331179,8784646,1880295,317417,282011,248062,206333,167495,139884,101804,71863,50921,33274,22409,12876,8806,2905,2681,1176,551,76,153,79,237,76,0,0,0,0,0,0,0,0,0,0,0,0,0,0,0,0,0,0,0,0,0,0,0,0,0,0,0,0,0,0,0,0,0,0,0,0,0,0,0,0,0,0,0,0,0,0,0,0,0,0,0,0,0,0,0,0,0,0,0,0,0,0
0,0,0,0,0,0,0,0,0,0,0,0,0,0,0,0,0,0,0,0,0,0,0,156,78,621,701,1787,3329,6285,11317,16420,30189,43575,62076,95173,123203,159694,201943,241234,280193,312950,336285,8005720,2767814,326766,287919,266928,218522,181876,141837,106432,68148,47965,35388,23868,15724,7452,5033,2518,1488,633,391,159,0,0,0,0,0,0,0,0,0,0,0,0,0,0,0,0,0,0,0,0,0,0,0,0,0,0,0,0,0,0,0,0,0,0,0,0,0,0,0,0,0,0,0,0,0,0,0,0,0,0,0,0,0,0,0,0,0,0,0,0,0,0,0,0
0,0,0,0,0,0,0,0,0,0,0,0,0,0,0,0,0,0,0,0,0,0,0,152,78,77,152,1159,2017,3410,5574,10090,18374,28042,40387,64015,84410,115932,152909,193997,228042,281516,313124,329421,7121672,3622097,315562,296110,262489,226449,179757,145206,116289,79040,57665,35626,19598,14226,9275,5029,2914,1108,472,308,392,0,78,0,0,0,0,0,0,0,0,0,0,0,0,0,0,0,0,0,0,0,0,0,0,0,0,0,0,0,0,0,0,0,0,0,0,0,0,0,0,0,0,0,0,0,0,0,0,0,0,0,0,0,0,0,0,0,0,0,0,0,0,0
0,0,0,0,0,0,0,0,0,0,0,0,0,0,0,0,0,0,0,0,0,0,0,0,78,78,387,538,772,1787,3024,6821,10165,17428,23864,40384,57797,84910,116552,150944,190626,236829,267703,304224,329619,6243421,4508652,323083,301516,272270,229241,188732,142494,109032,82711,57152,36552,25132,14120,8715,5273,3232,1337,315,475,158,0,0,0,79,0,0,0,0,0,0,0,0,0,0,0,0,0,0,0,0,0,0,0,0,0,0,0,0,0,0,0,0,0,0,0,0,0,0,0,0,0,0,0,0,0,0,0,0,0,0,0,0,0,0,0,0,0,0,0,0,0,0
0,0,0,0,0,0,0,0,0,0,0,0,0,0,0,0,0,0,0,0,0,0,0,0,0,0,154,312,311,776,1853,2169,5504,8988,15028,27258,38592,55649,85749,110809,148749,184633,228005,269337,301670,332623,5376843,5342947,313958,305359,276154,233258,195332,150842,116559,87090,58343,39028,24269,16535,8563,5424,2980,1801,1026,238,311,0,0,157,0,0,0,0,0,0,0,0,0,0,0,0,0,0,0,0,0,0,0,0,0,0,0,0,0,0,0,0,0,0,0,0,0,0,0,0,0,0,0,0,0,0,0,0,0,0,0,0,0,0,0,0,0,0,0,0,0,0
0,0,0,0,0,0,0,0,0,0,0,0,0,0,0,0,0,0,0,0,0,0,0,0,0,0,0,234,463,467,618,1544,2560,4334,10227,14012,25367,40692,57633,79353,110545,150545,190528,230767,269055,301131,333636,4519640,6207818,334772,312330,274025,232952,193366,160599,119622,85529,60246,42565,25059,15700,9053,6124,3223,1803,1019,629,318,236,314,79,78,0,0,0,0,0,0,0,0,0,0,0,0,0,0,0,0,0,0,0,0,0,0,0,0,0,0,0,0,0,0,0,0,0,0,0,0,0,0,0,0,0,0,0,0,0,0,0,0,0,0,0,0,0,0,0,0
0,0,0,0,0,0,0,0,0,0,0,0,0,0,0,0,0,0,0,0,0,0,0,0,0,0,78,78,311,76,308,858,1469,2092,4879,8288,16265,22692,34345,51677,77242,104727,146432,174513,225627,262019,294819,318076,3696760,7175639,335048,309233,275998,244180,199969,153661,125580,93524,66909,43351,25401,18157,11399,6294,3057,2196,468,940,79,79,78,0,158,0,0,0,0,0,0,0,0,0,0,0,0,0,0,0,0,0,0,0,0,0,0,0,0,0,0,0,0,0,0,0,0,0,0,0,0,0,0,0,0,0,0,0,0,0,0,0,0,0,0,0,0,0,0,0
0,0,0,0,0,0,0,0,0,0,0,0,0,0,0,0,0,0,0,0,0,0,0,0,0,0,0,0,78,78,0,467,699,1476,3259,4951,6353,15818,21531,32351,52668,75769,102768,139663,177486,209012,262664,300247,319878,2819558,8044170,338585,313413,273696,231639,199074,160802,126048,85041,64091,44379,27190,17268,10581,5570,4239,1565,1573,236,80,316,78,0,0,0,0,0,0,0,0,0,0,0,0,0,0,0,0,0,0,0,0,0,0,0,0,0,0,0,0,0,0,0,0,0,0,0,0,0,0,0,0,0,0,0,0,0,0,0,0,0,0,0,0,0,0,0,0
0,0,0,0,0,0,0,0,0,0,0,0,0,0,0,0,0,0,0,0,0,0,0,0,0,0,0,0,78,0,0,77,389,624,1239,2322,4654,7138,13255,22260,32236,44492,74610,99567,136959,163754,203853,260833,288821,321317,1983506,8863088,336877,318411,281953,253556,204466,165885,118329,98533,66535,41133,32065,19696,10931,7065,5103,1569,1018,468,396,237,0,0,0,0,0,0,0,0,0,0,0,0,0,0,0,0,0,0,0,0,0,0,0,0,0,0,0,0,0,0,0,0,0,0,0,0,0,0,0,0,0,0,0,0,0,0,0,0,0,0,0,0,0,0,0,0
0,0,0,0,0,0,0,0,0,0,0,0,0,0,0,0,0,0,0,0,0,0,0,0,0,0,0,0,0,0,0,155,153,156,464,1243,1939,3247,6277,11875,19307,30538,47340,71290,101679,134298,165905,201143,251283,287251,318079,1084096,9658841,458321,308695,288174,255196,214546,161131,129376,99470,70856,47969,32558,19192,11382,7061,3524,2496,1023,390,156,78,0,157,0,0,0,0,0,0,0,0,0,0,0,0,0,0,0,0,0,0,0,0,0,0,0,0,0,0,0,0,0,0,0,0,0,0,0,0,0,0,0,0,0,0,0,0,0,0,0,0,0,0,0,0,0
0,0,0,0,0,0,0,0,0,0,0,0,0,0,0,0,0,0,0,0,0,0,0,0,0,0,0,0,0,0,0,0,77,78,310,232,1398,1712,2940,6207,10783,20280,31022,45974,65004,92986,126967,163197,211321,244913,291120,312706,346261,9554946,1327221,319720,288638,251751,215154,175556,132316,99236,71547,49315,31288,20966,13048,7001,4877,2505,1108,317,79,157,78,0,0,79,0,0,0,0,0,0,0,0,0,0,0,0,0,0,0,0,0,0,0,0,0,0,0,0,0,0,0,0,0,0,0,0,0,0,0,0,0,0,0,0,0,0,0,0,0,0,0,0,0,0
0,0,0,0,0,0,0,0,0,0,0,0,0,0,0,0,0,0,0,0,0,0,0,0,0,0,0,0,0,0,0,0,0,0,234,156,390,1007,1633,3804,5647,10770,20876,26045,46268,67439,85858,123076,165257,209398,250145,284394,309149,340035,8645149,2188692,326198,286806,258006,214295,172891,134958,99561,72054,51643,33644,23053,14042,8395,4493,2107,1495,470,159,160,0,0,0,0,0,0,0,0,0,0,0,0,0,0,0,0,0,0,0,0,0,0,0,0,0,0,0,0,0,0,0,0,0,0,0,0,0,0,0,0,0,0,0,0,0,0,0,0,0,0,0,0,0
0,0,0,0,0,0,0,0,0,0,0,0,0,0,0,0,0,0,0,0,0,0,0,0,0,0,0,0,0,0,0,0,0,0,78,228,156,542,933,2019,3412,4961,10635,17606,29211,43172,59693,85811,119116,167375,193760,236308,286729,322818,342252,7780327,3103710,325563,293686,253273,227627,183750,142501,103375,74423,48873,37241,22402,14529,8721,6281,2110,1018,703,0,158,80,0,80,0,0,0,0,0,0,0,0,0,0,0,0,0,0,0,0,0,0,0,0,0,0,0,0,0,0,0,0,0,0,0,0,0,0,0,0,0,0,0,0,0,0,0,0,0,0,0,0,0
0,0,0,0,0,0,0,0,0,0,0,0,0,0,0,0,0,0,0,0,0,0,0,0,0,0,0,0,0,0,0,0,0,0,0,0,0,310,466,467,1862,3951,5747,10303,16190,27531,42621,62620,83768,121172,157893,195046,239527,276702,312862,336040,6924511,3952019,321883,302300,272031,222086,187804,137123,109703,79783,53778,35332,24677,15960,9675,4873,2844,1332,631,635,0,319,0,0,0,0,0,0,0,0,0,0,0,0,0,0,0,0,0,0,0,0,0,0,0,0,0,0,0,0,0,0,0,0,0,0,0,0,0,0,0,0,0,0,0,0,0,0,0,0,0,0
0,0,0,0,0,0,0,0,0,0,0,0,0,0,0,0,0,0,0,0,0,0,0,0,0,0,0,0,0,0,0,0,0,0,0,0,0,78,154,542,772,1165,2168,5674,10006,17907,27363,40783,57923,84520,115775,155470,187865,234906,280551,313051,326483,6059358,4834373,324412,303976,268375,231726,189671,146909,116905,80631,58446,36672,25343,14743,8019,5743,2350,1257,635,320,158,79,80,0,0,0,0,0,0,0,0,0,0,0,0,0,0,0,0,0,0,0,0,0,0,0,0,0,0,0,0,0,0,0,0,0,0,0,0,0,0,0,0,0,0,0,0,0,0,0,0
0,0,0,0,0,0,0,0,0,0,0,0,0,0,0,0,0,0,0,0,0,0,0,0,0,0,0,0,0,0,0,0,0,0,0,0,0,0,156,78,614,771,2251,2715,6203,9245,14342,24643,38653,58959,85116,115179,150951,188190,232125,275467,303974,336758,5131087,5693956,328757,317325,266858,237645,200847,157071,117422,89123,59183,40276,25492,15006,9886,6130,2508,1659,638,317,0,80,0,80,0,0,0,0,0,0,0,0,0,0,0,0,0,0,0,0,0,0,0,0,0,0,0,0,0,0,0,0,0,0,0,0,0,0,0,0,0,0,0,0,0,0,0,0,0,0
0,0,0,0,0,0,0,0,0,0,0,0,0,0,0,0,0,0,0,0,0,0,0,0,0,0,0,0,0,0,0,0,0,0,0,0,0,0,77,78,155,234,695,1787,2795,4424,7899,13679,23184,35977,51877,80869,109954,144449,182370,228838,268149,293246,338628,4283149,6544673,324322,309260,274876,235614,195933,153549,123499,86269,60838,41334,27972,15082,10356,6270,3568,1338,1348,476,314,80,0,0,0,0,0,0,0,0,0,0,0,0,0,0,0,0,0,0,0,0,0,0,0,0,0,0,0,0,0,0,0,0,0,0,0,0,0,0,0,0,0,0,0,0,0,0,0
0,0,0,0,0,0,0,0,0,0,0,0,0,0,0,0,0,0,0,0,0,0,0,0,0,0,0,0,0,0,0,0,0,0,0,0,0,0,0,0,0,234,311,546,999,2330,5191,5962,14942,22141,35456,53531,77152,105245,141575,183917,225979,270349,294684,322194,3424008,7453323,333508,308745,279369,238388,196380,155043,121563,90918,64016,44107,29965,16725,9981,7586,3320,1588,878,555,314,77,0,0,0,80,0,0,0,0,0,0,0,0,0,0,0,0,0,0,0,0,0,0,0,0,0,0,0,0,0,0,0,0,0,0,0,0,0,0,0,0,0,0,0,0,0,0
0,0,0,0,0,0,0,0,0,0,0,0,0,0,0,0,0,0,0,0,0,0,0,0,0,0,0,0,0,0,0,0,0,0,0,0,0,0,0,0,78,156,156,542,855,1244,2479,3649,8480,13186,20954,35041,50543,73420,100355,136964,179567,218037,250437,295063,317086,2526103,8379547,335477,314771,284098,253799,203794,163242,124107,94730,64711,45464,27997,19332,9581,6188,3872,1421,1032,474,157,80,80,0,0,0,0,0,0,0,0,0,0,0,0,0,0,0,0,0,0,0,0,0,0,0,0,0,0,0,0,0,0,0,0,0,0,0,0,0,0,0,0,0,0,0,0
0,0,0,0,0,0,0,0,0,0,0,0,0,0,0,0,0,0,0,0,0,0,0,0,0,0,0,0,0,0,0,0,0,0,0,0,0,0,0,0,77,0,0,156,311,1073,1239,1938,4137,7776,14568,22853,32200,47216,77412,99930,138252,177206,215052,256702,283998,326438,1681298,9176924,335754,317182,296425,242606,208314,168617,124251,92056,72803,47772,28088,19398,11480,7281,3960,1983,708,473,156,0,0,80,0,0,0,0,0,0,0,0,0,0,0,0,0,0,0,0,0,0,0,0,0,0,0,0,0,0,0,0,0,0,0,0,0,0,0,0,0,0,0,0,0,0
0,0,0,0,0,0,0,0,0,0,0,0,0,0,0,0,0,0,0,0,0,0,0,0,0,0,0,0,0,0,0,0,0,0,0,0,0,0,0,0,0,0,0,0,77,619,544,1163,2243,3847,6675,12038,21194,29425,47953,72678,98436,131947,163794,204343,253640,288996,324697,804536,9653080,751344,328407,289725,243958,204443,171035,129273,93972,71720,45879,30530,22046,10991,9079,4821,2936,1191,235,398,159,80,0,0,0,0,0,0,0,0,0,0,0,0,0,0,0,0,0,0,0,0,0,0,0,0,0,0,0,0,0,0,0,0,0,0,0,0,0,0,0,0,0,0
0,0,0,0,0,0,0,0,0,0,0,0,0,0,0,0,0,0,0,0,0,0,0,0,0,0,0,0,0,0,0,0,0,0,0,0,0,0,0,0,0,0,0,78,0,156,312,619,857,1726,4077,6612,11148,18589,31757,45716,67453,93545,127674,162843,199977,256664,282030,321340,337360,9254225,1618218,320968,302829,255751,214530,170913,140023,105706,75025,48659,28926,19114,14643,7743,4909,2531,1020,711,158,78,80,78,0,0,0,0,0,0,0,0,0,0,0,0,0,0,0,0,0,0,0,0,0,0,0,0,0,0,0,0,0,0,0,0,0,0,0,0,0,0,0,0
0,0,0,0,0,0,0,0,0,0,0,0,0,0,0,0,0,0,0,0,0,0,0,0,0,0,0,0,0,0,0,0,0,0,0,0,0,0,0,0,0,0,0,76,0,0,0,156,700,785,2196,3434,5640,11021,19620,27080,42825,65708,88609,125564,159528,205439,250000,283392,317450,336284,8338922,2476595,322012,292504,258387,217316,175776,135837,104113,75334,48938,37591,21893,12720,8476,4349,1427,1024,399,157,237,80,80,0,0,0,0,0,0,0,0,0,0,0,0,0,0,0,0,0,0,0,0,0,0,0,0,0,0,0,0,0,0,0,0,0,0,0,0,0,0,0
0,0,0,0,0,0,0,0,0,0,0,0,0,0,0,0,0,0,0,0,0,0,0,0,0,0,0,0,0,0,0,0,0,0,0,0,0,0,0,0,0,0,0,0,0,0,0,78,233,472,942,1267,4224,5658,11675,18160,24485,41766,60598,90276,117065,158912,199823,243525,278818,318309,329339,7539705,3379835,333880,293136,266202,225947,184209,141690,103653,78989,50450,38577,22380,13705,8778,3867,2452,1345,474,396,0,0,0,0,0,0,0,0,0,0,0,0,0,0,0,0,0,0,0,0,0,0,0,0,0,0,0,0,0,0,0,0,0,0,0,0,0,0,0,0,0
0,0,0,0,0,0,0,0,0,0,0,0,0,0,0,0,0,0,0,0,0,0,0,0,0,0,0,0,0,0,0,0,0,0,0,0,0,0,0,0,0,0,0,0,0,0,0,0,74,475,157,866,1337,2895,7372,9359,19022,27250,41742,64489,85819,117700,155695,197844,231430,267774,312307,327749,6622263,4258041,328670,301938,261498,228421,184840,145845,110349,82088,54638,35997,24765,12583,8079,5458,2140,1575,944,477,467,0,160,0,0,0,0,81,0,0,0,0,0,0,0,0,0,0,0,0,0,0,0,0,0,0,0,0,0,0,0,0,0,0,0,0,0,0,0,0
0,0,0,0,0,0,0,0,0,0,0,0,0,0,0,0,0,0,0,0,0,0,0,0,0,0,0,0,0,0,0,0,0,0,0,0,0,0,0,0,0,0,0,0,0,0,76,0,76,78,79,701,470,1329,3685,5406,10049,15933,25318,39170,57501,83973,115854,157360,193471,225874,269881,301654,329978,5746641,5105356,325879,303375,268840,233939,195310,151652,113569,80917,57458,39481,27236,15231,8963,5058,3160,1660,871,320,78,0,158,0,0,0,0,0,0,0,0,0,0,0,0,0,0,0,0,0,0,0,0,0,0,0,0,0,0,0,0,0,0,0,0,0,0,0,0
0,0,0,0,0,0,0,0,0,0,0,0,0,0,0,0,0,0,0,0,0,0,0,0,0,0,0,0,0,0,0,0,0,0,0,0,0,0,0,0,0,0,0,0,0,0,0,0,0,76,78,311,314,861,1575,2443,4703,8237,13953,23795,35980,58466,81737,111704,148201,192193,233143,273018,308312,336020,4869271,6000667,340847,302942,285594,236948,190480,151516,116263,89462,62293,41719,25687,15032,10118,6025,3328,1433,951,320,313,0,0,0,0,0,0,0,0,0,0,0,0,0,0,0,0,0,0,0,0,0,0,0,0,0,0,0,0,0,0,0,0,0,0,0,0,0
0,0,0,0,0,0,0,0,0,0,0,0,0,0,0,0,0,0,0,0,0,0,0,0,0,0,0,0,0,0,0,0,0,0,0,0,0,0,0,0,0,0,0,0,0,0,0,0,0,0,0,391,153,232,786,1501,2187,5745,7223,11463,22930,36476,54173,79136,108876,145050,182619,221288,268584,291269,325899,4043289,6864953,334580,306339,279640,235937,198419,151207,119198,89034,65548,45557,28946,14539,11698,6272,3966,1423,952,399,159,239,80,0,0,0,0,0,0,0,0,0,0,0,0,0,0,0,0,0,0,0,0,0,0,0,0,0,0,0,0,0,0,0,0,0,0
0,0,0,0,0,0,0,0,0,0,0,0,0,0,0,0,0,0,0,0,0,0,0,0,0,0,0,0,0,0,0,0,0,0,0,0,0,0,0,0,0,0,0,0,0,0,0,0,0,0,0,78,80,153,707,870,1100,2443,4713,8493,13918,21682,34832,55340,79834,106531,139496,185502,225967,256046,297740,327367,3120963,7692650,329643,312740,276546,236069,193227,169038,124156,88827,64785,41470,28079,16986,10290,6175,3338,2057,1266,718,80,78,0,0,0,0,0,0,0,0,0,0,0,0,0,0,0,0,0,0,0,0,0,0,0,0,0,0,0,0,0,0,0,0,0,0
0,0,0,0,0,0,0,0,0,0,0,0,0,0,0,0,0,0,0,0,0,0,0,0,0,0,0,0,0,0,0,0,0,0,0,0,0,0,0,0,0,0,0,0,0,0,0,0,0,0,0,0,79,76,159,155,626,1488,2903,4563,7836,12633,21679,34696,50414,73398,101231,136611,173083,221180,259524,296324,324005,2247058,8602923,337382,323301,285700,247781,195404,170400,126932,94006,66468,48791,32366,18864,10687,5802,3816,1901,1582,476,240,80,0,0,0,0,0,0,0,0,0,0,0,0,0,0,0,0,0,0,0,0,0,0,0,0,0,0,0,0,0,0,0,0,0
0,0,0,0,0,0,0,0,0,0,0,0,0,0,0,0,0,0,0,0,0,0,0,0,0,0,0,0,0,0,0,0,0,0,0,0,0,0,0,0,0,0,0,0,0,0,0,0,0,0,0,78,0,0,78,0,79,619,1091,2680,4499,9163,12026,19823,33471,47524,72501,97315,132384,173280,215453,259418,284784,323209,1405121,9542554,343197,320247,290942,238596,209329,170283,131717,99784,68945,45710,30297,20592,12238,4911,3968,1984,795,318,479,0,80,0,0,0,0,0,0,0,0,0,0,0,0,0,0,0,0,0,0,0,0,0,0,0,0,0,0,0,0,0,0,0
0,0,0,0,0,0,0,0,0,0,0,0,0,0,0,0,0,0,0,0,0,0,0,0,0,0,0,0,0,0,0,0,0,0,0,0,0,0,0,0,0,0,0,0,0,0,0,0,0,0,0,0,0,0,0,0,156,313,318,945,1967,4021,8009,11952,20250,33223,47112,69847,100955,131883,174510,213352,257601,294600,318787,521165,9680746,1038461,319781,298552,258507,222655,176363,133621,99237,72071,46771,30496,23336,11679,7628,4211,2301,1029,397,81,240,0,0,0,0,0,0,0,0,0,0,0,0,0,0,0,0,0,0,0,0,0,0,0,0,0,0,0,0,0,0,0
0,0,0,0,0,0,0,0,0,0,0,0,0,0,0,0,0,0,0,0,0,0,0,0,0,0,0,0,0,0,0,0,0,0,0,0,0,0,0,0,0,0,0,0,0,0,0,0,0,0,0,0,0,0,0,0,0,157,311,621,1101,1339,3601,6979,11628,18141,31856,43769,67414,93424,128548,161280,204270,254152,291374,311618,342910,9017405,1918520,319204,295422,259074,220325,180974,138278,105586,72916,48090,34144,20424,11682,8414,4368,2381,1037,719,239,82,82,0,0,0,0,0,0,0,0,0,0,0,0,0,0,0,0,0,0,0,0,0,0,0,0,0,0,0,0,0
0,0,0,0,0,0,0,0,0,0,0,0,0,0,0,0,0,0,0,0,0,0,0,0,0,0,0,0,0,0,0,0,0,0,0,0,0,0,0,0,0,0,0,0,0,0,0,0,0,0,0,0,0,0,0,0,80,0,80,236,394,630,1420,3917,6833,11020,19082,29775,45933,66102,91348,123615,162043,198751,239820,282771,311406,336031,8148396,2833633,324870,307586,258804,220365,180693,144234,97614,77262,49964,35995,21999,13024,8646,4533,1992,1046,482,324,162,82,0,0,0,0,0,0,0,0,0,0,0,0,0,0,0,0,0,0,0,0,0,0,0,0,0,0,0,0
0,0,0,0,0,0,0,0,0,0,0,0,0,0,0,0,0,0,0,0,0,0,0,0,0,0,0,0,0,0,0,0,0,0,0,0,0,0,0,0,0,0,0,0,0,0,0,0,0,0,0,0,0,0,0,0,0,0,80,78,311,465,950,1660,3219,6496,9673,16539,29372,41596,59542,86080,113971,154656,203555,241063,284293,312005,337139,7229470,3678518,330481,297647,262116,219849,186840,142297,107417,76760,55135,34879,22329,13976,8336,4626,2967,1442,808,648,164,84,0,0,80,0,0,0,0,0,0,0,0,0,0,0,0,0,0,0,0,0,0,0,0,0,0,0,0
0,0,0,0,0,0,0,0,0,0,0,0,0,0,0,0,0,0,0,0,0,0,0,0,0,0,0,0,0,0,0,0,0,0,0,0,0,0,0,0,0,0,0,0,0,0,0,0,0,0,0,0,0,0,0,0,0,79,0,0,0,156,553,469,2125,2902,6374,9977,16102,25291,42006,60256,87600,117151,154283,197140,232166,280156,317249,336072,6430041,4608281,330054,307521,278373,230965,187287,141663,113936,82496,54893,38803,24182,16607,8455,5384,2888,1852,807,0,0,0,80,0,0,0,0,0,0,0,0,0,0,0,0,0,0,0,0,0,0,0,0,0,0,0,0,0
0,0,0,0,0,0,0,0,0,0,0,0,0,0,0,0,0,0,0,0,0,0,0,0,0,0,0,0,0,0,0,0,0,0,0,0,0,0,0,0,0,0,0,0,0,0,0,0,0,0,0,0,0,0,0,0,0,0,0,0,0,159,235,468,469,1027,2823,5099,8239,14529,24640,40597,56237,86977,110664,149765,186658,235157,270504,311235,340991,5487001,5398047,332710,308177,274060,226906,189619,149371,114973,85282,56140,40175,26642,14526,9873,5208,2808,1449,814,659,240,0,156,0,0,79,0,0,0,0,0,0,0,0,0,0,0,0,0,0,0,0,0,0,0,0,0
0,0,0,0,0,0,0,0,0,0,0,0,0,0,0,0,0,0,0,0,0,0,0,0,0,0,0,0,0,0,0,0,0,0,0,0,0,0,0,0,0,0,0,0,0,0,0,0,0,0,0,0,0,0,0,0,0,0,0,0,0,77,234,78,316,628,1413,2743,5409,10930,14158,24037,39895,55178,81689,114090,154474,189729,229027,274429,300354,326530,4658486,6326789,329443,306947,276163,239777,192142,154196,120682,79839,64012,42092,24912,18699,8326,5226,3319,1624,653,321,156,236,0,0,0,0,0,0,0,0,0,0,0,0,0,0,0,0,0,0,0,0,0,0,0,0
0,0,0,0,0,0,0,0,0,0,0,0,0,0,0,0,0,0,0,0,0,0,0,0,0,0,0,0,0,0,0,0,0,0,0,0,0,0,0,0,0,0,0,0,0,0,0,0,0,0,0,0,0,0,0,0,0,0,0,0,0,0,0,315,473,315,632,1329,3135,3843,7690,14953,23461,34933,56869,78302,112763,145207,185868,213177,270622,309206,331887,3742854,7219691,334431,322519,283795,240116,203728,165398,117919,89064,65506,44541,28160,18846,11329,8181,3254,2281,720,80,475,154,0,157,0,0,0,0,0,0,0,0,0,0,0,0,0,0,0,0,0,0,0,0,0
0,0,0,0,0,0,0,0,0,0,0,0,0,0,0,0,0,0,0,0,0,0,0,0,0,0,0,0,0,0,0,0,0,0,0,0,0,0,0,0,0,0,0,0,0,0,0,0,0,0,0,0,0,0,0,0,0,0,0,0,0,0,160,0,79,234,700,700,1891,2511,3929,9341,14831,23719,35156,52271,73172,102532,140386,180694,226449,265957,304753,322030,2841868,8097379,343928,314276,284276,241725,210399,163626,124303,99259,62917,44657,27645,19782,9802,7315,3593,1600,868,632,158,0,157,0,78,0,0,0,0,0,0,0,0,0,0,0,0,0,0,0,0,0,0,0
0,0,0,0,0,0,0,0,0,0,0,0,0,0,0,0,0,0,0,0,0,0,0,0,0,0,0,0,0,0,0,0,0,0,0,0,0,0,0,0,0,0,0,0,0,0,0,0,0,0,0,0,0,0,0,0,0,0,0,0,0,0,0,0,77,0,79,235,389,1487,2752,4537,6292,14762,23455,34805,53443,73791,99020,134218,180951,216605,262788,298752,327088,1993346,8976849,341787,320287,284957,261162,214614,168642,128644,100158,71029,48838,33628,20127,12440,6873,3694,1351,1426,624,388,79,150,0,0,0,0,0,0,0,0,0,0,0,0,0,0,0,0,0,0,0,0
0,0,0,0,0,0,0,0,0,0,0,0,0,0,0,0,0,0,0,0,0,0,0,0,0,0,0,0,0,0,0,0,0,0,0,0,0,0,0,0,0,0,0,0,0,0,0,0,0,0,0,0,0,0,0,0,0,0,0,0,0,0,0,0,0,0,79,80,74,471,1653,2894,4401,7251,12592,20487,31994,50889,68391,97437,136786,175904,211797,252659,300083,321304,1132315,9683570,448116,319487,298736,260636,215132,171454,135757,100328,72952,48959,29962,22039,11580,6327,4044,2224,1173,469,79,76,0,0,0,0,0,0,0,0,0,0,0,0,0,0,0,0,0,0,0,0
0,0,0,0,0,0,0,0,0,0,0,0,0,0,0,0,0,0,0,0,0,0,0,0,0,0,0,0,0,0,0,0,0,0,0,0,0,0,0,0,0,0,0,0,0,0,0,0,0,0,0,0,0,0,0,0,0,0,0,0,0,0,0,0,0,0,0,156,234,235,396,1098,2513,3855,7397,13600,18902,32144,45583,65630,93783,131097,166100,214766,245881,286767,322571,341321,9643125,1334708,335715,297407,261824,216783,169366,138746,98666,70629,54205,33970,21569,13053,9356,4896,1963,1323,625,157,78,0,0,0,0,0,0,0,0,0,0,0,0,0,0,0,0,0,0,0
0,0,0,0,0,0,0,0,0,0,0,0,0,0,0,0,0,0,0,0,0,0,0,0,0,0,0,0,0,0,0,0,0,0,0,0,0,0,0,0,0,0,0,0,0,0,0,0,0,0,0,0,0,0,0,0,0,0,0,0,0,0,0,0,0,0,0,0,0,159,630,548,1021,2195,3609,5994,10383,19964,29635,44897,70731,98582,128635,161959,203786,246362,288431,316352,344426,8779208,2216050,334610,301236,255098,220478,181106,139968,104370,78823,55387,37734,20798,15201,7587,3209,2195,1178,705,233,156,0,156,0,0,0,0,0,0,0,0,0,0,0,0,0,0,0,0
0,0,0,0,0,0,0,0,0,0,0,0,0,0,0,0,0,0,0,0,0,0,0,0,0,0,0,0,0,0,0,0,0,0,0,0,0,0,0,0,0,0,0,0,0,0,0,0,0,0,0,0,0,0,0,0,0,0,0,0,0,0,0,0,0,0,0,0,80,0,78,158,235,1022,1335,4282,5627,11063,18163,28601,45753,63840,91473,124274,160547,199830,243738,286641,310980,341755,7895276,3102096,341155,307795,269032,227854,186201,148702,110068,78530,57776,37808,23378,13669,7609,2816,1713,1248,926,307,76,0,78,0,0,0,0,0,0,0,0,0,0,0,0,0,0,0
0,0,0,0,0,0,0,0,0,0,0,0,0,0,0,0,0,0,0,0,0,0,0,0,0,0,0,0,0,0,0,0,0,0,0,0,0,0,0,0,0,0,0,0,0,0,0,0,0,0,0,0,0,0,0,0,0,0,0,0,0,0,0,0,0,0,0,0,0,0,0,77,160,310,555,1264,3479,5527,9598,16432,25934,39644,60300,89271,120475,164620,190598,248060,281853,310905,329581,7011648,3979352,331849,309624,271124,230465,185477,150514,121654,82764,55589,36480,22708,14850,8615,4149,2884,1478,927,229,231,78,0,0,77,0,0,0,0,0,0,0,0,0,0,0,0
0,0,0,0,0,0,0,0,0,0,0,0,0,0,0,0,0,0,0,0,0,0,0,0,0,0,0,0,0,0,0,0,0,0,0,0,0,0,0,0,0,0,0,0,0,0,0,0,0,0,0,0,0,0,0,0,0,0,0,0,0,0,0,0,0,0,0,0,0,79,79,78,160,158,707,1031,2200,2768,5473,10625,14954,26749,42700,61769,87550,124518,151901,194834,240461,274554,313938,335892,6119911,4858816,337759,314978,273953,237103,197449,151609,118558,78335,59729,37764,23059,15885,8365,5209,2716,1550,853,464,78,78,0,76,76,0,0,0,0,0,0,0,0,0,0,0
0,0,0,0,0,0,0,0,0,0,0,0,0,0,0,0,0,0,0,0,0,0,0,0,0,0,0,0,0,0,0,0,0,0,0,0,0,0,0,0,0,0,0,0,0,0,0,0,0,0,0,0,0,0,0,0,0,0,0,0,0,0,0,0,0,0,0,0,0,0,0,0,0,0,552,552,792,1658,4348,5136,9181,15052,26603,40559,64839,80257,114726,147631,193041,234625,277763,315215,342201,5265306,5782193,335653,312312,277270,246488,191452,159477,117528,84466,58784,35592,25267,17755,8945,5497,4102,1088,390,540,234,0,156,0,0,0,0,0,0,0,0,0,0,0,0
0,0,0,0,0,0,0,0,0,0,0,0,0,0,0,0,0,0,0,0,0,0,0,0,0,0,0,0,0,0,0,0,0,0,0,0,0,0,0,0,0,0,0,0,0,0,0,0,0,0,0,0,0,0,0,0,0,0,0,0,0,0,0,0,0,0,0,0,0,0,0,0,0,0,80,240,160,866,1264,3241,5300,9286,15824,22777,33270,56297,81890,111861,148978,187840,222622,272055,310342,327970,4422731,6700750,343203,309008,276196,246229,206837,152297,116396,82693,62233,40365,24639,16594,10075,5653,3487,1781,542,462,155,76,76,78,0,0,0,0,0,0,0,0,0,0
0,0,0,0,0,0,0,0,0,0,0,0,0,0,0,0,0,0,0,0,0,0,0,0,0,0,0,0,0,0,0,0,0,0,0,0,0,0,0,0,0,0,0,0,0,0,0,0,0,0,0,0,0,0,0,0,0,0,0,0,0,0,0,0,0,0,0,0,0,0,0,0,0,0,0,0,0,0,556,951,2845,5957,7843,13990,24643,35545,51459,77296,109655,143731,177044,222868,267207,313307,328257,3519420,7570199,339525,311244,282521,251689,199282,159951,123928,90111,64305,44061,25856,19061,9825,5878,4031,2327,856,309,76,0,0,0,0,0,0,0,0,0,0,0,0
0,0,0,0,0,0,0,0,0,0,0,0,0,0,0,0,0,0,0,0,0,0,0,0,0,0,0,0,0,0,0,0,0,0,0,0,0,0,0,0,0,0,0,0,0,0,0,0,0,0,0,0,0,0,0,0,0,0,0,0,0,0,0,0,0,0,0,0,0,0,0,0,0,0,0,0,0,0,631,397,1424,2375,3015,7830,14822,24631,33571,49670,77774,103527,132427,186549,221187,262453,308046,333026,2612540,8497577,349827,330277,289673,252162,207479,166850,122886,88217,65132,40776,29373,18698,10621,6597,3626,1473,1082,692,311,78,151,0,0,0,0,0,0,0,0,0
0,0,0,0,0,0,0,0,0,0,0,0,0,0,0,0,0,0,0,0,0,0,0,0,0,0,0,0,0,0,0,0,0,0,0,0,0,0,0,0,0,0,0,0,0,0,0,0,0,0,0,0,0,0,0,0,0,0,0,0,0,0,0,0,0,0,0,0,0,0,0,0,0,0,0,0,159,0,76,159,464,1338,2294,3796,7231,13286,22024,33487,51364,71179,99694,135829,176658,216504,260365,296312,329093,1772844,9439121,345170,329088,286564,252921,211080,168826,131127,96339,66425,45853,28673,19069,10388,7275,3176,2244,768,618,230,233,156,0,76,77,0,0,0,0,0
0,0,0,0,0,0,0,0,0,0,0,0,0,0,0,0,0,0,0,0,0,0,0,0,0,0,0,0,0,0,0,0,0,0,0,0,0,0,0,0,0,0,0,0,0,0,0,0,0,0,0,0,0,0,0,0,0,0,0,0,0,0,0,0,0,0,0,0,0,0,0,0,0,0,0,0,0,0,0,79,79,788,1187,2612,3965,7520,12740,21247,31071,49140,70647,100238,131296,179914,212261,259249,303073,330090,851961,10017991,750046,325384,289469,242773,209956,167937,132414,96634,68725,47562,31363,21301,10605,6583,3704,2165,927,696,78,78,154,0,0,0,0,0,0,0
0,0,0,0,0,0,0,0,0,0,0,0,0,0,0,0,0,0,0,0,0,0,0,0,0,0,0,0,0,0,0,0,0,0,0,0,0,0,0,0,0,0,0,0,0,0,0,0,0,0,0,0,0,0,0,0,0,0,0,0,0,0,0,0,0,0,0,0,0,0,0,0,0,0,0,0,0,0,0,0,234,552,157,546,2293,4048,7207,11868,22110,29342,46011,68493,96357,124884,168641,208887,250223,300055,330029,342551,9675019,1656161,320646,297410,260440,218547,174606,129698,104457,67069,47973,30439,20967,12535,7323,4175,2236,1309,541,468,154,78,0,0,0,0,0,0
0,0,0,0,0,0,0,0,0,0,0,0,0,0,0,0,0,0,0,0,0,0,0,0,0,0,0,0,0,0,0,0,0,0,0,0,0,0,0,0,0,0,0,0,0,0,0,0,0,0,0,0,0,0,0,0,0,0,0,0,0,0,0,0,0,0,0,0,0,0,0,0,0,0,0,0,0,0,0,80,79,236,398,634,1431,2293,3713,6583,12241,18445,27183,45224,67308,92842,129833,163810,217423,257933,288098,330221,350660,8529320,2490865,324603,295991,261208,216586,185171,135330,97016,72101,51007,33172,19745,12951,8847,4173,2081,2012,304,692,234,75,77,0,0,0,0
0,0,0,0,0,0,0,0,0,0,0,0,0,0,0,0,0,0,0,0,0,0,0,0,0,0,0,0,0,0,0,0,0,0,0,0,0,0,0,0,0,0,0,0,0,0,0,0,0,0,0,0,0,0,0,0,0,0,0,0,0,0,0,0,0,0,0,0,0,0,0,0,0,0,0,0,0,0,0,0,0,0,74,395,558,870,2145,2613,7295,9771,18116,28265,42656,67017,90215,126368,158601,203691,240927,280052,328456,334111,7612750,3402284,336440,296862,262617,222529,179520,140369,102934,77427,52795,35276,22447,14727,6712,5716,3400,1391,775,308,0,78,0,0,0,0
0,0,0,0,0,0,0,0,0,0,0,0,0,0,0,0,0,0,0,0,0,0,0,0,0,0,0,0,0,0,0,0,0,0,0,0,0,0,0,0,0,0,0,0,0,0,0,0,0,0,0,0,0,0,0,0,0,0,0,0,0,0,0,0,0,0,0,0,0,0,0,0,0,0,0,0,0,0,0,0,80,80,0,78,0,714,318,2459,3880,5477,10165,16203,30279,38600,65777,85166,119648,156367,199795,239432,284963,318150,339923,6633745,4233674,328853,301100,275018,214736,182464,142987,107400,73797,53492,37931,23793,15341,8331,5417,2303,1232,463,78,77,0,0,0,0
0,0,0,0,0,0,0,0,0,0,0,0,0,0,0,0,0,0,0,0,0,0,0,0,0,0,0,0,0,0,0,0,0,0,0,0,0,0,0,0,0,0,0,0,0,0,0,0,0,0,0,0,0,0,0,0,0,0,0,0,0,0,0,0,0,0,0,0,0,0,0,0,0,0,0,0,0,0,0,0,0,0,80,160,0,160,394,948,1430,2542,5088,9138,18053,25844,38915,57035,86667,116677,159939,202678,246078,281380,312081,340380,5753680,5079658,315081,304679,268801,228149,178207,145981,111936,79029,61116,41236,25511,16240,9561,4940,2550,1932,1309,74,154,0,0,0
0,0,0,0,0,0,0,0,0,0,0,0,0,0,0,0,0,0,0,0,0,0,0,0,0,0,0,0,0,0,0,0,0,0,0,0,0,0,0,0,0,0,0,0,0,0,0,0,0,0,0,0,0,0,0,0,0,0,0,0,0,0,0,0,0,0,0,0,0,0,0,0,0,0,0,0,0,0,0,0,0,0,0,79,0,79,80,875,713,1664,2690,5018,9213,15877,25661,40819,61560,82163,117031,153408,190547,235497,282853,311873,322351,4881690,5948889,325724,302708,272954,228362,200048,150542,117108,80412,57965,39122,25901,14900,11444,5869,3158,852,619,540,0,0,0
0,0,0,0,0,0,0,0,0,0,0,0,0,0,0,0,0,0,0,0,0,0,0,0,0,0,0,0,0,0,0,0,0,0,0,0,0,0,0,0,0,0,0,0,0,0,0,0,0,0,0,0,0,0,0,0,0,0,0,0,0,0,0,0,0,0,0,0,0,0,0,0,0,0,0,0,0,0,0,0,0,0,0,0,0,80,160,397,719,637,795,3260,6427,9437,13513,21571,37915,58361,83184,113991,153667,194881,227390,257860,307094,327174,3991637,6808000,326712,297590,269063,233699,194276,154015,116113,90003,58306,40009,26486,16354,9629,6181,3386,1394,461,0,0,0
0,0,0,0,0,0,0,0,0,0,0,0,0,0,0,0,0,0,0,0,0,0,0,0,0,0,0,0,0,0,0,0,0,0,0,0,0,0,0,0,0,0,0,0,0,0,0,0,0,0,0,0,0,0,0,0,0,0,0,0,0,0,0,0,0,0,0,0,0,0,0,0,0,0,0,0,0,0,0,0,0,0,0,0,0,0,80,0,0,394,560,1035,2138,5249,8373,16274,21586,35159,54969,81771,109712,143988,186297,224380,263751,302046,319513,3114754,7612439,331264,313670,270159,237923,195436,159009,117803,88194,60129,40496,28189,16589,10874,5176,3456,1551,0,0,0
0,0,0,0,0,0,0,0,0,0,0,0,0,0,0,0,0,0,0,0,0,0,0,0,0,0,0,0,0,0,0,0,0,0,0,0,0,0,0,0,0,0,0,0,0,0,0,0,0,0,0,0,0,0,0,0,0,0,0,0,0,0,0,0,0,0,0,0,0,0,0,0,0,0,0,0,0,0,0,0,0,0,0,0,0,0,80,80,320,239,476,794,1750,2857,4963,8097,14531,21185,36032,54799,73605,103583,141115,177636,219831,258752,290638,316898,2226519,8473229,328782,322536,277135,248866,198999,164514,122746,93082,62847,46148,28617,18805,10731,7025,3847,466,0,0
0,0,0,0,0,0,0,0,0,0,0,0,0,0,0,0,0,0,0,0,0,0,0,0,0,0,0,0,0,0,0,0,0,0,0,0,0,0,0,0,0,0,0,0,0,0,0,0,0,0,0,0,0,0,0,0,0,0,0,0,0,0,0,0,0,0,0,0,0,0,0,0,0,0,0,0,0,0,0,0,0,0,0,0,0,0,0,0,78,80,317,397,480,1269,2397,4413,8017,13754,21501,33828,54258,72949,99644,132166,176254,214373,252946,288264,310493,1388759,9328674,335705,309756,280261,249411,209549,168897,122448,99694,69006,44705,31095,20525,11479,6621,1310,0,0
0,0,0,0,0,0,0,0,0,0,0,0,0,0,0,0,0,0,0,0,0,0,0,0,0,0,0,0,0,0,0,0,0,0,0,0,0,0,0,0,0,0,0,0,0,0,0,0,0,0,0,0,0,0,0,0,0,0,0,0,0,0,0,0,0,0,0,0,0,0,0,0,0,0,0,0,0,0,0,0,0,0,0,0,0,0,0,0,0,158,78,237,238,634,883,1682,3858,5967,11199,20369,29896,49360,72451,100314,126493,166540,211764,243546,282386,317097,538873,9550788,994384,316119,290550,252370,207845,163310,136190,95239,73179,44134,31794,18765,11656,3644,0,0
0,0,0,0,0,0,0,0,0,0,0,0,0,0,0,0,0,0,0,0,0,0,0,0,0,0,0,0,0,0,0,0,0,0,0,0,0,0,0,0,0,0,0,0,0,0,0,0,0,0,0,0,0,0,0,0,0,0,0,0,0,0,0,0,0,0,0,0,0,0,0,0,0,0,0,0,0,0,0,0,0,0,0,0,0,0,0,0,0,0,0,0,160,236,0,967,2006,3467,7680,12277,15982,31685,44399,65478,91310,136542,169872,194937,239836,276811,311181,335390,8876957,1854886,326588,278442,243871,211266,173306,135726,98561,70944,49595,34413,19744,9715,0,0
0,0,0,0,0,0,0,0,0,0,0,0,0,0,0,0,0,0,0,0,0,0,0,0,0,0,0,0,0,0,0,0,0,0,0,0,0,0,0,0,0,0,0,0,0,0,0,0,0,0,0,0,0,0,0,0,0,0,0,0,0,0,0,0,0,0,0,0,0,0,0,0,0,0,0,0,0,0,0,0,0,0,0,0,0,0,0,0,0,0,0,80,0,0,81,1039,796,2322,3405,6583,12698,18448,27913,44769,66184,91085,119852,159415,197149,246014,276656,308487,329795,7988361,2741215,325320,286445,254410,226709,177617,137764,103252,72390,54474,35387,18755,0,0
0,0,0,0,0,0,0,0,0,0,0,0,0,0,0,0,0,0,0,0,0,0,0,0,0,0,0,0,0,0,0,0,0,0,0,0,0,0,0,0,0,0,0,0,0,0,0,0,0,0,0,0,0,0,0,0,0,0,0,0,0,0,0,0,0,0,0,0,0,0,0,0,0,0,0,0,0,0,0,0,0,0,0,0,0,0,0,0,0,0,0,0,0,0,241,161,563,1289,2101,3569,5820,12565,17920,30652,44376,62883,91515,116001,154590,191334,238797,275406,308355,317120,7106457,3587425,316502,289228,246712,215597,176054,140385,106920,71908,55977,32784,233,0
0,0,0,0,0,0,0,0,0,0,0,0,0,0,0,0,0,0,0,0,0,0,0,0,0,0,0,0,0,0,0,0,0,0,0,0,0,0,0,0,0,0,0,0,0,0,0,0,0,0,0,0,0,0,0,0,0,0,0,0,0,0,0,0,0,0,0,0,0,0,0,0,0,0,0,0,0,0,0,0,0,0,0,0,0,0,0,0,0,0,0,0,0,0,0,0,161,403,734,891,2959,6233,12175,17203,26670,38800,61612,83313,114863,150906,188032,227331,282113,302266,328210,6233635,4424271,323655,301730,268928,223928,187337,139110,109603,75438,50646,5558,0
0,0,0,0,0,0,0,0,0,0,0,0,0,0,0,0,0,0,0,0,0,0,0,0,0,0,0,0,0,0,0,0,0,0,0,0,0,0,0,0,0,0,0,0,0,0,0,0,0,0,0,0,0,0,0,0,0,0,0,0,0,0,0,0,0,0,0,0,0,0,0,0,0,0,0,0,0,0,0,0,0,0,0,0,0,0,0,0,0,0,0,0,0,80,0,80,159,80,408,892,1972,2244,5556,9406,17879,25862,38592,55370,84915,113284,140454,189557,228906,263904,310560,318761,5397887,5305309,325588,303794,267575,228767,189794,144037,111548,81531,22274,0
0,0,0,0,0,0,0,0,0,0,0,0,0,0,0,0,0,0,0,0,0,0,0,0,0,0,0,0,0,0,0,0,0,0,0,0,0,0,0,0,0,0,0,0,0,0,0,0,0,0,0,0,0,0,0,0,0,0,0,0,0,0,0,0,0,0,0,0,0,0,0,0,0,0,0,0,0,0,0,0,0,0,0,0,0,0,0,0,0,0,0,0,0,0,0,0,0,0,0,236,413,1765,2369,4946,10018,15308,24280,36176,55786,77368,112932,143131,179721,224605,265692,292831,321210,4543019,6132308,325917,307680,267528,226208,195981,148027,115409,43911,0
0,0,0,0,0,0,0,0,0,0,0,0,0,0,0,0,0,0,0,0,0,0,0,0,0,0,0,0,0,0,0,0,0,0,0,0,0,0,0,0,0,0,0,0,0,0,0,0,0,0,0,0,0,0,0,0,0,0,0,0,0,0,0,0,0,0,0,0,0,0,0,0,0,0,0,0,0,0,0,0,0,0,0,0,0,0,0,0,0,0,0,0,0,0,0,0,0,0,82,236,82,481,1815,2589,4780,8500,12642,23908,35636,53713,74644,106434,148026,177754,221856,260118,295959,320327,3641293,7005855,328424,310117,272037,228559,192880,155424,80303,0
0,0,0,0,0,0,0,0,0,0,0,0,0,0,0,0,0,0,0,0,0,0,0,0,0,0,0,0,0,0,0,0,0,0,0,0,0,0,0,0,0,0,0,0,0,0,0,0,0,0,0,0,0,0,0,0,0,0,0,0,0,0,0,0,0,0,0,0,0,0,0,0,0,0,0,0,0,0,0,0,0,0,0,0,0,0,0,0,0,0,0,0,0,0,0,0,0,0,0,0,249,398,549,1504,2822,5237,7961,13334,23139,37959,51950,73153,100514,138245,170372,213844,261422,287192,317417,2823133,7795863,328528,310902,277842,244042,202064,136656,0
0,0,0,0,0,0,0,0,0,0,0,0,0,0,0,0,0,0,0,0,0,0,0,0,0,0,0,0,0,0,0,0,0,0,0,0,0,0,0,0,0,0,0,0,0,0,0,0,0,0,0,0,0,0,0,0,0,0,0,0,0,0,0,0,0,0,0,0,0,0,0,0,0,0,0,0,0,0,0,0,0,0,0,0,0,0,0,0,0,0,0,0,0,0,0,0,0,0,0,0,82,82,318,551,1551,2261,4916,6985,14101,20138,30900,52326,66828,97211,133362,170138,207811,249621,285099,313615,1948427,8681457,334166,309734,284409,248185,194435,1530
0,0,0,0,0,0,0,0,0,0,0,0,0,0,0,0,0,0,0,0,0,0,0,0,0,0,0,0,0,0,0,0,0,0,0,0,0,0,0,0,0,0,0,0,0,0,0,0,0,0,0,0,0,0,0,0,0,0,0,0,0,0,0,0,0,0,0,0,0,0,0,0,0,0,0,0,0,0,0,0,0,0,0,0,0,0,0,0,0,0,0,0,0,0,0,0,0,0,0,80,0,80,78,154,1010,1242,2886,3485,7254,10715,22307,31597,51805,67767,95401,130249,168482,203692,250669,284240,312296,1093239,9461934,417732,317252,284662,239081,33229
0,0,0,0,0,0,0,0,0,0,0,0,0,0,0,0,0,0,0,0,0,0,0,0,0,0,0,0,0,0,0,0,0,0,0,0,0,0,0,0,0,0,0,0,0,0,0,0,0,0,0,0,0,0,0,0,0,0,0,0,0,0,0,0,0,0,0,0,0,0,0,0,0,0,0,0,0,0,0,0,0,0,0,0,0,0,0,0,0,0,0,0,0,0,0,0,0,0,0,0,0,0,78,80,391,546,1170,2244,4333,6888,11239,19837,29394,47443,63406,94111,126219,158988,201329,247391,281008,305348,330666,9422233,1265864,317017,285819,80955
0,0,0,0,0,0,0,0,0,0,0,0,0,0,0,0,0,0,0,0,0,0,0,0,0,0,0,0,0,0,0,0,0,0,0,0,0,0,0,0,0,0,0,0,0,0,0,0,0,0,0,0,0,0,0,0,0,0,0,0,0,0,0,0,0,0,0,0,0,0,0,0,0,0,0,0,0,0,0,0,0,0,0,0,0,0,0,0,0,0,0,0,0,0,0,0,0,0,0,0,0,0,0,0,80,387,463,1242,2391,3774,8098,10982,15833,32096,43190,65270,86589,123826,156473,197304,233119,279973,310691,335793,8523367,2141810,325922,146231
0,0,0,0,0,0,0,0,0,0,0,0,0,0,0,0,0,0,0,0,0,0,0,0,0,0,0,0,0,0,0,0,0,0,0,0,0,0,0,0,0,0,0,0,0,0,0,0,0,0,0,0,0,0,0,0,0,0,0,0,0,0,0,0,0,0,0,0,0,0,0,0,0,0,0,0,0,0,0,0,0,0,0,0,0,0,0,0,0,0,0,0,0,0,0,0,0,0,0,0,0,0,156,0,0,79,236,468,1704,2237,3239,5166,11130,17792,28057,43626,61704,92231,113690,152297,202934,233951,279788,310664,321852,7642616,2952245,205261
0,0,0,0,0,0,0,0,0,0,0,0,0,0,0,0,0,0,0,0,0,0,0,0,0,0,0,0,0,0,0,0,0,0,0,0,0,0,0,0,0,0,0,0,0,0,0,0,0,0,0,0,0,0,0,0,0,0,0,0,0,0,0,0,0,0,0,0,0,0,0,0,0,0,0,0,0,0,0,0,0,0,0,0,0,0,0,0,0,0,0,0,0,0,0,0,0,0,0,0,0,0,0,0,0,0,78,311,387,1152,2137,3405,6565,9407,18179,28223,38139,61831,87270,111836,158579,196333,231625,271784,290284,335024,6794849,3768979
0,0,0,0,0,0,0,0,0,0,0,0,0,0,0,0,0,0,0,0,0,0,0,0,0,0,0,0,0,0,0,0,0,0,0,0,0,0,0,0,0,0,0,0,0,0,0,0,0,0,0,0,0,0,0,0,0,0,0,0,0,0,0,0,0,0,0,0,0,0,0,0,0,0,0,0,0,0,0,0,0,0,0,0,0,0,0,0,0,0,0,0,0,0,0,0,0,0,0,0,0,0,0,0,0,0,0,154,232,615,771,1770,2088,5568,8934,15847,27068,40056,57573,84274,115660,159312,191837,226804,270654,301554,324451,5795216
0,0,0,0,0,0,0,0,0,0,0,0,0,0,0,0,0,0,0,0,0,0,0,0,0,0,0,0,0,0,0,0,0,0,0,0,0,0,0,0,0,0,0,0,0,0,0,0,0,0,0,0,0,0,0,0,0,0,0,0,0,0,0,0,0,0,0,0,0,0,0,0,0,0,0,0,0,0,0,0,0,0,0,0,0,0,0,0,0,0,0,0,0,0,0,0,0,0,0,0,0,0,0,0,0,0,0,76,0,234,385,1159,1233,2704,5392,9917,16912,25617,38224,55521,81363,112411,144857,180587,220577,170663,59216,0
0,0,0,0,0,0,0,0,0,0,0,0,0,0,0,0,0,0,0,0,0,0,0,0,0,0,0,0,0,0,0,0,0,0,0,0,0,0,0,0,0,0,0,0,0,0,0,0,0,0,0,0,0,0,0,0,0,0,0,0,0,0,0,0,0,0,0,0,0,0,0,0,0,0,0,0,0,0,0,0,0,0,0,0,0,0,0,0,0,0,0,0,0,0,0,0,0,0,0,0,0,0,0,0,0,0,0,0,0,0,232,303,772,1548,2297,5164,8766,14744,22735,36506,56323,80606,96583,67463,15003,0,0,0
0,0,0,0,0,0,0,0,0,0,0,0,0,0,0,0,0,0,0,0,0,0,0,0,0,0,0,0,0,0,0,0,0,0,0,0,0,0,0,0,0,0,0,0,0,0,0,0,0,0,0,0,0,0,0,0,0,0,0,0,0,0,0,0,0,0,0,0,0,0,0,0,0,0,0,0,0,0,0,0,0,0,0,0,0,0,0,0,0,0,0,0,0,0,0,0,0,0,0,0,0,0,0,0,0,0,0,0,76,76,78,154,78,466,1615,2460,4757,7992,14881,21742,26741,17713,1768,0,0,0,0,0
0,0,0,0,0,0,0,0,0,0,0,0,0,0,0,0,0,0,0,0,0,0,0,0,0,0,0,0,0,0,0,0,0,0,0,0,0,0,0,0,0,0,0,0,0,0,0,0,0,0,0,0,0,0,0,0,0,0,0,0,0,0,0,0,0,0,0,0,0,0,0,0,0,0,0,0,0,0,0,0,0,0,0,0,0,0,0,0,0,0,0,0,0,0,0,0,0,0,0,0,0,0,0,0,0,0,0,0,0,0,0,155,310,388,687,1778,2228,3843,5534,2472,0,0,0,0,0,0,0,0
0,0,0,0,0,0,0,0,0,0,0,0,0,0,0,0,0,0,0,0,0,0,0,0,0,0,0,0,0,0,0,0,0,0,0,0,0,0,0,0,0,0,0,0,0,0,0,0,0,0,0,0,0,0,0,0,0,0,0,0,0,0,0,0,0,0,0,0,0,0,0,0,0,0,0,0,0,0,0,0,0,0,0,0,0,0,0,0,0,0,0,0,0,0,0,0,0,0,0,0,0,0,0,0,0,0,0,0,0,0,0,156,0,0,228,311,767,231,0,0,0,0,0,0,0,0,0,0
