317406,785444,166916,184021,208883,268916,89251,11492,17477,7868,3595,8577,11631,135530,50566,32042,16618,7810,10917,12963,13915,36288,48574,23486,21221,52877,20126,12744,92189,206554,109474,113747,522151,115993,11684,40648,22021,60241,58813,67152,347043,642582,367720,222973,530502,156515,36804,23073,62089,132929,90339,157738,115251,52183,14572,4443,13045,7323,111356,204017,40329,79465,4982,1585,1861,2146,4760,2179,606,2299,8095,4834,9400,11645,4110,1365,2546,1106,3139,980,29160,102240,52498,3640,4320,18539,48122,106489,105610,2075,6556,3874,20436,17270,6089,9916,3529,59064,71497,496750,148787,174674,231596,214756,208056,105867,3318,47173,71689,41665,52740,14690,64205,31836,38179,48297,74192,205451,607366,345467,183785,262525,35664,136011,36244,119135,45041,248211
287855,189035,171948,219781,424823,347435,78336,19244,9836,2926,7147,5275,5285,39690,32228,23277,4461,569,3230,1874,643,5356,4452,12244,22293,43516,11657,6560,110121,60596,39359,210807,152625,37799,21221,38547,32214,89947,191939,335605,108712,113665,68356,24510,87497,53499,8840,21354,39080,69020,130845,66662,65856,50151,12598,2084,11036,8693,15436,69365,118189,65322,3769,1528,3257,4836,11202,2372,796,237,3661,2386,3309,7231,5960,1118,1029,2771,2147,2302,3970,21562,18668,4353,2836,3567,26419,19910,21560,3248,20753,7384,31571,32930,20278,25530,15435,28114,105533,471699,190365,129359,179408,77286,128391,166640,76476,32420,52471,71945,60066,45496,27142,8890,34602,49935,58173,71408,270157,181069,117981,200071,29447,41082,8349,58135,29589,99591
169005,196448,260609,528391,293080,204228,108167,1070,4313,2506,2266,7700,9082,63011,32283,6148,970,324,633,1207,1050,5909,12012,19913,13899,24449,10806,4439,16561,20347,24626,45044,55588,33149,46078,37645,18648,16001,3899,12325,23824,23126,22889,14128,60447,39155,25038,9995,18181,12995,28622,138168,51458,9053,9451,6602,12878,3365,19985,26868,10983,27759,2556,2729,1026,1745,16218,8138,1265,1506,2359,3938,7722,14236,6327,4583,1818,2131,2996,2362,3861,8681,42971,6409,6159,10127,25507,7107,19143,7579,20309,4660,31888,9383,4432,28491,40277,54861,51571,180541,9394,15877,16052,42376,48971,53377,2699,6857,17757,28329,5349,8933,21233,15455,30573,152882,125259,70014,192200,311551,105346,71893,127102,20611,10251,30289,27524,17783
35626,33426,14871,30716,5882,2029,4244,3524,4383,3312,643,3558,8008,9860,35141,23325,405,649,1601,4849,6520,10825,2654,2257,4357,14201,8220,3065,32754,106188,40529,48258,59788,48474,24354,8391,6739,19400,8729,6731,10972,10158,9489,23553,8109,9435,13658,6958,5113,13939,49351,157944,63634,10061,3265,4004,18984,6556,16516,2971,1370,18511,7898,2967,1741,4660,1265,2294,1977,317,1584,2453,6620,7488,6793,2295,8212,2610,3569,2610,4806,14990,29881,10835,3307,6724,11381,81340,59475,13386,8286,2292,18581,25173,16199,14717,12231,51659,91793,167507,89810,45326,86720,28282,103590,112052,3808,2132,6813,13233,2597,6693,34267,40662,40563,27321,82951,200525,55792,11696,8464,34078,98589,56566,19849,91265,38526,44091
37719,27844,11714,18061,9931,7937,5103,7472,8415,3839,6006,7074,1839,34184,44117,63984,477,959,1188,16248,5457,5976,4243,3170,2316,6821,9468,12568,22995,30861,26961,14476,58581,61766,31039,27312,12366,7220,8011,36256,21472,9540,5254,32482,27983,23675,52870,6328,10627,18746,58323,121285,48506,31814,33573,6446,9887,18829,39015,7282,2141,4678,3724,3495,6514,7643,1644,1173,78,0,545,311,4693,5550,6335,3499,314,1242,1094,8156,15328,21234,48669,3438,4140,3987,542,27856,73160,23564,2424,2435,26489,46724,39453,38477,14001,48911,29890,92009,81544,8049,19883,34413,12346,14088,12510,6259,8766,11510,22611,26754,73179,63108,9222,26853,349737,380201,131473,35203,14999,18946,17433,63463,12599,24687,52050,80391
26978,10594,6866,7269,15146,33652,27831,4292,9388,1603,2966,3284,4324,11063,13266,13146,16878,44981,4716,20953,29970,14283,6578,13846,959,557,8524,6723,9190,2959,3842,17584,14785,21169,44590,51707,136747,45261,28637,92136,53827,53462,25366,22819,15626,20832,9322,12359,24171,34966,57746,679757,173649,26485,65600,18586,1753,23089,47242,6386,1586,4191,474,1972,7269,10698,781,936,233,157,2270,1101,2810,468,1322,1717,235,863,710,5770,8144,15273,21615,5700,780,1491,1100,74131,83858,28450,12673,5239,36099,30472,18614,64356,57120,49391,101942,68501,22754,10316,2275,11933,17176,8865,9061,3118,4615,13589,8905,26975,31482,64039,31686,14222,162705,344681,125681,21652,52922,180967,30018,24964,12796,28619,25159,44864
47725,25342,3587,1634,7039,31791,17740,2194,3700,2890,5296,19437,4318,9539,1270,8832,16992,44175,7101,22186,5980,958,1673,1278,3286,400,2133,4251,2563,3441,11724,25539,30717,61476,182618,143250,328125,161654,18557,8068,32336,89590,28574,16590,41464,24061,13694,24653,33326,68090,191313,380341,64181,101281,128520,50982,75533,111047,214886,3484,1821,4985,2772,3962,3298,939,1569,942,549,785,2582,2198,3673,550,469,462,79,779,1098,3764,1242,13984,33812,16280,8070,8859,4079,49095,106425,38630,11267,21111,45992,68965,22811,240481,166217,88002,327446,56035,6188,3142,2814,9069,45851,76399,13900,2109,14167,39640,9015,18302,16248,15974,8700,3762,32286,189113,289504,54773,215080,295597,79316,37066,5867,16585,4450,1958
187519,27712,6086,24405,18901,32184,73685,34972,21159,21966,71327,88084,88926,32108,6494,11607,7686,11041,3982,8219,1927,2169,3591,2646,7669,16995,16867,5674,10634,18296,21284,17502,78096,118138,410819,54844,176983,121781,14893,11945,18615,146500,203648,58182,181133,79714,33540,33517,47075,43967,95811,93411,65900,78861,6655,25727,102364,56573,65706,27010,27065,5397,7714,5765,5785,1646,10196,1013,2194,3806,10460,8920,3265,4296,3748,847,313,392,314,2506,5079,47214,45743,9369,33148,36758,79125,34880,226163,100552,272654,70824,51966,73447,163712,292551,51603,120051,79465,133555,42166,13356,3833,17384,93338,91731,9461,7593,8832,9360,5312,11952,22373,12210,5094,310,47434,100602,378885,69320,28239,318808,251935,172599,123808,57127,187585,120727
142520,24301,8007,16097,11855,29705,34352,55405,25624,20404,9686,32084,98930,9061,43621,18966,1189,2225,2445,2469,636,1030,4502,5152,5294,22033,19471,5773,105674,196245,439689,380721,605380,708110,290920,166930,92748,384049,411547,27866,52928,209242,60074,161813,268196,168384,10039,27329,20472,6118,65436,203502,57625,74016,44575,52550,122194,60422,74148,10170,5805,10118,387,397,78,78,156,1003,854,544,854,2787,4570,4181,1926,9134,2793,8372,3564,7979,17086,72353,127899,42198,78107,21261,40149,14737,118194,128999,202824,43201,22016,16140,57933,394827,31688,144483,137588,197463,58859,69919,13330,15683,26050,61675,5043,9691,4107,8997,30608,10457,27303,33462,10134,62122,84541,78231,223822,103565,23656,335913,250603,624099,203877,43963,202889,276166
42137,21461,13914,22977,15226,10756,8674,26463,36361,6035,2926,16605,66694,46700,23656,40273,17783,6715,18626,6882,6736,5907,4051,20078,15654,21328,8143,7179,77191,90851,341394,541385,432861,383231,228417,153949,56870,436730,77903,10454,1575,34626,25248,73595,48153,56350,7059,15009,13618,6983,139602,270479,48699,52297,153894,60181,222243,330257,218866,7834,10349,20308,471,236,233,0,78,2093,1007,383,620,6441,30129,5900,3867,5101,9068,5890,5798,7425,19821,67126,24112,12705,13480,22984,22160,5185,78465,85332,99862,11988,2407,2015,6029,16502,4416,18826,41497,21242,2785,7271,27732,9135,849,2171,1474,1393,312,2551,18918,6906,5734,20871,26118,27641,8527,10077,456082,162053,44327,167162,187165,613799,156674,112404,149653,289830
145882,63357,71033,90335,223390,246894,107516,30509,16212,6350,18311,38352,52965,20397,10146,39750,19656,12406,13550,6404,1581,551,2459,5386,13375,4280,3793,3402,46588,267618,111921,18149,13763,39702,117703,728422,452214,238962,58166,10197,7676,12088,7452,137116,643861,118221,23967,15934,7852,2978,97748,385626,10350,1496,24886,20501,18426,210829,129487,4229,5728,31546,79,316,78,0,78,1162,769,1695,1241,4327,6946,5546,7728,2559,1315,2552,3802,1239,1315,24912,11769,21383,34654,23560,17520,12766,63592,96553,87672,8506,2169,2636,19605,26600,13941,31224,36939,19062,10540,25888,16590,4812,4960,3102,2407,1935,1549,4419,7752,3254,2942,542,3097,17362,10685,18827,257226,182059,130471,217743,156236,93227,25774,61699,13021,9134
80275,104103,47768,54714,227202,172490,185833,88247,17236,5084,32247,27593,54515,32592,27870,99532,52932,1810,3788,3553,1178,2537,2455,1738,5152,1653,869,4358,39292,167893,159461,5684,4625,50649,56701,68225,293901,297419,208973,11894,13355,34889,35967,255223,298449,682799,298482,162091,98175,26421,155465,288598,4226,1422,26227,47309,24759,27437,21580,3451,6899,13151,80,79,78,155,156,389,310,154,1011,5730,7597,2943,4266,619,4100,2709,1932,622,1163,2160,2940,4962,1243,9896,4335,16757,30377,20295,9125,3718,4801,15200,30353,31065,53047,27965,134897,10453,5342,9065,17046,4719,3026,1857,2090,1705,3017,4169,2788,1322,2091,1081,776,7282,8978,21539,24466,37957,52707,24192,87420,22046,70085,114130,55290,48197
36151,26618,6159,14415,11786,29178,101694,77114,25327,21540,7481,15084,2775,4920,65640,84989,93957,3484,5620,2921,398,1266,3318,2931,4431,3638,3244,12271,35049,66455,28493,10531,13660,49839,53037,261716,249717,215873,98252,21503,5426,62279,32619,194177,261009,1706273,1334934,587932,143416,119106,216115,293951,22951,25258,27615,24438,22852,18135,7607,1804,3362,6848,1414,784,233,389,234,1010,1471,1009,855,1780,9894,10445,6345,5183,3094,2456,2319,311,1399,1159,697,2398,779,1771,9139,11756,6279,6976,545,1546,8070,7527,3954,17683,18210,28503,34315,7188,3638,6513,7896,4333,698,697,770,1848,3865,10467,9701,3401,3953,1389,540,5279,11849,9144,46329,104307,40375,140474,42862,7205,17607,22029,24890,71739
87882,80251,17343,36732,84187,125493,152405,57027,10162,24080,11513,26605,3084,6194,36152,100108,131930,3173,7913,3148,1025,4420,4266,4266,1504,7047,4992,12472,87660,69004,89419,21648,5120,6529,68453,243541,386345,137731,129286,31023,7914,11028,17748,11434,74684,60281,32009,517273,266151,227512,266563,658041,18943,26192,8953,3132,20337,25777,23921,1558,7443,7445,2109,1498,1397,697,388,2021,2473,1863,851,6667,5664,1864,544,2018,4955,6124,12004,3632,12766,4721,1476,851,310,3943,8688,12633,64456,7579,5557,2626,11940,11205,3418,15599,19074,13443,47768,2089,3932,3566,1162,1398,312,466,156,999,1852,4263,3246,7205,7427,2489,4645,6979,2868,1088,19565,30527,9229,59218,45349,26968,43372,14720,11143,21937
140813,65137,75212,66380,192020,41208,128950,84336,9989,35581,31241,24080,22378,21636,100745,43999,17834,2219,2293,4503,1976,13033,10983,1657,628,2063,6109,7111,75593,76296,41493,12543,15835,11150,96677,131426,162847,153664,65262,24388,11392,35246,24478,12697,61290,113643,84226,79813,288152,134918,101327,297346,15244,16329,5255,11007,16344,54284,91982,8206,8992,8273,2359,1884,1469,2860,540,4815,4340,1319,1772,11791,13467,12013,778,2866,1010,2941,20395,3870,3795,8577,3564,5734,6122,12016,10468,10527,18272,8833,31887,13306,7030,1702,2701,5264,23670,17198,16795,1789,1685,11698,2555,156,234,234,78,387,308,5359,4812,4961,3405,1393,4337,35287,21070,33280,42542,44391,26487,81376,33457,31617,35463,14915,9299,37950
236096,63303,6156,5353,55947,36039,64703,64436,10974,22726,13966,35617,18727,60162,168961,115387,51833,55918,45854,133606,28854,111278,85676,16910,19475,6729,16772,13382,126733,150259,55786,134512,326378,222888,186024,38639,19117,55984,17836,17839,7161,26543,17888,13446,70019,121351,60006,171614,180391,210854,76065,418608,27805,11967,7000,11397,17159,28690,94559,60263,36391,17588,7846,1884,1863,4734,2944,11923,2175,9683,6115,25716,29505,7596,618,1473,700,4650,14629,9311,7663,1937,3554,4173,8204,11613,18997,29135,11294,8837,8517,1705,1009,543,232,1784,6592,9050,4181,10062,3021,4720,1944,156,155,931,541,2169,1243,4729,5650,1076,1552,1089,2720,35720,29124,98897,45755,110630,84161,116573,44746,59671,118771,61669,10234,21696
188450,55211,29549,12582,83190,85948,97519,122870,15840,5146,5841,4594,6968,21507,63258,58334,20425,123823,56276,235680,22446,193658,139289,29561,68573,25887,54707,11900,351367,428063,26297,59943,137484,235728,195453,61623,636625,178748,59001,16878,15280,44876,39426,18749,82604,32476,204412,375282,369387,546898,501493,469233,6169,2271,2348,5161,13197,10240,14222,10217,7619,7581,5619,1869,10431,30985,43716,87372,128259,35279,59027,60532,42841,22224,7601,17828,23283,12574,7869,10421,30774,18896,23378,47746,13951,12826,8265,23302,13674,4091,5461,772,775,617,459,2847,7171,6309,15262,24399,21351,11190,2786,77,151,2007,1321,1623,1398,4613,4610,1699,616,695,2773,223173,39203,201804,68439,82472,38003,42296,32022,23493,28117,77355,8390,26774
319760,46575,37100,91412,72562,48300,312824,197261,50831,30942,14964,53725,26574,19289,42604,143532,76186,44116,37897,68767,168051,162291,192010,47976,32934,51568,189105,36361,228734,513396,132716,134297,101225,137380,157966,185346,242564,198063,48718,53221,88569,54107,84934,19933,99924,39511,66987,162232,229393,506752,646920,309738,396,621,78,701,628,230,1955,698,856,549,1403,2111,15419,16423,17907,47476,31990,57460,28779,37378,19898,12748,16283,11740,15360,10718,9698,18208,31223,25619,21183,24017,771,4844,22867,19375,7240,1314,616,78,308,310,541,4175,8650,2783,14250,13215,24388,23108,4999,1321,1159,3875,1932,2086,8116,5554,4616,539,463,1236,1701,86742,30502,29728,16738,30545,11655,386,772,7249,40462,43372,34760,12648
159177,78809,40270,300334,30080,52499,53625,127581,49968,29390,24746,45493,11245,6582,2923,1339,2448,11506,15921,2752,1029,22383,65380,41587,9298,57149,53796,128774,123090,86734,146791,237746,70368,67907,51741,21297,25080,65791,92603,111912,139466,9398,7486,13444,99541,27266,70868,917699,756963,528444,430707,305847,867,778,78,158,778,548,932,704,466,392,2728,7819,5179,6251,3247,12026,16681,3686,4465,28715,21817,7090,8532,11095,6028,3618,22289,41627,29493,9016,14631,9209,616,2709,46099,16124,8163,1002,3553,464,231,156,386,4320,9860,7966,22835,13489,12658,5928,2696,696,1155,1777,381,1762,5843,694,3397,2618,1385,1160,5331,143890,73091,244621,97030,26766,9961,849,923,14416,20671,80722,51629,32249
18020,115230,50537,186851,52828,47944,39851,94166,28755,17559,17085,2764,40504,47383,2385,634,1971,6050,8774,3066,6622,22288,53346,35499,19100,24548,80347,47618,112862,305704,140387,90325,27234,12187,94524,10784,13915,31210,45655,134009,138840,19483,15189,37038,174896,420814,650372,376805,1185920,1049876,178365,360159,155,392,79,158,628,314,707,77,76,0,4132,7045,2865,6582,3538,8485,3393,5558,4010,13949,10350,8098,11077,18729,17668,4846,21508,73787,79636,18932,11121,16174,19902,14940,104023,82274,13966,851,2687,300,77,227,232,5110,9559,7792,16955,14584,32379,6474,3547,463,1380,933,384,77,2533,1919,5008,2864,384,153,3319,152778,201221,168300,57090,35681,27154,5108,12495,23435,63429,12275,53530,70144
221287,68409,50510,559932,155068,88289,79559,33777,27941,1338,8600,6888,7514,16215,11076,2135,2286,18454,10099,19810,13900,39013,56799,13378,18821,4084,75447,126828,204846,320643,192434,198977,199427,111360,43848,24614,44309,703232,325894,239701,292590,169091,693161,515306,1622840,1418664,183197,147392,473318,699040,1289054,449685,3047,1326,940,314,2667,3600,1950,154,76,77,1711,3126,1468,9084,5259,10257,689,1229,1155,8175,2012,1854,2157,1854,3703,3003,850,693,12027,15458,2004,466,1936,4322,2006,28108,33539,3016,620,3322,3637,1465,1862,5564,5730,6557,12491,4770,20975,14189,16290,12563,15793,5030,13686,6637,5483,5170,10330,8178,2078,1620,10335,30134,94127,52997,23621,24901,15113,2769,3319,21094,57031,20676,61687,82719
139401,49933,74758,325478,277623,130997,127912,59197,73088,5847,13926,12817,9859,29794,25303,11952,15148,21349,10091,6303,11707,61647,39821,27221,5333,35308,203360,198147,74529,60910,67017,25442,15466,18834,4547,4921,70731,563566,51562,427717,133949,216843,323272,153776,648040,471057,171185,67079,44831,288852,298060,317110,1178,2022,1719,932,3122,5152,2257,701,1627,2437,16021,28624,5247,13247,3538,5776,921,1393,462,2157,1086,2930,1536,775,386,1544,3481,4875,12980,17117,1851,623,2009,4308,6463,23988,10774,2082,1844,2005,778,1234,2078,2934,6914,7317,32076,25684,49370,113798,67311,46860,35638,4074,24974,9025,1545,617,5322,6717,4242,3015,8955,115545,62306,66960,17500,8003,12353,2551,2013,5939,27877,20349,18373,5303
86573,46214,43418,45586,42726,50744,27313,27412,14088,9485,3084,7357,8152,9498,18392,5618,3874,23086,13400,4972,21934,27231,34834,17233,2359,25522,93970,250647,50560,80135,79694,30019,26662,66491,12745,12217,17047,582933,959119,900054,481750,715032,282742,96411,589036,607099,81970,205402,40810,116789,230234,335180,2268,552,937,6104,1725,4669,4767,1718,5938,4916,8761,3909,9086,15138,3943,6946,1153,1453,3002,4407,5776,3614,5973,2380,536,1544,8242,5240,20680,28151,12238,13193,12836,7263,18607,48468,30020,4774,3240,5191,2714,6402,3826,9965,18635,12042,23093,99825,132231,24043,25254,21042,58850,7860,7254,3850,1467,4548,4475,1920,2701,2928,10855,155690,140865,122266,23820,20437,17430,4851,15216,15475,64692,14202,13628,14397
56165,48347,12006,3472,7431,3748,2641,1929,1260,4183,3632,3152,1257,1416,3709,1740,2362,15124,68026,36489,13386,11559,20687,4947,9528,24007,171120,164984,97437,34925,48390,22065,5934,26293,44256,43847,7723,349486,302187,235795,424417,210043,124079,68757,78276,198327,72224,87590,33819,95924,114598,76430,1646,1009,1333,3815,5639,7735,1791,2017,3369,9002,17085,5246,9335,12353,10432,16512,3152,4837,4538,12009,7652,1770,3783,1781,384,617,9816,10720,4472,12135,23793,9956,9637,4487,13028,16030,132749,319982,18702,41588,3857,16584,20302,28563,41211,18105,16368,62216,26151,29913,26826,27454,24393,20125,10461,8413,16149,5542,20274,11806,5866,9510,8487,105146,137069,87963,86924,58663,15336,2463,63907,24387,32186,60868,212051,228368
20914,10948,2894,1533,2082,1195,3761,4801,6960,20427,9084,8841,1491,1652,2055,1978,1415,21084,53268,21038,4018,14858,15497,4583,8266,33585,79501,48760,57001,45764,56779,19612,2729,26611,41765,33872,22645,100537,12262,50833,39167,66047,33149,10725,16677,22939,33000,72321,45287,1887,1874,9918,858,1170,1398,623,1170,550,152,157,78,6567,5764,11055,6868,12741,6416,11861,7869,13293,18886,13503,3158,1237,1618,928,853,922,388,9883,9860,12163,12044,6944,2240,4622,2320,2843,59252,164020,47709,44115,14128,31843,7649,33656,41820,4178,9417,42701,16430,11650,58836,40000,56400,8536,10404,5073,7421,47421,163823,261381,197924,47109,186349,284162,121053,371386,302870,63141,8582,6082,25823,31603,22225,32204,338778,250182
8181,12334,7646,974,6153,5447,2495,4158,4983,790,3876,6874,547,2616,2143,1183,1415,26168,37629,31190,3303,5032,3386,7339,17005,36150,68062,56823,44867,20406,22024,18574,6867,27959,108630,126686,106890,144769,33256,46094,31814,53920,41578,7919,5965,4070,11894,25899,30177,4059,11815,29425,2176,852,1564,389,1103,472,79,155,77,2499,10158,2579,1550,4465,8809,21447,5945,8956,11625,14289,2162,1318,385,463,387,306,234,1003,3006,6961,4545,848,771,4177,6177,5260,94238,354349,106305,119905,19189,24215,29795,21549,12176,2790,5247,19870,16816,15121,97046,69162,11965,1929,7503,8627,7242,23885,89555,108416,201733,99200,108781,430888,38868,132046,178291,38667,4537,11580,19839,6402,5396,96364,152475,67124
12961,26034,11362,1044,5517,1840,1046,4273,5159,2685,3245,8632,17260,2613,3307,3003,3884,8092,21267,19955,2447,13089,23536,9392,12252,22134,73346,139622,14014,19906,3083,13172,6662,10829,25668,81742,123509,64376,24087,42588,35241,83457,62544,2497,2121,5172,25845,24782,58127,35170,33087,42072,311,922,2185,1632,471,468,78,80,79,939,552,1022,154,5396,7975,27588,32447,22474,3545,7108,2477,1545,850,3552,1925,461,772,1162,1163,6165,21442,2779,1240,1311,4597,1619,35933,57141,46934,33934,10725,50085,8603,4937,9040,3716,107348,609261,74341,632953,225154,28193,250870,264529,202511,96919,118549,176606,242957,185821,74599,47435,89592,214977,268982,434308,1297533,375358,54525,33932,21854,45717,81828,106125,141383,139532
13585,9278,7870,1291,633,401,806,796,475,2529,2288,5694,10601,1892,473,788,8985,6772,2518,2292,3153,2521,15595,9273,4099,1576,63138,99306,26418,21122,6699,6751,7731,9127,32041,74980,152511,90704,27816,8441,3202,83251,150486,21100,31928,50434,59771,45304,38582,53540,56816,32604,158,553,705,706,3199,1096,79,316,391,932,545,15410,15455,17887,6176,33964,19809,22288,8924,18172,4866,1240,389,924,154,229,381,4868,3009,10888,14682,6647,2630,1782,2311,5251,199837,157807,27474,32824,21227,70297,18386,78018,79312,170650,670407,51040,138113,148820,109558,26038,131480,115475,82954,70964,60874,195688,216049,60932,18963,22521,33880,30455,219427,494589,1865852,647523,29278,50617,20118,49121,76553,32496,28797,30424
61233,20261,12250,1530,4071,3024,4611,1762,633,480,1188,7999,31324,2846,2617,5068,11647,5728,1346,80,796,4024,1176,1639,476,3541,30225,21257,53520,77152,11254,21380,7252,9284,7109,45265,77506,51522,55016,9457,20966,63383,91192,17315,13528,49703,61284,99850,33876,9180,96877,105398,389,155,79,546,858,934,387,1650,394,3130,1806,2265,1844,11496,24616,22413,20993,10079,15594,40650,4550,1238,620,1695,156,0,231,4167,1540,6170,2465,1624,1234,774,4254,9724,34055,9014,73134,26226,20166,42295,23675,74465,76117,245387,424014,61145,182641,192125,108553,32563,234139,148194,74563,81701,97075,130219,122187,90751,25995,5335,46974,24561,46058,121459,113867,92283,92701,203181,75903,55355,41368,7321,9785,9889
92516,82887,14237,4668,5514,7663,7430,6372,1569,3007,4434,25781,19477,6405,2529,6024,10258,5983,873,158,632,5261,783,468,156,1096,34718,93488,48110,109107,22098,18274,25605,33990,25794,42640,43785,87545,26672,42901,42705,72339,90267,87360,48866,69228,45112,31999,13264,30264,65405,85334,621,620,305,386,3805,235,469,1962,543,4372,3202,2429,1305,5716,14517,9658,6868,5237,13033,21766,8496,614,307,1150,621,78,611,1770,1544,6774,5861,5157,849,2847,1309,7709,16218,18330,2007,7877,8925,33102,18312,119792,66631,85835,170088,40962,110094,334523,459388,45423,281615,79580,50306,56176,26748,134322,78417,129335,42763,34223,55252,35698,159229,106306,208239,210606,102202,93884,84847,15110,31455,18047,61752,46490
30420,59023,10238,5412,8630,10616,6145,6072,4125,7512,8303,24162,12280,8399,6261,5065,5579,5356,4489,1801,1500,6368,711,941,394,11237,29217,71893,112936,165841,19504,25697,20630,41613,25616,126931,84659,304761,52995,127641,67550,86272,52877,38364,33537,21497,15156,13908,6478,11683,6959,67227,388,228,235,465,3515,1324,2743,3201,1872,857,3203,3927,4647,12103,34441,16181,7638,1781,9190,51025,21913,19443,27702,32327,10258,12033,4078,6174,2770,5324,7789,4644,233,538,694,4244,29258,18200,12755,22245,39706,53877,32969,42796,144955,213468,138760,346395,290908,199558,227934,55098,142261,85248,92668,20684,16901,114561,97920,166106,21264,48579,39998,47052,100800,24996,28849,197125,136962,176650,135123,39450,210105,83547,54231,54785
12614,2191,1288,2978,4161,14941,5979,4547,4836,12397,10055,1345,712,5075,4751,3640,2891,10622,17361,21468,26958,11660,3066,2676,1575,3689,10945,18001,22891,19706,6776,20056,27415,66011,16348,10358,5381,106335,103575,69979,148129,103579,10805,5385,7552,2655,3823,9441,27593,43565,68152,208392,157,157,395,1085,1957,1251,1800,3332,1406,8585,18081,9047,14428,31051,43434,29291,17516,5937,11787,39032,12637,7085,11777,29555,21060,8106,693,304,1145,2931,3310,4692,1767,1078,1220,3078,12792,3395,9183,20448,12249,34871,29174,8249,159551,408710,346557,216668,428957,128371,18244,8164,50161,63257,41749,7811,6015,369414,283036,55432,2854,9491,23517,36053,22452,30634,79362,49350,21450,37567,73695,59389,87044,14895,10348,26185
6760,2955,560,1191,3503,5479,2623,1979,1027,5663,3379,8294,5093,5313,2050,3068,4990,33528,30722,28659,26079,60015,13204,5304,9299,12904,39457,32012,44837,16704,2256,11104,18856,23105,38775,17652,28622,274948,138548,119470,453337,246830,24495,17978,14531,22869,96959,18391,10710,6579,24342,39760,6694,8984,7470,15347,28381,9604,18625,15759,7544,15776,3163,853,1455,12854,12165,15315,5592,3614,18681,20567,44428,25224,10267,9207,12322,3127,6421,13292,48834,20861,13078,11767,3815,7783,13303,8572,43500,9740,9731,51266,34419,35584,26548,16052,94729,166423,291469,225863,447329,200402,51197,40605,51916,124031,42575,7704,20983,73261,97867,20546,1532,5125,17222,22913,13481,14159,57135,81698,42138,30316,86329,55617,47277,14613,8401,4461
2015,876,322,472,1837,1430,556,236,318,476,4712,3456,4788,4004,2361,9816,13318,127258,41788,36951,89513,142763,86427,23133,49990,43638,260872,178918,42411,35048,13438,10469,4202,3259,3104,10464,46662,91763,75775,185558,221294,155655,15594,11554,5894,13633,122202,37253,15955,4035,5596,7915,11430,12075,6963,13352,33550,19371,35799,14163,3332,9302,1232,313,380,1540,2387,5683,3306,3983,15083,6220,11860,8360,13789,5583,1225,7213,14385,20309,85989,26795,17621,15159,8880,21434,36529,62700,58126,7370,7275,12657,27686,14278,24272,35076,11568,13565,19115,104034,141361,20778,24014,20519,9786,175804,61933,279067,63901,129213,94521,25154,23808,20743,42576,27300,132628,69831,248594,148271,28044,23707,50540,50486,90152,57221,19854,84784
1228,239,398,634,2295,2692,553,157,155,236,943,1256,1574,1411,6376,6446,4131,143255,15834,44155,225039,256657,77275,48786,113940,74544,86636,37258,108809,62124,40441,28515,3106,3727,5975,14508,55990,46658,32353,57248,32423,55348,10899,23995,18084,33858,32301,25748,6587,2018,3963,3826,6047,12957,1632,32854,28415,10802,6985,12022,24724,25495,2326,549,458,1156,4366,6212,4824,7584,4137,2224,17239,3922,6418,3080,1381,5977,13082,16149,49735,23171,33354,38543,14153,13470,28310,71425,64386,9611,3812,6854,15118,4830,21331,51714,14614,12716,57487,278082,102652,23707,16725,74122,26400,41962,28707,159789,109691,276870,128730,114481,22404,36275,12985,25798,127519,76494,200849,167490,21337,26131,49934,91471,127630,134727,95069,75365
5495,5467,4190,3936,5809,1666,235,153,229,80,867,1405,1244,2424,2273,1966,2418,178590,69502,75869,109786,141545,67992,58659,64393,57311,101904,39210,17672,3351,3204,4921,9918,8216,2722,12072,31065,132861,73510,84949,30584,124057,28858,24436,42210,132771,19825,7039,13561,3249,6469,14149,28903,38124,22646,35526,5505,9787,1313,4284,3027,11082,1479,1549,2454,4224,3368,1379,2680,2928,3898,1684,6369,4747,307,154,2443,8882,4518,6121,12467,9432,3061,4446,1997,2979,22582,13201,25263,2665,2984,4134,838,1069,10848,35833,22116,9164,17713,162535,72928,32439,27834,56959,107130,168464,72420,92441,78255,233974,82710,65832,22769,59996,1822,4594,240368,584436,274141,408395,162593,209126,51948,113529,413204,315532,179581,695833
7596,6424,2235,20528,12287,4026,791,236,549,549,1573,1650,2209,3139,2747,2038,2503,20751,27993,28572,17682,4985,7720,16364,5710,41799,27628,15295,16946,15497,7323,6747,25223,26391,31895,17794,76573,62693,58795,105216,44291,65324,34444,26743,26423,213443,108085,51007,76278,390367,217779,250424,19744,39573,47496,17563,2418,5283,5262,2099,1874,8650,1695,7100,4813,9325,12468,695,387,7653,3056,3282,4663,4360,916,461,2220,3217,152,1149,11248,10323,3219,2746,6743,8333,14312,6108,78141,2676,3286,2839,5337,2067,11841,15942,766,760,15627,99160,99959,55078,215149,62028,57200,356147,154497,101959,31961,121550,99247,42391,36810,52597,13483,13380,253722,584172,154975,458476,222483,277962,41267,132811,225324,224664,87636,428084
5268,4896,5046,13465,15736,20728,6509,1595,946,1497,4715,3455,1569,3465,2588,2982,3598,46749,51652,40628,8048,4793,4066,11470,3267,21007,13161,14068,32852,5935,7346,13695,22871,15962,9233,10472,68186,64977,4879,2624,14427,21485,2856,4272,27534,23804,14905,141442,299977,642294,714583,404214,38295,39741,21258,22248,5051,8047,3258,1402,2414,12963,5206,23666,16765,9444,5277,1226,2139,2920,462,1303,16449,2673,1070,379,920,2990,1845,2828,8412,16001,3129,1068,1806,5197,41879,16823,120247,9492,4606,9863,13831,5597,19957,7952,1843,2984,40576,368515,319879,133904,338330,237273,142075,118286,34162,33315,21159,22382,81758,150093,18555,139824,97328,45986,233464,232123,164811,234474,131227,253891,93559,2092495,1024235,780478,929775,931313
2406,2484,7666,9382,16357,7927,6427,3413,3617,2974,4161,4615,5021,6144,1578,3293,4689,31935,14453,25260,21392,5697,5945,14434,10780,4127,3586,9770,202607,117734,81706,161472,60496,29975,20456,13727,86434,43958,5955,3321,20749,36694,6991,12748,15203,6638,1164,197656,296035,295535,110226,255086,17806,19094,18742,33597,2867,1634,932,154,79,8715,11950,16035,5982,3825,849,462,1225,1539,539,1531,14458,21955,3898,1300,1301,2677,2749,2911,15212,21201,9780,2993,6050,13663,16707,18510,32795,8897,41014,16542,54616,16990,42880,3752,2454,690,32704,442626,365080,418255,130608,142759,50706,34034,19145,23049,5665,5888,70090,95007,46076,100813,82171,36670,18626,37435,126478,100055,35326,77485,119462,1878039,1284771,560898,960863,727509
4103,1847,8961,3761,3091,7896,2449,473,1566,1183,2746,15913,9999,5333,2435,9013,10138,26121,14159,23939,10330,7651,5560,2206,1095,11379,7022,29958,150902,38260,68131,45417,62908,310303,57250,209662,278908,249831,22749,13514,12864,13193,6537,20908,30163,7497,17453,97468,184102,86459,77719,69450,27537,27974,50818,48905,1340,1554,693,233,311,10631,13379,16918,2600,154,77,78,76,77,381,687,23808,44155,17364,9065,3134,2155,4051,2656,19220,18949,10075,6749,9263,19747,8350,15493,15393,15108,13056,33435,11487,3987,8677,15141,22090,3526,18050,276357,29788,130229,96773,92785,35563,25858,11347,11018,9731,6132,17143,30645,58918,46498,36414,23616,22113,113652,134899,152074,40248,5124,56610,2794460,289563,355175,695863,432712
6142,4893,10153,4175,949,1899,1023,709,627,932,702,18517,19663,13455,4219,13045,9122,38017,17634,12341,2730,6254,8180,1021,1106,6625,9459,12350,41967,79428,47813,14093,35738,87168,24848,45713,103494,74578,8292,695,707,6916,24937,37865,9296,7741,24675,82033,163824,92655,85223,41176,17482,16947,31104,4670,312,544,306,233,309,4201,6584,14126,2758,838,381,993,381,384,608,920,11623,22735,21088,10341,541,1218,2068,5739,2669,1299,305,923,615,8179,16959,4195,3606,4908,6253,3812,19412,8332,14884,32427,27464,8268,55231,597414,129377,51246,43623,38589,31671,21146,10277,14210,2990,2902,11493,12117,3674,15552,124470,106027,20530,58675,172746,186232,52055,4745,89090,3051251,564524,522505,728396,572453
21190,4986,15553,20015,2548,10907,9648,470,392,310,79,69473,13252,13522,14687,11384,35153,65363,22719,26482,7799,1718,5930,1551,1255,5784,3984,29633,20553,49817,40997,18794,21717,25813,5922,110535,122882,73281,15430,306,391,4194,18421,11693,3865,2867,8898,15369,39618,69194,173775,177507,2939,8439,26126,18436,231,79,78,154,233,1553,3949,3325,914,1287,1909,609,1522,232,231,1153,7749,5478,31426,7500,154,1067,2968,5110,3428,990,844,1677,1299,2509,19807,7802,7593,11653,13469,11841,94156,12988,44012,82159,41810,67259,128450,287198,140276,57833,38591,142696,118357,47621,11005,8036,4128,2519,22958,19492,9311,44272,164831,138577,61761,34538,161723,229829,39995,20557,63641,58933,129008,34478,47356,455598
62880,31377,22041,25298,9122,8819,5561,10818,6293,6294,1658,43909,30011,12011,43758,9492,19314,11550,9563,14086,11879,4543,5472,15502,23116,13750,10442,80291,139997,103398,48640,14514,61069,22280,10618,50875,122683,45774,19996,19680,8378,36263,55503,7667,1612,235,4878,114139,106662,164368,177786,149603,11696,21539,32029,17350,463,156,79,464,388,3502,1235,233,1065,1066,1229,306,1765,2063,998,1682,12343,27842,6589,6899,1068,3271,15545,15763,10775,1446,773,1140,456,847,8825,2291,30636,25330,28618,8506,33009,19559,50204,41334,32558,126467,258179,653364,1576471,303437,215869,238318,67017,21839,19583,39872,76018,36265,62357,200796,36625,75040,106098,57837,62626,82532,116184,237008,148833,120966,191619,248235,35418,12889,22974,992273
188463,220920,65195,40964,14101,9252,7004,32071,25641,4869,5900,2804,4232,6694,62624,59722,133057,57017,54095,19718,5794,5300,8911,26454,85932,34036,24342,52164,200144,59800,139061,204955,236875,270296,117068,156259,39651,40370,9749,71710,53993,56797,22495,6642,3105,2720,10709,168388,114998,42204,27230,37948,35016,13515,20378,13776,3952,1241,1076,1306,1400,8431,465,308,3138,1378,1374,759,6257,3062,1150,4228,53780,68735,4663,155,229,3042,11854,23042,24300,4369,928,2068,385,4042,2518,834,197343,279632,146225,614,6708,58663,56391,51031,34491,44756,96498,275618,188555,205574,129223,254928,36516,8775,8497,5433,92004,62880,53967,70994,115800,140055,35629,9276,29218,50290,58753,173713,300881,221032,180379,138156,69534,78405,219085,1050154
76735,116795,14357,18151,15753,18991,25640,91122,50945,3921,6594,10115,12781,8810,44121,31167,39337,79315,67811,55076,3452,3389,4772,12015,68824,20602,14263,51870,497987,158040,79571,105316,1189833,267611,73374,161144,353620,491875,69626,73132,169980,159502,29729,35144,36547,31564,185071,155863,293723,21389,31285,59902,45687,29471,19322,13052,8690,1714,2552,7508,3653,7986,2646,5580,5290,1310,232,463,1456,920,1683,2671,74603,51181,6964,612,462,685,2362,45148,28615,4835,923,767,303,535,840,1298,12383,26026,107841,7584,3675,10114,67268,65656,37273,23802,35271,297608,66172,26688,40321,41130,62482,3072,8864,24126,47995,39522,36769,38594,53044,17684,2226,2137,1227,8107,6744,71703,276006,107168,36658,122296,176887,267879,445922,1313274
752959,558984,79163,54380,65363,98129,47383,40144,43445,88122,158966,101282,67046,319853,1224549,211483,23431,155902,170017,161846,3598,7897,8458,22265,22250,19941,6126,7063,201190,474247,255781,134655,524973,138881,113861,138250,458204,450195,83010,59473,90212,21775,45506,58636,36102,39919,100346,220179,127939,27198,38850,35954,4479,33090,15345,7841,6282,2694,3316,8141,1400,3105,7581,13483,7752,7285,2843,3994,7197,4672,3071,5897,22561,28310,6813,996,2067,6662,765,13817,7753,2670,1750,1301,305,308,1912,2143,47805,55404,42557,4355,9476,7482,14598,40379,24794,26050,34085,108695,84100,16041,44692,16139,4426,6489,4501,10552,17371,12930,21579,8802,7560,14672,2842,3062,1842,4285,4293,26887,80089,93499,91006,162570,242126,204143,485459,1302906
499350,508674,284007,38186,24587,21664,40273,45186,39711,93510,108256,235871,163544,419019,911266,221311,48793,150151,2592,1877,3198,8831,1492,7897,5073,3667,2105,5158,46161,148429,247592,124819,98857,49583,72558,12100,7558,2238,22496,40523,16301,7537,27638,10865,6109,39188,696,310,2089,1554,3641,47570,206697,107564,182074,260948,31447,22444,27501,19415,4265,20987,11936,9641,12717,46035,16560,97651,65951,22622,22511,37914,27028,22785,16352,6600,16803,49603,39403,32522,37035,20543,71250,325023,430410,59150,124469,72250,67269,42537,213916,22165,66333,40776,76170,100292,39058,75990,197226,207302,102000,92277,116616,52072,17915,7045,2822,2067,28914,24691,13554,2213,7279,10264,3616,4284,534,11793,4567,218807,230062,418082,328071,503564,1009584,202949,315387,798076
137763,228117,132578,5844,5237,24667,22678,12003,12789,49521,26579,65050,76965,86126,79259,38707,18222,20295,937,1095,2561,2978,6879,6794,18867,10398,6040,14257,34863,26660,177739,103755,28322,30345,73339,28908,15654,21575,38477,21730,13180,9390,19129,6827,5890,16056,2185,389,1329,1855,1007,100929,661653,171646,456666,754696,214250,184067,143755,3029,2088,3045,3037,3549,38604,94486,47650,258216,169603,39993,91382,59000,19744,3755,46619,19986,22661,354079,199818,176807,107635,57063,403759,517714,499215,216796,769861,457125,144480,14690,43823,12830,13331,3965,6987,37156,35834,59334,133556,668086,26432,49452,620398,461231,8034,1991,1608,1377,57363,40605,35697,24144,33949,14375,5353,5882,4716,3136,6663,117919,441067,168818,116376,414177,170169,157634,100739,946736
44221,29519,59745,4083,2223,22851,25405,8429,5038,26248,8924,19455,45875,196681,291226,220207,11178,32606,79,467,1173,6266,9604,12722,4313,4157,2984,1951,11506,21309,176236,337772,127107,10918,24714,15304,6287,2258,5281,44012,39468,87247,25453,5659,6741,10679,5642,2490,7372,2795,3865,19987,46507,195502,533968,217370,99892,108080,175386,15931,9323,1006,6823,8283,109443,126302,40612,111487,241941,15855,51656,31138,13379,28370,41011,30304,24759,60010,16795,109674,49420,6504,254335,83717,663782,520033,556286,700231,111350,3208,11014,2527,10090,15329,7282,36336,34340,25839,76323,447588,54335,95773,341082,154344,5509,3664,7414,1831,25005,8487,17605,34908,12785,21856,6802,6118,2446,8743,12028,124368,216969,114247,127019,160635,42889,1531,20063,87315
82458,33705,108200,36389,67155,30942,25763,10840,6661,13833,8621,25405,43419,280936,460526,129372,10018,15245,1089,2649,4383,5620,5945,9440,6409,1724,2733,1640,15728,27502,36345,25856,21011,29709,7531,4593,5724,1321,5819,23748,40363,30212,22654,1705,12832,10313,7350,6334,4201,3874,1321,14135,102098,235217,87444,82329,23522,11290,38103,9536,14491,3342,7074,7514,26863,77873,119898,303667,296996,147510,229729,58851,8715,7097,10727,17248,26742,56947,14017,221201,47882,111482,682935,181914,163583,48415,320531,474393,121380,12630,11068,3205,4829,7488,14616,57556,131349,156973,95646,695438,218052,104839,366122,717913,6264,2981,4746,3842,4144,2520,537,154,2973,19028,23092,14204,19666,62467,41867,105028,162104,162692,227073,190954,81186,9571,19423,59932
80314,21612,115197,39222,99839,8391,19978,17919,10443,2032,1964,1649,16310,161056,521897,171182,30373,26399,6427,3592,9770,6243,2963,4306,9916,1881,4224,1785,2895,3910,38565,105326,72640,19238,1164,931,1012,1857,2576,12166,24392,12288,22225,2471,623,7134,5666,6107,926,2700,7172,14214,89891,142615,239264,225018,44040,74905,43926,7817,17899,23990,25695,15110,18762,52749,158208,432073,56234,82214,374442,89965,12002,23766,15515,6522,14546,106088,29265,131941,86520,125999,405584,383590,250786,59845,177970,39934,51773,21806,5813,3204,14074,17056,10587,44549,179339,166162,98599,282161,419166,243133,89357,53913,2459,2073,996,5560,6189,5818,2969,2214,2072,6971,4891,3293,21580,35600,17393,139251,88268,63062,45133,197925,113130,41198,21174,22567
98902,13595,16507,26193,27189,26528,13405,5838,8875,319,1182,1252,10375,149580,534205,103220,3597,7427,8763,4876,5769,16185,18161,13303,13730,3816,5770,2563,30174,78296,84025,72542,34605,17705,3565,1312,2416,2727,3435,35868,27482,44339,14604,2017,2017,7390,16069,13550,11189,13971,20006,107370,774411,1321731,293840,212429,40989,56964,44745,14984,9289,22938,14646,13274,28286,101514,168859,360901,9784,33582,236334,59016,60199,26626,25227,20223,49269,45981,38706,1181316,584453,411213,829929,419669,148236,45840,143308,320004,120373,7339,5967,1447,7895,15860,59111,80499,201108,29632,64469,118190,214341,38069,44251,33811,3209,4050,4584,7286,7256,7189,1605,2278,992,6336,4129,4890,8201,19586,2831,53068,41609,22296,41511,65861,108906,92711,39229,54241
115717,98017,37653,14304,45811,47493,8167,19121,11297,9406,11229,6294,15665,38335,200754,80127,12944,8355,22616,13333,13417,29509,38990,19520,3969,2657,14155,6714,28640,39524,42289,37564,12030,4175,3271,1770,927,775,9119,25918,26149,15950,16598,2248,6864,28158,27815,46050,17270,17710,16716,109924,1315817,753997,252275,389128,27746,43738,46444,19853,122509,124173,32564,129076,16382,66472,258089,164913,32301,49258,66861,40939,46399,40757,59657,68071,297166,227081,137364,244542,287606,318690,439148,485027,199286,117213,34388,87013,141300,67826,37502,125075,22828,12647,38413,165961,151146,91184,169664,447283,359448,74092,40727,18107,3815,9711,10796,4138,3824,10648,5897,1531,6342,67154,104656,9647,3231,36478,66272,344248,149503,76742,74158,169895,157737,26147,182588,376338
44619,219561,142839,16567,49496,2132,2132,5861,22198,10896,14049,4483,8578,26020,90542,255940,128544,58768,47460,45513,32655,12675,2186,1650,4464,4304,3278,618,8726,60607,158115,76071,35650,5603,2855,1780,618,1479,7696,33444,10530,626,2178,1617,6143,56849,4996,24395,20421,30246,32463,105406,37185,5962,14929,27458,9616,16521,44746,41191,55810,121015,66588,216362,4446,13846,29661,10625,7594,15085,12245,43529,48011,22001,11081,69711,93463,71840,129020,46226,34650,110482,138824,28953,9474,34952,18571,20738,70210,49560,24371,128043,45163,2233,839,29050,42442,37014,86260,48383,26991,269866,227914,110846,27636,9188,13389,2313,19124,17361,10012,19817,7791,59094,71670,9389,17042,43737,47428,315472,200476,34243,104726,484452,290910,506198,1073724,976215
68145,143272,283355,165529,56093,239,1265,6201,14065,7570,5185,628,2660,21892,61848,140622,50886,88196,23911,22873,12803,4980,3511,6338,3282,857,3995,3300,2186,8198,272634,162134,27479,6834,32879,37300,17395,13562,43392,51538,16920,3274,3364,1629,7980,24621,6048,6745,856,845,7108,38187,37463,7973,13806,12402,12195,22824,32536,20703,62410,93183,62107,88118,9952,12916,14516,9250,4059,20824,21189,100620,40209,11407,13193,65233,211690,42648,106234,28133,31059,57293,61107,42615,25428,80772,143206,88928,136298,195650,37799,139813,48427,12859,9986,17440,15159,8478,105135,151209,71643,204733,458703,151431,6786,4745,11162,610,19534,56551,24248,45852,15671,100298,36312,8496,12491,9174,81565,151112,113760,24726,32534,294451,123251,50758,511621,225597
293190,142438,180944,56858,64078,6646,2451,4194,20399,28494,1964,393,704,26785,94895,68569,13373,89530,13896,13498,4206,11080,4122,3488,1409,238,1253,870,3730,42045,197269,242482,139385,74585,91428,64975,17832,178675,72934,60651,6485,3195,2552,2412,2072,34757,19295,9234,1475,2326,12231,37122,197275,113711,57316,73149,10941,14226,41432,34338,67783,54680,24992,9624,1832,4884,6093,4367,3057,10351,5910,66897,33419,45555,15234,65279,143399,77393,47101,5813,6519,4280,2433,6807,3509,1676,25574,26721,13994,12488,9666,18446,22270,25671,31599,25468,5579,5074,179202,555571,229877,531423,468010,208826,207109,56115,23241,218619,686330,875641,187269,956446,952028,168667,1127973,1576305,1977342,355832,281505,776538,315224,373028,386612,384862,187138,285591,709553,481445
225017,80730,104489,12417,53884,9855,15155,5072,14874,19941,21469,20984,9365,57389,195284,169825,205596,415182,10392,10003,7449,3751,1168,5052,2505,542,780,1725,4430,51410,216380,53891,36607,30205,48781,20392,11509,49782,130534,54199,6824,1784,2081,3863,1717,4327,15686,11949,1863,2264,4647,38965,126272,174971,30781,111183,11790,12888,56178,21270,48977,247877,103785,62002,2680,2676,6893,10343,3759,9878,12385,29273,35338,14482,9214,45605,287137,232609,93862,17513,4600,8486,7117,9742,8490,1676,4439,10631,21230,7739,2218,7824,40650,83639,68429,58648,15336,11254,284402,549484,261135,285938,304145,74527,76179,135958,67718,236466,292939,367963,646158,693334,1249349,611403,1820763,1669246,1290176,580293,789887,1843738,580195,1670960,786626,844831,67194,165225,144100,403197
41984,36121,19442,10418,34129,20325,13811,2538,5163,8680,19873,16252,1335,117116,89128,227338,110226,75475,21670,14083,10315,1099,778,1558,6024,1482,866,943,12307,52609,147174,188021,166429,77810,45279,28658,13747,72715,179032,155601,6683,3026,4040,2879,3417,6896,9954,5124,3319,2019,2791,19656,44699,15370,12879,3502,230,5982,11388,9380,30750,122534,97926,78573,14595,6697,15807,23945,15110,56244,41154,27658,8353,5590,6262,197314,287050,101341,49285,16896,3751,3753,6032,6203,8923,6813,22801,28933,21977,8947,2142,2072,51352,161016,127980,96971,111921,45077,15544,55875,65400,76784,210262,54421,30075,17907,52351,119921,503709,304138,1112787,212919,321336,783310,661974,920271,117096,626049,72075,494425,326172,136498,32299,14056,49418,73019,158280,90732
6732,14967,25076,39549,43929,28399,60778,18610,13493,7822,66903,48580,13266,56524,39013,131444,235604,100428,31914,41293,28502,2794,1256,3814,15235,1097,1169,3206,8084,87351,559451,661359,460089,77054,116964,30539,46991,55044,387226,155203,30845,30355,20723,10432,23851,15108,3331,5034,2717,308,1092,2941,21529,625,2323,2719,2564,2645,16313,22698,111144,74528,22109,11158,9574,1750,9638,5126,4834,8659,5275,1071,384,382,1370,460,31475,8700,10226,14092,7635,13466,6209,1002,7797,10014,35514,32032,23896,8793,4655,7949,83122,172100,163084,40770,77844,57252,70209,64328,33802,44524,212245,896066,306832,157524,124393,305407,349783,156673,58520,138843,39172,128332,296562,735890,330994,111225,55540,300083,260172,132994,12112,3963,17607,54293,98393,226594
60324,112302,33236,5846,14619,14123,20973,22258,41537,29293,9190,8796,9357,5715,8170,15718,25944,9214,2262,2266,115150,106949,77123,69540,29151,22757,32204,11574,2576,21889,84715,26677,52158,42678,19025,6366,26596,39377,117286,49819,34930,25688,20176,7656,9647,7536,1467,7070,9369,9987,2640,8656,28489,1402,5819,2252,2718,4974,18796,7524,147959,195664,16176,17645,22658,2009,3906,2595,2139,4977,3215,918,382,989,1838,1295,65246,30542,58674,26226,29049,47894,4211,3593,3674,2225,8962,7161,18674,18512,6336,11781,22182,26253,78184,28542,81865,79573,121751,223442,92283,132731,379880,155503,126422,53602,45608,137843,282855,290234,240740,94057,95896,35398,39261,251948,138784,29274,76708,125787,130706,40369,27723,35769,54258,70760,77923,107379
70732,51000,29770,6016,11895,4541,13161,30135,33882,34318,8011,13279,8005,6205,1021,870,4852,1253,857,2270,8481,13388,24747,35490,11019,4290,17552,12854,11563,21354,5488,6721,63538,18296,5812,1711,3044,14284,95460,95418,49189,37380,29782,44131,31244,18187,7187,10596,16678,4568,9136,6609,13546,8052,1946,2400,4034,13964,46650,7267,168934,95330,32806,2631,15605,8949,1520,1143,14673,16602,6970,230,233,307,2056,2750,7103,5135,26722,56123,17497,27047,2216,2058,691,154,78,383,7197,12479,2374,4672,14410,63728,40567,27215,87864,37183,84037,133663,38730,198699,233536,65518,28959,6431,539,3045,145361,198408,308390,470699,116545,109136,165672,215484,110742,31453,35202,1202192,492053,161896,2215,4199,41205,27703,92544,421742
31502,33212,29884,30273,41004,11165,28436,26914,64817,150815,15589,7544,3916,5092,3845,3286,8899,2973,1714,1088,7176,6547,40163,81637,26675,6507,6324,5634,3338,2656,9267,27149,23956,9730,3724,9909,2474,6656,62820,62558,108361,105363,34332,28967,35243,18683,19948,14704,13353,4800,2401,7627,36647,11473,29069,33982,2881,26076,50527,15969,69085,261741,11820,5411,26118,11721,2824,1829,5663,21345,5117,914,766,1068,2219,2760,1841,3677,30925,64562,4519,25187,4577,1452,1381,384,380,307,3065,11318,7529,2704,12958,34384,15929,1693,22124,22645,89998,494749,96576,311801,205572,40760,29563,15730,2893,9949,35665,70385,239492,229736,73316,234973,314695,513513,261084,151868,615513,1143923,472421,61779,2994,8728,18691,34624,41567,53405
47649,78822,10504,19667,37285,12436,15489,11260,38647,74816,39062,5170,13521,13597,11561,3618,4941,2498,2906,6084,15642,15550,16590,105501,28556,19897,13648,6923,16941,15168,17707,30628,18594,11074,1712,2174,776,5454,28922,37665,51317,225776,116299,85275,35170,18616,4558,2713,11937,10648,8053,10412,25332,15385,24111,14038,4160,20229,61334,49987,61888,116971,76642,37698,38033,18448,6123,2520,5821,12990,3384,1380,2083,2073,1225,1757,10266,6351,29483,23391,8938,32912,1917,1596,2222,761,845,1761,2918,4220,1146,533,8859,12928,3669,8902,18166,28689,98207,727247,230780,93672,158592,138288,16274,8096,5910,981,36054,57497,74744,71204,31843,193813,259819,114407,245763,414099,593153,515476,577188,372812,33910,89182,56173,193597,192241,213893
80351,52207,24409,9963,23062,17681,21496,43406,46857,19556,11943,8574,8009,8245,6667,3532,1955,2037,2048,2662,28478,25627,17107,28234,3208,3910,16796,8340,3755,2581,1553,30449,59408,63433,611,2161,7207,12749,60568,129578,174470,211786,54989,98970,34938,10781,20980,12816,27683,17061,13122,25565,37811,109811,37172,25785,7003,14525,80562,114593,92634,152693,133204,54561,47912,11314,13557,4837,8610,3839,1301,846,2911,7946,1921,8128,19914,35201,33481,7250,14818,26499,1682,1529,5734,2667,841,537,1467,1836,768,457,28504,37747,25047,14617,102126,95980,83322,371597,208827,428801,488672,110826,28954,8546,14055,12200,23123,58254,201574,194344,81565,224068,236906,314891,330976,469227,882615,624115,640356,595806,164627,197753,175584,331966,701495,410275
60079,48115,25916,10974,855,4928,8613,18542,18750,11174,4939,2168,7974,11089,10925,3251,4243,8507,5089,5722,13516,5548,3926,7572,3785,6248,12873,21916,9644,9431,5853,27942,79365,49163,97376,14307,23052,54504,428079,416448,152220,184671,259056,242851,180797,174527,74036,34772,108525,426367,815627,326606,87020,181977,106496,95241,29706,7066,8874,20585,15863,99198,78938,20039,23205,2423,12375,7856,4836,2864,758,530,754,8018,3629,21607,16083,2271,24088,7938,11697,16392,2264,1961,6872,2948,606,379,1062,1972,1889,834,9654,17894,11486,33417,49155,229932,58364,26726,95848,227494,136154,39861,7786,20866,116202,73322,66785,40207,658295,1248353,670529,278128,268325,345407,215343,137081,437950,665268,244336,186561,171183,154250,307454,330363,135693,559505
66714,108450,26847,6782,8286,6652,40639,34926,66990,11377,7590,2477,1933,1007,1862,1322,849,3011,2239,1942,12605,9341,1849,12186,9183,18076,24135,13351,23167,18046,25548,26923,43819,57271,49787,2996,9546,132463,317251,112891,50513,156799,164959,30249,89722,129347,203623,19937,114037,893137,773735,872875,133994,113140,34156,13017,20245,14482,7345,36697,21602,139066,17280,25356,29098,4681,5062,1131,3000,227,152,76,1437,4827,9805,2797,11026,7475,24064,3309,24462,35538,11575,6348,3627,2347,304,756,1738,1203,755,1887,3776,5367,2645,11695,36099,43028,38529,30007,49410,137602,360470,24772,3552,5971,53351,72899,65515,30483,216853,549787,464026,169400,426812,16074,109844,72357,58458,67183,235781,416092,567581,646867,260220,234109,184762,334039
252351,339142,46355,47758,13931,44527,35661,89850,47405,15182,13000,1469,2864,5971,1165,1473,767,1318,9968,18038,45564,38107,64843,42558,3785,2464,5779,5874,9475,2161,9094,3791,45464,153830,171969,172590,91789,125216,291151,157374,46031,95307,32930,61634,248778,325570,146205,19660,87192,496126,486963,356625,61338,191242,61786,4743,22690,7441,1839,2287,1672,111312,49218,82229,66486,2264,2115,3326,3992,451,76,152,1353,832,1583,10712,105193,75940,82673,4741,18580,22634,13512,8538,10735,11792,4976,2879,12613,6192,6199,8776,6930,4681,4839,3685,10790,46951,86185,278023,524160,163536,122817,169683,79000,174296,62824,156131,583150,342869,292745,430636,1141707,313018,343954,192718,320485,117110,316970,540699,517698,106371,16637,34219,62964,197046,341649,156702
124191,130563,94875,103587,250671,325908,405574,189906,151278,46692,1542,1631,1622,5193,6281,2703,1852,6418,14064,8314,18019,16250,47507,34639,3642,2165,4869,27647,21741,3702,17206,14987,98109,144766,474372,387386,65677,110826,123996,79370,73083,21024,1520,8263,17350,15584,53981,24884,5049,45265,40642,155194,408790,210319,66147,5214,16166,10176,2917,3376,2370,37802,22264,62762,56315,9434,5727,3932,28941,227,908,376,2876,4151,3916,7397,7101,28648,48703,28747,47927,48527,1890,11301,17298,19819,15258,7187,11796,15864,11693,17156,108269,77566,16948,13112,27897,18355,19210,348402,826554,110431,118134,136732,120167,352443,41445,181671,207831,240756,229919,200538,409816,460542,334965,110942,215800,27093,15482,112783,262480,43757,19112,48266,91877,153011,220852,141751
259792,365980,366762,227358,245936,115419,94878,231074,126406,54890,28322,57795,52421,18111,37594,12750,5782,11348,13175,5309,33787,53544,114630,161566,3940,11026,16764,45821,32864,4093,6098,31138,192342,272698,582706,301050,148090,59042,67073,19878,21132,10338,8569,4602,12770,22121,113152,11698,5877,10272,6140,45603,162273,58746,85374,7735,14509,2755,1216,9159,27765,59819,55995,89288,251125,24550,16075,8520,20442,16678,12015,17606,66236,67693,59861,15337,21678,41297,105423,24996,66573,66325,10348,29854,21526,55447,53345,214865,148940,13836,21889,56808,144975,112588,87496,96738,55130,69213,101573,276855,201803,85350,61271,103552,29440,338845,103383,75355,142094,541850,263272,164517,237831,381273,942770,318325,161785,33913,53262,51728,58444,5357,12064,43191,71455,17817,67418,93595
78364,63924,75602,27479,28485,20786,45928,117264,61288,2253,13149,30875,41415,9087,9608,8734,10180,2377,1313,10528,145735,225860,141497,9181,21880,19719,22147,137916,32251,1706,6235,18984,54981,24433,66196,307067,114900,87842,53673,1610,4361,4123,4137,382,926,15658,211238,103021,18787,116493,137929,136419,20632,66488,310672,10494,9410,539,996,6339,7644,34722,33210,17689,96605,4584,10106,24118,7329,23264,24941,16224,20395,11195,21657,10575,30335,18901,35328,2490,18571,8614,11782,37395,28545,87451,59193,135283,264141,133113,34371,27849,32256,23613,138046,138057,18487,36895,39860,163058,53068,13956,3547,7013,1739,4450,4007,2641,5277,47152,70782,47657,52347,442716,210960,121361,126346,12513,6795,84929,55663,28055,35671,22957,146130,61705,125749,64781
63044,11767,13026,22774,36085,36135,21671,64805,34135,18211,17356,97308,63574,19981,18722,17480,24318,11658,8103,6874,58749,125286,92543,17366,10891,35019,23154,57539,13049,1465,7391,14225,28118,31558,106868,17278,53513,148088,28229,2834,6820,14703,5870,3674,11486,27087,61426,10129,16452,70145,66946,38425,11551,34984,154861,39134,87267,66209,72287,41460,43530,85690,3138,3909,24618,8985,16324,43660,3025,19038,78465,31364,62525,21452,18579,11543,17582,10379,8830,6648,5897,9659,9728,2340,1435,33495,57338,44942,116867,66835,19480,3934,5368,3852,11193,106458,7545,8967,28927,83376,59834,13894,20248,12752,7545,5972,16529,5523,6573,34741,88387,94015,221407,173347,247045,184447,114250,3098,7089,37866,42086,15900,11768,21955,51898,48109,347582,259481
30980,21570,80760,13686,50384,11755,15820,29438,16122,18002,7098,21157,50313,18441,36317,8267,6632,6554,3773,3093,7619,8302,2015,3997,4310,21901,2635,8101,6801,1622,2085,7327,187760,151764,46836,132177,257611,279280,14315,3660,3516,6192,1910,3132,7343,8112,18329,6710,16475,17916,65899,76452,50267,175260,77216,46098,126815,133968,15008,42625,83293,107440,9397,30957,93017,2936,9905,15724,8012,13066,26684,21912,19704,16826,22579,11254,17975,9656,12821,9059,2488,9436,21328,5056,5439,56828,110082,69185,157911,24005,21992,8680,6556,7864,13413,53670,3783,34422,68300,162421,52303,24428,30728,34578,12661,2419,5428,5517,1352,70685,58962,54616,38260,464231,1080990,684666,817992,51400,286687,395431,534144,46784,53327,56948,93356,105102,170457,512103
154148,80671,146351,159986,122959,31901,16979,153801,32865,10986,16413,25884,7131,7736,4265,3490,3945,4393,5803,4106,17103,20361,23670,28422,38774,23520,13789,8876,6483,5924,1700,7510,51662,153146,26047,77023,507660,177836,4206,1599,306,688,533,1989,8692,6199,21812,919,2830,9658,28688,36678,179887,172224,52417,44670,43347,82648,141358,108847,244064,107726,75065,117497,86028,116981,75904,154815,30833,54852,76624,44712,158341,64659,43570,9989,11477,52556,70341,34360,3629,21953,21433,3555,3783,48454,123237,44296,68826,3928,3023,1964,3100,4764,6428,129619,65197,114508,100155,245101,117386,9454,10272,16148,14964,10880,21322,9285,8224,24782,34182,34232,94415,384556,534489,39124,63263,75902,247200,368507,113134,13826,40897,8004,42471,29287,98178,315558
46361,18808,23646,129378,37341,47789,29448,63153,12155,5724,9504,94004,39305,4101,8589,3417,8561,11804,12721,3857,5626,12582,26566,17249,25511,14036,13344,4556,11799,4096,6160,11372,166507,44931,17446,96498,527776,291588,5824,533,461,383,229,4815,4583,3589,9101,4984,8267,15728,61515,50285,61932,39418,25306,30009,30788,46782,96233,35527,181513,92008,113695,94891,66217,270189,184107,133283,90257,57418,108229,112887,73157,27518,35388,2714,4742,25344,23193,28145,11340,20680,14730,2343,39016,113874,51259,24410,19387,9358,3852,2639,2268,4527,3627,89719,141259,243560,203795,168182,69331,90586,155010,82772,11017,25736,36612,19777,13438,33894,20465,18410,9504,290527,264540,110045,31323,87328,133398,299497,302018,60480,125991,53404,53365,88293,80612,273133
5116,4282,1730,10102,16065,11041,8921,2740,19548,23354,13333,19100,2944,21705,42773,4505,19399,88155,53533,59713,54298,14113,6088,4621,6943,8265,9581,3623,1769,848,6503,13676,598046,205172,70876,112576,291163,154236,15357,304,154,75,76,760,3587,1068,10780,26670,8772,6123,5794,5598,14171,13015,9646,15542,15491,13210,204658,215774,440294,97662,188042,157389,135228,192630,324495,34941,45392,50927,96284,47402,130788,17209,66613,3936,26199,88945,47356,4757,4612,10116,5592,3478,72830,102853,41456,104808,67941,5369,4087,2574,758,1891,3314,428401,602045,206760,260017,30949,50032,23977,21995,24243,30757,17123,6942,24839,3469,14190,51454,40831,49565,109604,144619,151489,19299,18279,32274,131610,205839,164752,90770,98910,330668,96232,199781,184847
7821,12778,8289,10568,8357,12072,6043,6030,24481,9304,3165,1608,2638,24225,29397,6431,6189,102163,13167,12746,46871,8122,7259,5348,4400,16578,4311,4550,1999,847,3632,15275,62382,69538,48342,95245,186498,189181,29607,1070,767,382,307,1217,1144,839,10460,22502,12913,1610,1913,13499,18599,11328,1756,3589,18426,5201,29724,88907,144935,186216,318719,153744,58001,148578,543534,25228,17006,14589,34853,108094,8003,4755,9652,3310,15235,23985,24316,11542,21675,13149,13271,6197,53563,45611,38988,55371,57841,12957,48035,29775,5948,5594,27702,573950,390526,107284,27763,9657,51448,45570,37151,24366,13745,14949,3549,17296,21919,13228,56715,77075,313761,38106,116416,13487,20572,15539,21416,52725,12760,34318,5510,32627,189767,67005,100982,101493
23955,6590,7654,11833,6650,6037,2193,3755,18008,13398,5814,4557,1009,30680,67570,24479,36418,61516,41693,44336,51624,3391,3066,3692,388,7637,844,4402,3096,3074,4954,12592,153064,212189,79681,110134,310598,151925,7637,540,382,450,691,1068,920,530,14854,15453,2520,1146,5198,37639,74544,33155,3665,10242,6597,9381,41775,7788,25009,64740,207960,87101,76114,157894,206622,15937,4521,69360,162386,139683,5580,1658,3551,1510,3759,13186,164660,800294,313266,388758,267322,229811,183319,119491,312463,189406,125714,83758,60721,25055,23164,26195,27283,664390,345966,198005,103066,3924,16621,37369,29893,12385,1439,2725,755,23077,21137,29189,77415,96650,293142,215144,248404,56930,7179,1796,22217,82151,8824,29433,30776,50909,103210,40171,156192,122276
21940,19487,21579,3315,2419,4231,1962,855,12778,17360,8356,3789,6598,12726,19606,15874,13505,37514,57047,9665,40541,6169,9401,4007,1082,3710,9398,10683,10089,8856,22703,11331,79630,36739,18159,69467,60624,90254,34544,66874,8187,10396,17280,19849,48708,51555,47978,4421,1068,534,918,20494,56487,87883,22053,230895,86002,67184,124917,43066,98023,247326,296526,73658,154235,191665,111042,83906,80029,73428,131257,119312,37271,5134,7672,983,2555,6734,712689,974067,377661,102993,111956,251054,319034,53482,266172,87153,44281,34184,79812,44720,18138,7252,12095,150997,114921,205574,113513,9314,8167,14057,10716,6948,10130,9588,4516,11689,10405,19484,323211,157074,195666,695289,898202,141246,73351,76848,55341,186166,32476,78335,266592,217383,145682,61802,246389,261972
39884,41213,58477,14264,1730,5337,4158,5164,13560,10999,6974,5581,8216,7056,15871,16335,33353,18873,15399,9107,52284,8382,6049,6975,4243,16159,22141,19185,24476,5551,34030,15527,117016,98111,72833,183456,120625,97769,6032,20224,36541,13105,18190,12492,126991,66620,105805,49194,2599,456,3275,6435,40925,5281,3754,27755,13823,33446,86671,174708,187353,409158,102328,42470,82639,146987,191431,47461,66826,57805,44824,51232,21748,7524,18864,3540,27426,105281,357022,551323,257624,328597,571699,105576,75494,82722,359767,230837,105874,172654,162570,38546,17094,8756,10261,57491,66272,182390,183530,17600,26963,18436,15137,7937,5578,4006,2799,144372,30750,28712,230021,386405,199651,1105730,2404386,297009,173004,208520,508258,1018053,27663,87801,167084,360917,82899,50240,81656,503591
78387,14621,191622,101965,12276,68581,40483,38855,103056,12166,7920,7887,50686,22016,30672,15821,21050,127861,140659,55859,160176,12207,7722,8715,6188,19700,45287,13903,9494,10508,12067,2849,468079,123571,751543,484518,319379,77878,13427,10806,46962,11722,9138,41988,96277,25806,96594,85320,5027,5980,18595,45848,75241,20503,16085,88616,33662,26095,26116,113664,432804,1150242,620302,17529,32714,101696,231835,17706,87973,56168,46239,62053,37750,13637,6772,2634,7901,58548,1087686,375494,133580,214770,640836,872754,220868,74007,263519,321597,36733,105876,201222,46936,25674,5497,53787,137765,148641,154491,95188,6272,24917,13138,39142,53574,48446,35910,18142,215440,32111,131157,111875,230391,270950,1838899,3528984,812958,714928,133455,468592,259006,136993,105581,116677,714484,108987,52724,62661,261320
180903,156622,240583,59408,8273,43463,39716,84989,106059,35391,107549,268250,89265,14487,28745,29437,26427,115462,72214,46222,100136,15819,18063,88897,165128,95303,20982,49053,28604,9800,28304,14334,88346,49186,418478,517535,181538,412632,176426,14273,42748,63694,37338,93275,132939,26890,90508,322936,1706092,485871,216031,17018,86348,115660,50945,257923,168335,103081,71612,45216,240568,264537,138252,194449,136562,1981924,2113308,4221023,1024236,330692,854488,711179,242002,485137,292555,56828,15530,53136,374025,708791,95440,85082,320127,981228,616577,574544,2008813,2372649,1087410,206507,179363,107458,27902,22970,46449,568251,177454,179876,146033,107507,150827,29094,43158,37214,63526,69654,34771,202856,54309,135834,101418,388464,535486,563148,2215375,698587,832760,158041,379103,427059,125014,251271,239703,146433,83223,47559,198005,647679
116411,141469,135824,20008,8437,28222,24224,39010,57619,49560,62059,137641,56411,1319,3954,8432,26092,66530,10723,32961,36269,13097,16447,44121,84530,111885,43147,72975,72844,6803,10571,13253,16864,15146,46574,44596,123200,344989,296212,7203,3611,10716,62276,54552,101726,52108,117274,674575,2034742,277753,359998,8945,72425,150053,57733,185655,65023,35597,23082,6812,5313,2216,3991,226985,136830,631442,1592541,4000468,573280,545588,637492,822389,671510,929697,197839,59906,70964,85686,144857,188776,219444,103787,179241,342698,322938,557982,913016,530400,938155,304959,131237,81098,28417,41987,6247,156117,89671,3094,9287,62978,140417,47877,19620,16249,27860,12744,3694,219535,115354,60308,19329,12372,78287,71382,30914,49713,38739,20264,17402,10407,74467,295992,318276,58773,34841,9750,119824,86367
192346,132695,178417,18180,11375,11017,13364,45102,87144,77255,115886,148249,24245,8042,6513,7675,2931,3785,3841,7498,31794,5413,6186,20712,74120,30891,24364,27473,32956,12262,10695,11020,6581,9097,78327,69928,97035,95793,616747,11178,21150,17595,23421,29690,64556,107986,173749,276482,135521,405052,379869,65194,155812,38630,1462,55611,23111,54247,24867,2224,842,1758,1225,135974,63043,302423,450980,378742,266782,440792,221736,194007,79912,236393,165678,81406,37187,34681,44265,46167,9065,21763,149943,114030,1211819,954617,151575,169598,219317,125289,91589,93649,35921,54624,51987,300185,115092,20883,48036,110632,91884,97331,15559,21379,38865,61499,48917,161773,134547,161757,75092,29604,44398,81994,5600,10658,14721,13818,25292,14756,14872,55555,86599,22418,31404,5276,3626,16929
57592,11649,12855,21743,11249,23983,20962,78780,134512,94543,101529,43847,32369,8527,9029,4259,4631,11653,14907,9808,26525,28122,15352,71461,130463,104350,28029,107167,126102,13247,19815,8629,7852,6574,36186,55897,139198,269560,770449,22449,31845,11995,11251,6127,44205,102213,193957,384230,529190,318248,567097,218778,112452,77308,5895,46010,2593,4826,8660,613,77,532,76,57140,40040,263563,946121,2181676,359502,170157,629813,153900,114566,163760,169293,346649,17167,14747,22725,24596,39893,49190,88653,56132,485669,1008965,47331,74457,72693,295948,210068,106877,76109,21813,36736,1190256,280127,84247,50802,49627,34447,66408,21516,10125,8999,17277,22871,65443,36283,14196,27215,4909,2346,15186,7008,16700,13971,14855,11411,13532,10573,94353,112646,22366,12394,9110,9520,12603
50283,90263,72356,29543,8365,10369,2737,17140,26737,7888,25787,18025,24631,10302,6198,1088,927,4102,11551,6167,19451,23267,8256,43370,90212,91857,43079,61013,52638,7025,50963,24146,11771,27841,32798,7354,185850,436922,768646,122799,32925,25829,12838,29861,34325,28814,72584,245610,493305,285158,255235,73849,50657,87728,49570,29246,4412,7440,4822,2000,984,1066,1380,204998,77778,194598,309724,1082104,298877,19915,140812,369517,439612,1116234,620709,247886,37125,18415,156804,147859,51910,28408,62604,47191,2207626,1242754,517679,305043,348529,335873,447704,79998,30849,6859,94114,124210,123917,24196,39060,52707,8232,34507,65650,21187,6028,9598,26624,78005,35968,19482,89501,21598,14804,32320,3781,12099,5719,10350,11631,14884,21883,28909,28796,1817,2789,531,982,9227
419140,114881,63765,55575,6971,4622,12721,3283,16130,16255,62997,37126,17486,4484,3338,931,1239,4333,4783,6101,11849,5009,3542,29203,56469,78112,14125,78902,43480,13045,16242,6490,3915,4439,14350,7044,1285820,559889,919894,100149,11721,33936,29305,24126,136449,105273,199143,119371,107988,192729,282251,87291,155878,181136,23717,34505,4674,3059,2589,9627,4207,1999,1298,235055,55761,283383,506340,462847,322902,107812,215035,730577,212162,382179,456612,562004,117036,48429,263664,126669,8159,1742,51559,39300,1149236,653518,795795,586455,425188,56988,174522,60995,16080,4080,57150,23053,18125,1354,1359,976,10952,36619,52886,5963,3399,18246,18945,85343,17990,40634,61299,27283,20849,60822,18894,32863,47015,3249,1958,10339,21702,70099,75248,6630,3387,1212,3410,16517
1132146,316323,94550,148430,24951,2722,5547,8281,88797,35867,166225,269629,138128,39563,8194,13486,6021,44758,2774,1932,10020,9255,1920,12740,23128,19855,16557,21141,38370,27881,19014,14197,845,2220,16936,5360,457233,354906,563404,106880,38772,9856,18984,9533,112640,101463,315628,542353,270837,338517,281655,11869,42529,58072,14841,20863,32581,29404,69869,53026,10506,20236,38616,164536,126227,351641,284454,146771,164804,111986,130797,231941,440268,1388673,1420477,1373424,350356,131168,192001,226393,39278,14831,177218,150609,609437,264324,135337,335220,449110,187849,88977,137357,30462,18333,82023,47955,23602,3850,3173,4915,23026,8005,24761,40676,56644,13923,36435,63914,19458,45768,61377,69676,27378,28403,15161,15779,21682,7853,4903,5432,14212,28958,49955,23194,12000,32349,36580,41370
333430,164590,93882,431233,60762,42380,55212,23844,198546,167350,525980,480159,189341,48441,38538,61449,46997,65034,82817,49654,14484,19877,3936,55522,93426,55976,28852,48644,39363,23844,14895,10173,19426,62261,99147,97015,510299,182513,227357,162450,272507,68668,90623,421167,521155,169223,219994,567844,822765,1436874,279514,28217,59982,43726,6117,23843,39782,3440,9410,4197,12548,66279,70954,146362,60364,69400,141072,162371,270951,48363,53380,201922,165834,299313,876509,448672,203351,160713,214913,206218,153133,49552,885345,664222,1242983,1559917,23108,802697,500463,79698,144875,100974,38856,18728,225890,228665,100399,11273,4688,6051,19420,15649,24101,30017,46907,9121,40077,5511,5936,36564,107440,130440,60638,61214,43920,41169,50657,9828,2722,3171,8462,57935,86800,35472,105873,205903,209478,38364
107069,20405,78043,83248,10232,4680,15320,29951,45799,55593,297259,276333,298656,66239,11623,46934,72775,40422,50784,29660,10434,16342,4013,1857,12442,4624,15139,6790,1623,10274,3482,7224,22952,48320,82537,72934,122259,87971,160638,115672,418755,56265,230881,146081,203665,119927,223327,794422,796478,965954,658871,131490,84726,71492,9336,17817,83561,7726,17592,7885,7192,30536,19025,249662,336849,352063,133876,112147,51247,64296,199595,47732,57689,83243,299630,297746,193832,205906,94403,139170,208482,570406,595776,577291,306842,1332126,388981,713671,370457,16146,35071,30130,16545,12305,62954,56331,16433,4839,1661,2996,5648,2943,8768,18277,21294,1433,1439,2869,152,3851,43714,27015,7488,20154,15038,10347,15167,6402,831,1361,2039,40083,94231,95767,139531,178805,304400,110440
37653,18714,28385,26824,15739,6710,18016,34915,131269,60385,151304,174591,231960,284161,20190,24918,20922,119502,70857,20398,21261,17459,5777,2681,2074,618,1468,3777,2471,6424,4707,7086,17262,28484,35375,21495,116691,133468,118449,139313,407169,62716,520606,399270,265418,73984,230744,734504,1466780,1039137,1426948,137515,53803,116465,54874,20912,29332,13232,27928,45433,46225,99215,86579,68195,61115,104398,204241,79707,68050,123094,200727,1894,4469,37708,18041,18478,47339,126148,44231,43870,68729,385833,111441,62275,402703,220646,209646,353210,232664,7491,4380,2874,1431,3475,7928,15405,22406,18508,1062,682,1290,3389,5438,6040,7404,604,1132,10509,677,4234,21067,33300,12782,21057,22359,10885,30896,3709,2490,1742,4980,325656,673470,100341,319709,130054,280958,790349
46398,63647,33755,139473,24249,13029,38047,49907,84063,40475,109007,82760,26357,6508,1396,701,1311,8165,7570,13151,19312,11884,4857,14109,10810,6704,10916,16860,7990,15760,3238,5859,21208,143482,94695,31284,139449,79866,83811,25218,77083,128665,312896,347695,365351,120775,207589,180140,189597,659016,630081,261101,22201,25798,30333,5879,3525,4901,56646,79539,91689,120806,61733,199224,84319,237012,146742,75205,39947,49013,66193,9114,12604,40741,21447,58148,20997,47492,25302,30941,79774,286015,94032,106660,268948,162549,151186,548138,415524,28534,42077,5107,12391,19632,41038,31110,27878,16899,7168,2494,2723,4304,5125,1362,2333,2865,3166,3993,1732,2485,3168,4842,11875,16218,12757,11547,33026,3024,4758,2494,604,897994,568734,43103,298933,182205,76130,607404
206461,76034,239758,157227,68721,37879,42186,35611,71748,94217,73582,54902,31654,3792,619,155,1473,10814,5016,16248,12331,3534,11503,36164,25528,8097,18657,11324,12351,12019,5851,2151,2994,461,2132,2968,221258,77873,34524,25174,69776,131703,284116,128114,110358,29056,86583,45583,33297,5955,86219,130651,26511,76713,10827,14396,8711,11647,35910,27309,3290,98803,62005,220393,46799,148122,94145,59949,80694,57733,126243,2186,8618,81970,39798,102398,33372,28513,55031,45938,23637,58609,62874,41679,61625,42093,96205,334792,382182,55334,27071,9573,11930,17212,78635,27606,12825,11339,6058,1662,1057,4148,1584,2940,3326,7316,2719,3933,1814,1664,5521,7185,9724,8606,4008,11794,20451,6196,5813,1206,11730,253023,263045,208560,189293,345508,497871,1389185
162364,100691,214876,71495,23928,29596,64808,34757,53037,72147,78295,36354,31880,5432,854,154,2089,17677,4790,8691,5469,2390,17573,61681,29733,3849,6620,9218,7418,4339,4690,310,921,605,752,603,98072,157469,286000,5493,19752,82019,457319,131457,98445,17276,52716,44603,6341,9864,55291,86538,116610,90502,35371,6730,3988,14537,15408,19805,16605,79332,38140,351366,219875,258332,174950,165581,20862,68520,139562,6271,11043,39353,47868,15491,18097,11761,61185,64038,34597,100804,94249,112289,193785,175534,294767,426881,155516,138143,94608,48044,17063,25804,93817,47508,24669,8692,12978,301,75,5272,8592,7035,6640,3402,10876,28734,8070,7479,33222,15853,11409,20539,24685,12985,16081,21772,13590,2196,12467,98283,15711,172690,58738,110557,822327,1851040
283497,50693,54972,23853,4848,15444,32258,77907,170541,208729,113122,140740,82848,6662,464,310,1315,6012,8877,4706,1081,384,9734,24696,26376,16345,10488,3558,1472,3552,4480,539,154,231,461,460,57738,102012,155093,30392,44367,165690,292588,293754,166345,32180,8664,36185,30094,43955,83262,60553,38124,49933,71353,40311,38984,10005,33216,99254,116661,166370,262256,490494,282061,497997,92628,250729,44511,112568,134188,41086,22805,84131,200325,136476,29554,45456,38802,198418,86263,98037,241899,168727,532814,468814,247673,268618,317234,36202,31026,26647,7019,78398,54855,142769,74206,9960,8749,831,1138,2558,3034,5748,6282,1356,11760,8152,6041,11725,113652,71944,59391,228760,40813,129190,57174,36094,25798,9139,39533,58894,54845,73099,73732,420068,367840,1488987
1011258,177447,90559,186555,27796,135333,109802,520350,533827,66555,84133,64170,70887,2557,156,230,466,1395,1933,3088,2395,4624,17986,17142,28696,9470,16974,4245,12371,4088,1538,1699,2220,1071,2525,1227,25499,16469,33601,33898,116375,80623,112932,379421,128267,13537,11054,148501,87875,54409,113146,139659,57322,90337,173608,103980,189556,737505,254887,128447,134844,82574,621967,1803686,1085691,1175576,404785,350269,9275,135259,62333,81223,25653,30386,135254,262257,28217,45423,33441,19417,49151,41535,14334,147230,823817,802554,140722,285575,122436,78232,39050,37512,15242,93621,40034,67869,116643,87996,49202,102074,617625,294803,51001,15637,13845,9294,20422,51428,14565,18732,136066,41094,51676,90859,93822,62951,65279,145763,47697,14371,23148,44304,35110,25073,76257,335457,392694,1014518
786023,232159,123332,98889,99936,72859,161725,1194355,1095668,63698,55190,16601,6191,3800,622,155,232,1546,3322,6398,1319,8470,1916,7325,9188,7848,6655,15971,7183,1924,459,1391,7425,4123,8477,5806,66160,24260,67379,21732,327305,84314,53523,77124,171744,133769,45407,93803,92761,65199,50726,101748,20145,79051,56789,86677,348574,849139,107248,61869,89490,41960,493134,1462570,178217,75762,28521,47643,36452,203116,64023,77662,9053,14373,89390,144192,36904,105788,56325,34853,66375,44765,48942,81507,23736,11870,3861,11105,26362,14699,13974,16781,10498,15097,8687,9603,229482,177882,87227,82433,996083,671798,80260,25364,20474,20836,25230,47691,6424,6797,12247,8974,10500,8388,6802,7996,26431,26013,20387,27730,11636,45959,13452,7389,55395,54850,12248,65219
7350,27637,37096,92172,80015,6883,7350,232230,86340,15723,29033,13386,11209,5799,3095,1163,233,2555,3165,3552,6025,9739,539,5162,4626,1079,697,4237,4081,1541,462,1145,1999,2218,2529,1141,52135,59510,41095,75079,37980,18999,15636,6042,45136,93388,40163,121232,96224,62328,192957,205729,99005,104042,156687,260846,332238,1446639,122766,108124,161430,97939,184218,1298328,739961,284398,175146,150399,39899,52884,69075,11398,5731,18430,105301,66990,48946,65040,42925,39613,11106,25990,27616,61801,10816,9738,14277,21924,29145,23229,2573,7341,3705,34014,76057,81136,554921,127918,182768,428924,501650,365221,179794,63275,27040,14268,14209,13893,4617,8082,5056,9139,18802,2790,1132,6337,21055,18962,5660,5443,22365,42892,13135,15882,22067,24445,11093,39036
2630,6019,9943,11541,14009,14863,10487,87412,122369,30596,40881,16414,16964,14655,2954,383,383,998,2550,6712,7018,18069,4235,10725,7105,1078,1239,3858,2234,2930,154,539,230,531,305,306,43951,17810,24077,168898,79921,6226,2228,6805,180601,317882,197004,105834,82806,133491,78672,123994,191019,22604,9804,16207,117164,522481,62416,29299,50994,79362,38889,162269,529913,106158,155020,296670,237665,81902,76949,27723,27110,134887,143323,214852,21211,30962,24331,47993,41686,104265,24853,17745,7715,4083,6189,22969,15778,27661,12756,9107,4516,7618,48269,40178,159283,195837,139864,65489,175239,229166,359101,254962,29167,11899,29101,84387,1963,2496,5220,20174,24298,23026,12306,19497,20174,1287,6428,12014,13454,1283,5672,24297,42525,9988,10254,12010
2216,4768,16961,6309,62143,48018,54678,110060,211999,927,6981,19383,29004,16348,6595,3421,2010,2702,8479,23412,5251,11579,2165,4391,3309,5325,6160,6152,153,1309,695,1315,1386,306,535,227,149352,159317,157296,59208,88332,34234,6435,25745,298396,138996,253371,51308,63898,86129,288396,362916,122984,18213,7384,1756,108525,76444,21893,37304,44982,58120,35983,179770,228860,81005,62699,60314,74425,38914,131133,87425,65531,281676,121498,616994,98295,27925,12116,32471,73110,234211,81249,181673,46506,45994,17884,70941,82618,12898,4533,5447,1881,4222,39259,99255,249751,284500,8700,10665,7474,103067,114446,110372,30154,36707,87119,72712,7169,14804,21925,30947,5892,14745,8241,12710,6115,2116,3700,3551,8156,1591,2939,22068,62275,23638,17444,13514
2326,5869,18234,10337,102735,47484,48440,119927,94821,6107,21278,17377,12711,23372,23620,2324,4089,2941,5710,14337,4461,5489,1238,232,4691,6499,5244,17202,2541,3323,1388,1148,1151,155,1536,1228,180900,107190,66922,53655,107075,89806,27553,48073,132282,165969,76158,12300,232332,739972,535257,497067,211576,20415,11767,7403,136577,408908,19069,24347,51616,127917,60213,159619,113672,84760,49075,289867,192613,5741,108518,22960,15110,284307,109419,85824,176539,28565,15262,6562,33909,352303,144438,113054,69976,38490,94072,62883,71746,13258,10638,7035,2571,3401,50474,29735,137467,127971,18795,23928,7620,15510,3249,5289,17734,13361,25499,35029,26793,22341,23908,38993,21098,11086,4308,11480,5503,1814,3405,5659,20989,23424,66866,63998,139275,53294,25681,29939
81285,8490,19196,16627,34841,13637,94993,90926,144340,257545,48728,194234,45146,17420,16421,1395,1390,8315,4411,15192,4160,6008,4331,2010,5384,5546,1468,4860,1315,8468,1160,385,311,1139,1988,1913,138342,40227,24515,91899,31167,23410,16441,7965,258553,96038,76079,81124,122085,159019,227544,50833,90859,22665,16613,8248,1290,8789,19254,14986,20460,21785,30426,74939,21571,73160,146590,565751,198563,205832,194933,32320,49643,168971,279946,273221,262339,175258,28585,69476,97127,369535,207964,57592,36253,21813,30157,107708,29925,10644,3702,4077,5044,1735,19404,53726,52667,82269,47425,46031,33951,53770,7551,12618,11936,2423,29306,63885,38895,27523,28586,45931,25531,8461,5140,3934,2795,8068,7261,2797,5034,3328,178429,92550,87997,6203,4750,27318
434638,122334,23458,33932,110572,66769,126389,117335,366347,310238,211796,143636,55949,35525,11142,9042,7799,5474,25538,43044,14189,692,931,5462,4857,848,771,3089,2088,5942,4480,542,382,764,2292,2457,46767,67467,72995,44568,63580,110334,51137,109659,88310,29225,41815,73207,422565,407322,175822,67854,156554,120577,4281,2459,4103,5352,10476,23018,65242,27936,27528,113053,42607,105614,110756,175698,272508,47563,28693,35795,13977,14197,25912,16987,22727,185335,75410,106113,84193,95346,102077,120150,54440,13504,43147,35206,47738,17655,4456,13812,9660,8772,39021,100237,106040,141048,109747,28846,76983,58223,16230,39036,22848,7270,39483,71463,15319,34358,16913,40300,14801,1506,4831,3403,3621,2195,3024,1730,3005,3766,27409,41996,93444,11105,11149,10351
198031,284480,15313,28875,24493,27466,58540,34551,39093,36808,37759,34608,41459,32854,7214,14710,2088,3475,24822,19872,3070,153,1466,5796,9088,1160,466,3405,1228,2779,1319,309,1608,230,761,690,2752,7142,37385,10570,29445,59676,55283,58664,35781,13839,13660,85181,93510,43884,38129,46889,51887,23714,4434,4664,4434,90939,88090,70335,28877,47590,46945,42589,101404,60798,146023,93372,133770,5427,1963,7002,10953,12532,1735,7788,22928,187073,114934,51336,8701,39427,41298,117313,54655,16306,19325,30749,9655,28482,6345,18656,12642,41569,33454,52564,59340,15718,12163,11709,85102,196865,25563,15533,11604,1589,15417,26264,25161,42480,67396,77990,7933,3994,2041,6418,2873,2195,4460,530,598,1807,7238,18734,15850,5408,8205,9655
28051,124816,13057,7663,22889,36403,40291,29177,173357,119480,76592,82881,47244,40590,10250,8683,4333,3171,16719,30892,6086,2165,2009,9493,26136,8250,1924,7018,2617,3844,389,309,845,386,1681,4928,22238,52127,75867,33656,191369,132246,31258,15782,58515,27495,26036,54506,51286,6572,5810,4662,2210,1370,1001,456,153,24183,46589,29481,14932,39102,54976,300511,1030722,196309,383370,547029,151711,18906,7113,10276,1211,3857,1511,16156,32555,48209,99268,61696,18276,24699,36641,156338,53473,11872,8983,23552,19411,31401,8912,15565,5284,38864,137287,106512,138256,5369,829,17184,48710,45296,27202,32041,11706,10585,8304,31078,37156,26230,113654,75163,19321,3777,5673,7250,5643,2872,1513,758,152,1887,8083,3699,16683,23646,7851,62016
113250,158555,59542,69766,52019,60711,62091,28169,138587,80134,158389,121208,13966,43560,53809,72036,64799,38512,73259,94089,47535,17621,19818,57826,34291,23780,10419,19826,7718,10278,9861,24076,12244,49337,61667,109226,71552,18708,61246,50910,93267,151418,6138,4217,52649,39216,22091,69035,256916,48216,19948,1524,5808,757,835,690,451,6967,13948,4984,4282,9176,15161,81434,368663,388780,146124,156278,73328,11066,6721,14016,4163,5804,1964,4308,7319,11939,13895,46449,46020,96103,30721,101175,28915,7094,35085,11920,10542,11020,3170,7841,9590,25111,122000,139743,39491,21453,23900,37926,53627,47345,3398,1589,8953,6723,6581,24725,25809,21470,8596,22047,5593,4234,4382,2870,2193,3402,5362,2560,1278,6271,20923,8614,75028,30592,39130,94490
124010,60829,12503,4745,3530,4777,62107,9015,88817,19368,33990,22337,9598,13563,19054,48985,11496,106266,267143,240661,204183,49106,31455,67596,93767,32103,32589,44942,64546,70342,34412,88727,45059,213847,298852,500155,239281,110882,55792,51042,228172,254822,5820,8970,201116,44562,9879,91202,85088,80927,115033,2296,7672,3904,767,535,918,7127,13047,5421,4750,80375,121790,132670,470796,251550,61613,460374,458488,45217,35101,44838,8832,2557,4002,13015,65861,50020,7776,69216,26292,60678,23935,204605,55651,8447,12392,6495,2799,4225,10495,21053,11163,26246,219044,86645,52514,71266,27642,68760,64043,30131,9291,5447,5959,4084,3255,6156,16298,4299,759,2412,20259,8767,25932,12620,1811,7693,8317,3636,1061,5442,13042,6649,160749,80737,92958,166850
72917,45762,4982,1972,945,1177,65470,68138,57871,9532,12391,9766,10299,5487,5578,47888,26138,36001,46674,120386,95473,69777,2392,11645,27337,39302,33999,44944,418642,187915,14536,55564,130160,327702,260274,634734,319649,61773,40037,118536,143071,97151,57795,57048,109540,17066,13945,90910,235262,80057,98424,14255,29997,7959,5203,4357,9282,43570,23778,6910,7584,60818,103478,117165,262208,412840,304343,216880,164147,22810,5667,28246,4990,302,2724,15167,41489,52957,14290,313487,316892,179020,41349,419395,59149,7312,25840,10716,756,3406,14196,20324,37884,21802,168364,109503,192221,468361,38702,45210,208131,156133,20802,44181,38838,11404,30897,35757,39157,4913,835,2481,52806,38157,61617,19088,680,6789,12072,16304,15300,12464,13518,7938,222161,191968,135739,143960
197213,116381,22162,3476,2901,6341,44663,18921,24407,6914,34301,36890,47547,125972,41072,103408,40498,34929,130731,112939,273464,385659,15411,34140,16964,17010,17234,6937,123410,60604,32193,38657,28688,76168,75240,29698,200799,327601,37791,49480,88579,156481,23473,21114,45515,3141,3748,57137,124061,114407,81954,28696,18705,15703,7568,9563,9118,23313,16379,8812,4228,124184,211977,267107,1424046,661881,456078,396753,178916,37320,12844,40854,8383,455,1733,29205,32877,18141,50211,683155,532948,141207,77218,272916,123814,96680,117534,653787,95722,92201,32310,14286,17328,17113,82077,127125,151367,250140,58246,22481,79547,78155,9446,27479,65198,11032,20776,36102,48068,13068,22013,30580,14970,48659,43353,59001,45713,30523,38068,79887,109684,45094,109282,104350,143805,121842,214569,355980
141806,131103,22526,4653,3035,11745,42668,32130,35923,7588,48092,29296,29794,135700,15117,18463,62308,29131,53653,5492,4096,29037,11316,19578,10485,9502,32723,21134,121436,46817,10663,32489,22406,127828,26344,11116,454718,237005,10012,18689,47497,208562,73492,233164,71947,19285,27049,65783,115399,125328,53951,6265,6411,18610,9329,5283,12920,11736,2304,2064,6062,120317,80903,120582,597082,182506,151577,227865,182985,32160,101116,80995,10647,12830,27198,4069,2421,5213,24327,57997,114200,88757,103474,80884,248404,192426,109798,198923,117344,75930,15645,15542,11180,11168,47093,344564,458039,69357,131320,2194,1741,1740,2867,4529,1894,1889,4450,4674,7934,18956,11034,37315,3991,13517,36019,133168,76108,13729,20683,51194,34426,45868,88154,58021,119397,128581,101711,113819
389369,93723,23788,17931,20877,50282,41227,27955,60402,35004,101821,51476,70559,204007,45351,61064,65201,73822,28408,6700,22773,68433,49138,236389,70110,23794,52407,18593,64182,24759,24587,21637,91204,152669,64872,57786,688403,540615,84694,87970,149890,177576,103119,145123,101107,48077,117136,54084,241747,113921,96929,5827,21189,9503,4681,3066,19523,23187,5289,3600,7136,172462,107069,410767,933182,1277735,126164,449751,32310,17094,97400,163449,13153,7788,12459,5961,1135,3324,8912,17662,87334,61294,78256,41545,66615,48566,30221,28385,31107,70483,11026,7030,5579,17168,45151,155672,147417,66772,56574,16374,830,680,2413,3403,2795,3472,3397,5826,11775,2041,5815,30486,13121,32416,36717,80140,33555,6868,16278,32670,32325,57859,42369,34890,45695,211786,151878,109944
131659,22530,13125,31288,16110,27676,18627,9672,11556,22917,43208,49603,70592,48815,39650,40393,46930,63953,49274,14887,20212,32069,5400,6166,35501,35722,111019,53084,123433,25191,4853,3326,13002,191859,167800,115985,302372,302784,58866,97702,146386,254410,57126,21204,13400,13493,76427,24089,41565,54433,153105,32254,62866,38295,23499,35790,70245,136704,564801,236915,21821,432061,212064,442736,1155051,879562,278167,371037,88182,57558,88927,187226,28218,9148,19491,9452,3332,9650,23038,12781,2653,8170,19105,176689,151821,44572,1724,27611,98690,61495,37328,32558,8701,4908,10729,57873,99937,27944,24149,30532,3400,5357,2798,830,1287,14040,5131,12378,39191,1966,10585,26199,29000,51822,67961,87119,20879,2868,13583,13506,15274,29518,5880,3013,3085,3391,24261,52899
33424,29914,38102,24172,22183,22065,3442,3293,1784,1701,1083,12306,9527,4569,1770,4880,26254,9252,10877,22548,21216,25265,10945,6628,50743,79399,107490,143929,171850,13216,2620,2550,12733,227556,168565,35411,346945,115801,28760,28452,88992,106231,65979,40841,36225,20365,45787,113170,290567,415874,544802,201179,53698,56073,50490,143521,190015,471480,1687657,719415,45689,431491,326804,503966,1110949,980534,725722,577001,6652,1740,8551,51068,53863,25147,14726,6572,2490,2927,15005,28010,14443,5593,13677,26657,459935,42323,46985,33074,49039,70807,12168,33723,130442,368292,111591,230182,104529,2108,19995,43888,4755,8679,3858,4159,6489,11414,6053,18587,20852,5292,8689,7850,9451,66808,28903,17767,33725,24252,15631,34929,73798,77777,3251,8516,5127,3557,19339,54410
41571,21256,14817,7206,37251,15668,543,4221,1477,696,542,22096,10306,8981,6158,2946,18137,1848,6040,8175,10863,31107,49570,40590,103706,20401,125431,90398,95555,34799,18210,29194,26328,182852,202478,171076,153465,42639,15316,2686,11002,19591,36999,11406,11281,6903,44557,115462,30455,37732,406445,292555,10007,20980,56320,129171,140724,265402,556197,874935,93071,848662,275634,334496,3016299,1360587,104284,64121,4001,2952,3633,34996,17772,7188,13680,15541,19049,16903,8392,9873,5887,7524,5968,10635,329575,101986,303528,23923,44462,16625,10957,17533,63330,266609,236615,554286,182557,5594,8238,6207,15116,11245,9810,4671,1285,2639,4156,5365,1815,7786,5296,984,4832,8767,29157,12079,31386,19103,15237,7547,11489,5144,1428,6268,2193,4748,10274,14813
117734,36953,30089,28491,19489,14783,12040,7870,1388,1859,1466,21703,8202,16564,20052,1240,8191,5864,6569,18239,15950,45465,68985,7397,10092,7953,20588,27625,11657,31050,14345,78020,23555,24096,32872,55946,19747,3284,8697,1382,1834,6749,13690,5865,8511,6885,6894,63724,15519,8846,273954,306825,22588,32170,61664,163188,84577,521511,1110217,904099,107400,242654,777377,429554,803852,2191712,689179,450968,5286,3170,13285,87921,31120,63276,53156,35565,22429,27964,51763,56880,18500,32406,16684,105572,249905,113963,141861,9228,18170,6340,1279,15176,139219,228030,77116,400860,145656,25322,12377,7236,9522,9228,2491,3550,378,3397,3476,3023,2270,2110,4237,981,378,16678,45012,29641,12225,1439,17896,5281,3394,6724,5286,8836,2041,2043,7046,26272
44524,29043,8059,15403,15371,6399,3837,1327,387,1161,1548,33446,16030,11870,10217,5114,6940,617,6702,19920,32877,94609,30400,9229,2158,18909,28459,14530,37574,78421,41588,51771,6039,18490,18603,19944,42646,9130,4976,4058,3281,9776,10087,4454,8505,4983,17556,50422,23289,3439,123961,139470,127178,63225,82021,97984,50069,713492,907132,664720,244503,439516,409587,92554,1521009,372842,104414,119039,8690,23520,94900,61219,30947,10742,20288,42014,10621,13445,30435,29030,29835,19477,16689,197990,65500,37484,159606,30078,39248,25070,13904,24702,38229,115738,172265,709539,176515,17294,13606,11090,5431,1813,3314,2263,605,530,1435,3849,3631,4828,4008,8221,15231,42041,71084,51189,12880,2341,14873,12001,4986,8535,2034,4612,4917,1513,6850,37921
25410,16251,5600,11006,3201,394,2347,1094,699,1852,2167,9685,10319,109513,99298,15492,13919,26146,28582,16502,20544,79297,46035,48163,41193,24144,39864,30965,30501,99576,202486,183977,16097,82519,34258,34471,14068,8734,1316,765,3680,4963,3833,6426,9948,2381,12275,26470,8715,7028,409913,256633,184355,100433,202559,230299,287020,612603,795911,571333,243141,383752,133645,114078,683934,511024,554074,465568,32172,30387,64400,100324,16962,12828,14675,61713,21454,24613,44314,11463,35444,15105,6045,14812,23122,41036,101265,44615,60788,122088,32906,84017,97649,88379,66390,173230,98772,3172,32222,15715,17150,302,303,1662,683,2044,2264,6488,1058,1887,830,3017,5898,174467,150229,334263,158312,58280,47683,32915,25765,69643,49618,39376,37021,15377,11091,32491
78972,40263,21661,12957,2569,1723,1713,705,311,1394,1551,19237,9229,10699,3168,33199,11551,11650,10103,5791,9955,35468,18386,48867,33979,5927,12858,12193,22663,19500,2704,75649,134375,38317,20078,38154,11076,4444,459,227,2303,5192,3989,4451,6126,1760,10324,63511,17459,8553,12271,15844,24430,45460,48784,149726,191597,51625,97591,130829,107733,103416,85566,43010,56078,44134,147997,273388,45088,20835,30464,61158,248345,82957,33358,50734,104533,71557,117469,31523,38383,26575,25678,72915,22892,50746,164621,96369,63913,72525,39595,106222,142341,135609,59194,141176,76409,27200,25493,8007,3759,226,76,2036,1345,2114,4369,2931,3631,5903,987,1655,5135,38232,39792,143562,95492,54139,17215,49580,14015,76634,80083,12149,23523,12824,5035,6184
37944,42459,19253,4659,5853,2816,6181,2431,2082,5337,8342,43060,17495,20010,8197,25562,1928,7792,16201,9200,10511,19517,11844,29268,30882,5713,11114,12354,2401,6376,6182,74734,126742,56284,32607,125132,47178,534,227,76,995,1536,1303,1529,5267,761,7084,10990,7831,11496,19607,9290,8510,39549,62955,151657,79723,60869,143892,44367,11770,48518,66926,99114,69745,44127,235856,253125,402805,566200,114208,244948,101942,76634,43139,36011,26078,24342,89455,41618,14202,11020,26331,75506,29215,94762,109166,24123,21594,23885,52282,57544,4897,240019,157514,118385,85739,41188,44103,4082,3174,456,529,1206,3775,905,2802,3335,1502,1207,378,682,3640,53913,43000,102120,59857,14458,10852,10119,2265,10895,14716,5656,10429,23675,3235,11644
175212,123235,66747,83659,24310,37451,31205,140029,32003,31746,21254,25433,21518,41978,103499,16971,4768,8345,21083,53406,37137,23417,5461,13416,19065,3776,1238,2838,7297,10951,3388,86500,65624,13464,10465,20019,13067,2526,599,300,2199,1530,19472,52539,8411,17224,9639,4879,764,2764,65933,150128,19739,11341,32019,134607,38661,45302,96858,37113,37853,56242,82796,69578,40048,44638,682481,582152,688754,628320,137543,332778,254367,139383,100803,110391,484029,113706,295847,1474691,1196671,209243,2450778,3233989,982308,386079,963483,147091,69863,27561,210854,156354,417608,235695,201645,261699,301163,11493,12128,35390,64085,29774,37529,9835,64252,49471,22196,14697,31099,36582,15017,17148,8209,42753,35587,48092,22732,14658,12398,14961,7705,16907,19763,5066,14888,30284,13389,18664
148531,225142,31057,127924,21125,28365,81019,314291,156241,29219,11392,33352,46693,30105,26045,10036,8620,6255,25231,19446,17593,24218,38713,36823,12263,7032,7644,3769,2010,9621,6681,13794,8044,10175,7664,9268,8243,2457,765,2517,5825,3536,5379,7276,11678,17210,15980,31604,7870,10641,51437,135326,57173,20737,12805,5970,31777,32016,51955,9112,81288,377698,151218,334558,87662,211666,355299,272297,188703,241939,257196,348699,358688,119847,138501,121524,360884,139744,244614,1925572,1917478,461570,962354,1263629,746958,529280,394891,267598,81715,17303,242577,314478,434457,577061,252857,360790,136439,2869,1439,10354,18874,20435,37316,16006,54104,40741,21757,19470,34522,42077,10800,10737,5754,27976,10508,3548,56280,57784,63084,17581,46309,28027,35351,63608,161749,43407,196568,62507
93753,21417,21275,48554,8416,9821,6562,61982,113919,8595,2630,6354,51925,59855,43293,38174,6718,13995,17652,16049,9067,42327,26869,56308,14971,11583,8184,10393,36485,18576,10008,48111,48186,56377,59098,28029,12743,8134,5888,1063,9027,7028,4456,3531,40123,44915,155367,7277,32756,52138,59940,95178,39273,4454,10919,15474,27075,22229,48883,19360,89441,190286,185784,120824,68745,122747,666132,780583,1061906,347128,187746,126507,67354,42464,34170,9037,170652,175483,170577,1693607,1777112,288223,922632,1950008,517473,469683,191472,121017,33596,35834,63367,131089,168091,195340,106666,222907,124152,13203,11270,16604,17361,17512,6864,18447,18951,62503,35669,37896,35093,42249,7166,8618,5358,22570,6030,2631,12802,17387,42760,7095,13341,25549,26263,42947,151010,35339,67883,59582
81814,76319,22904,91887,6040,4846,15231,74713,45645,18221,9140,6812,23767,18194,12083,9086,3776,9404,42561,32031,81540,58738,16565,13933,3552,5716,1927,6995,21709,13220,8348,52413,81155,15436,41156,78992,55410,12035,7329,2304,7877,3224,3296,6066,20517,31531,15936,8160,9859,40930,44472,37473,21642,687,7479,23543,304295,87178,180693,116080,87446,265027,282964,35987,27267,50405,95747,731488,538256,738703,1276398,505504,61742,33749,60309,25738,27423,16925,93124,1532998,987218,753126,326861,1379177,991673,598774,385835,125913,4919,9133,18561,29647,11454,4227,28014,73190,60178,15467,47515,16585,31203,8250,10033,5442,8773,39071,10410,15420,45348,32184,683,1741,2721,2639,13520,23857,20114,32721,33007,4366,32383,18440,5896,27857,36876,14119,12238,33339
225792,222736,17341,29823,8682,33954,150029,28753,35668,14694,3094,3883,26033,6983,13540,9065,5486,7861,7879,13175,27029,30828,7795,12417,9726,3949,4957,7982,15840,11565,25166,79787,74403,19400,17113,40655,25128,2303,1459,1686,4887,4658,2455,2534,36097,60982,40346,41483,22695,42396,67531,30462,57715,14695,17075,137023,118325,50833,166585,80634,150916,309041,208643,63010,62621,195053,209090,276018,240690,314579,995619,479682,25472,40182,49096,101794,34329,16318,87070,456260,572179,483818,170334,1305875,541119,179088,229217,61452,27164,25769,9666,17261,3314,3619,27928,322551,90169,15306,10424,1802,15942,11937,2718,527,12455,33772,15257,12305,23032,53692,3491,3250,11340,16377,54609,28812,33030,32395,55115,13827,14939,10199,9451,13208,9973,12977,24957,49894
263624,113912,24125,18626,169922,118651,99347,20687,26657,7357,7575,11977,35533,4487,6517,8594,389,773,2468,3088,40444,77582,66197,79539,23104,42858,85098,16656,71490,32084,51042,110885,42662,29394,383691,219185,120675,13068,11391,13829,14393,15305,1296,4970,26433,25834,41366,73181,48738,87313,143066,75491,46549,143781,206020,283635,75128,27273,117365,97723,220507,307907,166556,188378,88989,101133,864213,1398077,424798,206334,344295,1387365,17443,51776,49342,251269,253576,60596,141288,319826,467004,180344,119611,1018978,329246,39340,639848,47796,9803,20138,9451,21693,2946,1434,29786,130921,59661,9829,20613,8537,22747,9675,7619,1883,12474,10335,4913,2033,5064,8766,11619,19616,28407,19646,44108,71234,31775,18668,10414,3779,4916,2946,1734,3259,52583,66598,42909,158918
163824,62672,64575,16700,133848,106816,90413,34304,28744,4882,4796,22596,65020,2010,1083,3794,1846,3402,7322,3867,27000,42477,66384,20604,21559,25316,53339,22788,38063,38962,55712,36413,21908,10698,176199,39676,49535,27495,41888,51696,21658,42299,993,5057,4509,10931,18055,10006,81557,183896,228649,81946,30359,191753,359017,1261794,233305,78752,311466,609568,261359,535237,496203,221174,228468,244352,304575,612949,525551,467377,571368,704803,123132,237871,351718,232473,35799,23412,423311,668148,358703,261000,321691,928331,351573,33424,354395,15101,7857,25384,15286,99029,117304,29088,81787,62867,47169,8748,104406,25769,22501,18018,12986,25913,21468,33823,13051,4305,4077,3995,3077,9949,28685,11669,15322,129934,62946,53977,57517,4305,9618,454,756,1811,78249,58039,39160,243232
84691,43025,159431,43535,163619,120141,77564,127827,320928,50217,5196,17343,54070,701,848,4490,3084,3235,4858,4550,9108,9474,12511,24993,39028,44709,57497,37101,117254,58912,41379,5940,5818,11084,130048,28167,57549,16777,45708,93006,15074,25497,3760,4282,3604,12486,8876,21764,42610,106015,323453,36489,52946,253418,182790,533851,167817,209559,304459,444068,499554,543604,529061,111259,162293,231848,391426,320859,219689,74440,479683,255610,128309,92898,232318,64174,48948,25389,954037,289481,107825,54147,65126,127583,268060,109664,614675,96916,37274,81467,28944,206479,41499,10046,2568,46998,59034,10666,51149,24969,6659,44129,68043,71736,13956,18506,4152,834,3910,7926,2332,8453,8837,3845,2789,22273,20861,53429,112254,17976,21552,8459,5741,35244,62304,39058,107634,279903
26720,29854,49142,19432,56846,69419,127327,139458,168488,104111,23224,49749,73352,927,695,2943,1469,1695,10490,5565,10807,74691,27763,47504,67783,27984,27142,37284,59730,8809,30179,3786,4837,24694,308767,47215,48934,7419,15013,97642,4590,8584,1925,1217,844,3372,2532,47762,84873,132971,188546,53031,73796,159090,89871,475063,22460,22169,274009,621194,353940,841793,937770,111321,37768,83466,845287,538170,199010,295364,104790,111097,181932,86392,452785,151336,128062,185374,1460873,542712,246414,139801,36805,168568,109450,110257,91616,57095,31383,27492,27616,46055,29204,7934,7767,123379,119100,14907,26341,23689,32197,35120,81609,15934,6648,31352,22522,41008,32565,39015,17370,36039,21223,3403,11779,10041,54904,47269,100150,31465,16609,43870,37128,64848,121627,22012,25389,36996
32487,16587,85784,27778,63982,145535,170165,372529,77047,254253,10917,144339,91208,1471,847,3104,1386,1937,6172,32216,30776,138699,91215,49304,37748,55647,48215,28322,108201,64093,62071,17967,5409,14947,856608,112120,41949,10458,48722,65658,15992,20070,11854,4761,7117,7295,2677,39202,267882,334617,253525,19315,46176,237005,36272,473247,166758,97396,689083,650142,77220,1062185,293867,134942,99433,69377,962778,541662,382258,159396,517679,1168345,513101,216185,1126211,482841,499976,1635544,2889425,1403281,91813,76688,694162,968862,376575,241131,45518,140420,81888,51635,45812,155189,114258,28128,32067,806164,558662,49539,33314,63096,75983,70064,128615,16914,2942,26433,29540,90708,104156,247402,32255,25993,54226,3789,1888,26894,130428,17267,44617,92012,8464,57693,83224,191400,145840,54887,51633,62126
