37240,4713,4363,3924,3565,3142,4228,2890,2875,2871,1644,1811,1472,988,903,1234,1558,733,80,325,737,328,81,162,83,0,0,0,0,0,0,0,0,0,0,0,0,0,0,0,0,0,0,0,0,0,0,0,0,0,0,0,0,0,0,0,0,0,0,0,0,0,0,0,0,0,0,0,0,0,0,0,0,0,0,0,0,0,0,0,0,0,0,0,0,0,0,0,0,0,0,0,0,0,0,0,0,0,0,0,0,0,0,0,0,0,0,0,0,0,0,0,0,0,0,0,0,0,0,0,0,0,0,0,0,0,0,0
4795,38678,4122,3569,5094,3931,3608,3267,2447,3896,2355,1953,2112,2034,1795,568,974,488,487,240,809,406,244,321,161,163,0,0,0,162,81,0,0,0,0,0,0,0,0,0,0,0,0,0,0,0,0,0,0,0,0,0,0,0,0,0,0,0,0,0,0,0,0,0,0,0,0,0,0,0,0,0,0,0,0,0,0,0,0,0,0,0,0,0,0,0,0,0,0,0,0,0,0,0,0,0,0,0,0,0,0,0,0,0,0,0,0,0,0,0,0,0,0,0,0,0,0,0,0,0,0,0,0,0,0,0,0,0
4091,4816,39977,4460,5139,5146,3917,4242,4205,2658,3413,2741,1531,1782,2506,1295,808,1294,1127,405,726,561,403,160,79,406,0,0,0,0,0,0,80,0,0,0,0,0,0,0,0,0,0,0,0,0,0,0,0,0,0,0,0,0,0,0,0,0,0,0,0,0,0,0,0,0,0,0,0,0,0,0,0,0,0,0,0,0,0,0,0,0,0,0,0,0,0,0,0,0,0,0,0,0,0,0,0,0,0,0,0,0,0,0,0,0,0,0,0,0,0,0,0,0,0,0,0,0,0,0,0,0,0,0,0,0,0,0
3505,4138,3719,38587,4574,5800,5135,2696,5834,3240,3063,3473,2904,2184,2100,1374,1374,1202,803,1124,966,565,242,320,162,161,81,82,0,0,0,79,0,0,0,0,0,0,0,0,0,0,0,0,0,0,0,0,0,0,0,0,0,0,0,0,0,0,0,0,0,0,0,0,0,0,0,0,0,0,0,0,0,0,0,0,0,0,0,0,0,0,0,0,0,0,0,0,0,0,0,0,0,0,0,0,0,0,0,0,0,0,0,0,0,0,0,0,0,0,0,0,0,0,0,0,0,0,0,0,0,0,0,0,0,0,0,0
4903,3543,4075,4809,41584,4039,3738,4454,3542,3600,3442,2972,3444,2728,1756,2091,2079,1282,1272,798,793,473,158,320,237,317,80,321,78,0,0,0,0,0,0,0,0,0,0,0,0,0,0,0,0,0,0,0,0,0,0,0,0,0,0,0,0,0,0,0,0,0,0,0,0,0,0,0,0,0,0,0,0,0,0,0,0,0,0,0,0,0,0,0,0,0,0,0,0,0,0,0,0,0,0,0,0,0,0,0,0,0,0,0,0,0,0,0,0,0,0,0,0,0,0,0,0,0,0,0,0,0,0,0,0,0,0,0
3556,4037,3924,4499,5833,41056,4615,4040,4812,3600,3123,4014,3600,2735,2888,2573,2561,1513,1277,1523,1202,557,320,158,158,0,242,242,160,0,0,0,0,79,80,0,0,0,0,0,0,0,0,0,0,0,0,0,0,0,0,0,0,0,0,0,0,0,0,0,0,0,0,0,0,0,0,0,0,0,0,0,0,0,0,0,0,0,0,0,0,0,0,0,0,0,0,0,0,0,0,0,0,0,0,0,0,0,0,0,0,0,0,0,0,0,0,0,0,0,0,0,0,0,0,0,0,0,0,0,0,0,0,0,0,0,0,0
2741,4429,3268,3754,4132,5654,38167,3312,3769,4166,4163,3761,4576,4644,2327,2648,2633,1998,1752,2065,880,642,1043,476,635,0,79,401,242,81,0,0,0,0,0,0,0,0,0,0,0,0,0,0,0,0,0,0,0,0,0,0,0,0,0,0,0,0,0,0,0,0,0,0,0,0,0,0,0,0,0,0,0,0,0,0,0,0,0,0,0,0,0,0,0,0,0,0,0,0,0,0,0,0,0,0,0,0,0,0,0,0,0,0,0,0,0,0,0,0,0,0,0,0,0,0,0,0,0,0,0,0,0,0,0,0,0,0
3642,5003,3683,3108,4531,5751,4123,39373,4556,4319,4896,4814,4402,2562,2563,3455,2004,2713,1841,1361,1357,1680,1353,320,563,159,397,402,401,242,82,239,80,157,0,0,0,0,0,80,0,0,0,0,0,0,0,0,0,0,0,0,0,0,0,0,0,0,0,0,0,0,0,0,0,0,0,0,0,0,0,0,0,0,0,0,0,0,0,0,0,0,0,0,0,0,0,0,0,0,0,0,0,0,0,0,0,0,0,0,0,0,0,0,0,0,0,0,0,0,0,0,0,0,0,0,0,0,0,0,0,0,0,0,0,0,0,0
2210,2765,3324,3889,3848,4799,5044,5039,37572,6038,4681,4284,4845,3725,4287,4201,3564,2692,2694,1738,1659,1746,946,789,1029,637,476,156,398,155,78,78,0,0,0,78,77,0,76,0,0,0,0,0,0,0,0,0,0,0,0,0,0,0,0,0,0,0,0,0,0,0,0,0,0,0,0,0,0,0,0,0,0,0,0,0,0,0,0,0,0,0,0,0,0,0,0,0,0,0,0,0,0,0,0,0,0,0,0,0,0,0,0,0,0,0,0,0,0,0,0,0,0,0,0,0,0,0,0,0,0,0,0,0,0,0,0,0
3366,3004,3888,3640,4096,3771,4982,3841,4288,37327,5235,3725,4763,3571,4445,3183,3785,3562,2843,2603,2211,1729,1346,1191,1581,550,632,712,239,471,80,0,235,0,233,0,0,158,0,0,0,0,0,0,0,0,79,0,0,0,0,0,0,0,0,0,0,0,0,0,0,0,0,0,0,0,0,0,0,0,0,0,0,0,0,0,0,0,0,0,0,0,0,0,0,0,0,0,0,0,0,0,0,0,0,0,0,0,0,0,0,0,0,0,0,0,0,0,0,0,0,0,0,0,0,0,0,0,0,0,0,0,0,0,0,0,0,0
2301,1711,3561,3000,3610,3770,4640,3606,4286,4365,34941,3888,3648,5080,3897,4128,3881,3311,2848,2540,1739,2301,1732,1745,1035,950,636,474,314,238,0,236,80,79,79,78,78,80,0,0,0,80,0,0,0,0,0,0,0,0,0,0,0,0,0,0,0,0,0,0,0,0,0,0,0,0,0,0,0,0,0,0,0,0,0,0,0,0,0,0,0,0,0,0,0,0,0,0,0,0,0,0,0,0,0,0,0,0,0,0,0,0,0,0,0,0,0,0,0,0,0,0,0,0,0,0,0,0,0,0,0,0,0,0,0,0,0,0
2056,2354,2749,2907,3844,4257,3921,5695,5087,4525,3727,36987,4748,3570,4609,4435,3953,3800,3406,3173,2927,3149,1662,1511,1898,1184,1032,943,316,867,396,157,157,156,77,78,0,79,0,0,0,0,0,0,0,0,0,0,0,0,0,0,0,0,0,0,0,0,0,0,0,0,0,0,0,0,0,0,0,0,0,0,0,0,0,0,0,0,0,0,0,0,0,0,0,0,0,0,0,0,0,0,0,0,0,0,0,0,0,0,0,0,0,0,0,0,0,0,0,0,0,0,0,0,0,0,0,0,0,0,0,0,0,0,0,0,0,0
1640,1382,2341,2427,2579,3362,3689,3842,4683,4995,4920,4285,35827,4287,4924,3657,3643,5375,3481,4028,2368,2604,2848,3328,1744,1735,950,869,709,474,238,237,77,79,0,157,0,78,0,79,79,0,0,0,78,0,0,0,0,0,0,0,79,0,0,0,0,0,0,0,0,0,0,0,0,0,0,0,0,0,0,0,0,0,0,0,0,0,0,0,0,0,0,0,0,0,0,0,0,0,0,0,0,0,0,0,0,0,0,0,0,0,0,0,0,0,0,0,0,0,0,0,0,0,0,0,0,0,0,0,0,0,0,0,0,0,0,0
1811,2028,1867,2184,2159,2482,2476,2648,4843,3739,4363,5011,4289,37973,4373,4361,5064,3874,3637,4038,2609,2295,2535,2371,1579,1822,1892,1421,871,788,316,319,312,237,0,154,77,80,78,158,156,80,0,0,0,0,0,0,0,0,0,0,0,0,0,0,0,0,0,0,0,0,0,0,0,0,0,0,0,0,0,0,0,0,0,0,0,0,0,0,0,0,0,0,0,0,0,0,0,0,0,0,0,0,0,0,0,0,0,0,0,0,0,0,0,0,0,0,0,0,0,0,0,0,0,0,0,0,0,0,0,0,0,0,0,0,0,0
986,1217,1212,2102,2414,2565,2646,3986,3737,3335,4205,4361,5096,4049,37572,5719,4422,3245,4582,3957,2848,2922,2448,2133,2851,1496,1428,1194,867,793,713,630,474,158,469,235,393,157,154,79,154,78,0,0,0,0,0,0,0,0,0,0,0,0,0,0,0,0,0,0,0,0,0,0,0,0,0,0,0,0,0,0,0,0,0,0,0,0,0,0,0,0,0,0,0,0,0,0,0,0,0,0,0,0,0,0,0,0,0,0,0,0,0,0,0,0,0,0,0,0,0,0,0,0,0,0,0,0,0,0,0,0,0,0,0,0,0,0
1395,968,1616,1210,2956,2565,2805,3528,3241,3727,3897,3890,5396,3654,4363,36438,5454,4904,3641,4434,3400,2920,3413,2524,3462,2457,1975,2218,1104,954,1188,786,549,551,466,390,393,237,0,78,77,0,0,78,0,0,0,0,0,0,0,0,0,0,0,0,0,0,0,0,0,0,0,0,0,0,0,0,0,0,0,0,0,0,0,0,0,0,0,0,0,0,0,0,0,0,0,0,0,0,0,0,0,0,0,0,0,0,0,0,0,0,0,0,0,0,0,0,0,0,0,0,0,0,0,0,0,0,0,0,0,0,0,0,0,0,0,0
728,1616,878,1534,1675,1914,1922,2801,2299,2767,3641,4099,5400,3158,3563,4734,36422,5050,4093,4170,4116,4095,3155,3073,3398,2288,1887,2676,1973,1183,1097,633,1028,389,394,395,544,470,78,0,158,0,0,0,0,0,78,0,0,0,0,0,0,0,0,0,0,0,0,0,0,0,0,0,0,0,0,0,0,0,0,0,0,0,0,0,0,0,0,0,0,0,0,0,0,0,0,0,0,0,0,0,0,0,0,0,0,0,0,0,0,0,0,0,0,0,0,0,0,0,0,0,0,0,0,0,0,0,0,0,0,0,0,0,0,0,0,0
330,1137,403,962,1513,1521,2319,2234,2532,3549,4505,3317,4268,4107,4022,4189,5929,40953,3853,4496,4172,5113,2910,2590,2762,3081,3312,2281,1576,1581,1182,1028,1334,551,390,310,470,236,153,0,0,160,78,0,0,0,157,0,0,0,0,0,0,0,0,0,0,0,0,0,0,0,0,0,0,0,0,0,0,0,0,0,0,0,0,0,0,0,0,0,0,0,0,0,0,0,0,0,0,0,0,0,0,0,0,0,0,0,0,0,0,0,0,0,0,0,0,0,0,0,0,0,0,0,0,0,0,0,0,0,0,0,0,0,0,0,0,0
731,891,812,810,1041,1916,1516,2387,2058,2286,2755,3630,4110,4425,3954,4984,4497,4891,42317,4720,4013,4795,3927,3863,3071,3772,3623,3302,1959,2044,2215,1499,1489,1174,471,472,548,623,80,157,237,77,78,0,0,0,0,0,0,0,0,0,0,0,0,0,0,0,0,0,0,0,0,0,0,0,0,0,0,0,0,0,0,0,0,0,0,0,0,0,0,0,0,0,0,0,0,0,0,0,0,0,0,0,0,0,0,0,0,0,0,0,0,0,0,0,0,0,0,0,0,0,0,0,0,0,0,0,0,0,0,0,0,0,0,0,0,0
82,245,726,487,794,878,716,1761,1744,2294,2929,2297,3072,3543,4267,4812,2995,3626,4423,38428,4403,4240,3696,4809,3949,3778,3862,2528,2129,1258,2525,1879,1249,1178,1016,705,863,78,156,473,232,154,79,78,80,0,76,0,0,0,0,0,0,0,0,0,0,0,0,0,0,0,0,0,0,0,0,0,0,0,0,0,0,0,0,0,0,0,0,0,0,0,0,0,0,0,0,0,0,0,0,0,0,0,0,0,0,0,0,0,0,0,0,0,0,0,0,0,0,0,0,0,0,0,0,0,0,0,0,0,0,0,0,0,0,0,0,0
244,163,241,643,1196,1124,562,1521,2136,1977,2051,3174,3879,3559,2998,4019,4098,3236,4178,4176,37174,4803,5273,4098,4419,3783,2982,3545,2441,2673,2048,1730,1954,1168,1397,864,857,545,857,309,474,155,156,237,158,157,0,154,0,0,0,0,0,0,0,0,0,0,0,0,0,0,0,0,0,0,0,0,0,0,0,0,0,0,0,0,0,0,0,0,0,0,0,0,0,0,0,0,0,0,0,0,0,0,0,0,0,0,0,0,0,0,0,0,0,0,0,0,0,0,0,0,0,0,0,0,0,0,0,0,0,0,0,0,0,0,0,0
82,162,483,485,1043,724,718,963,1420,1497,2527,1977,2842,3095,2612,3479,4896,3866,4655,5981,5035,38594,4644,4188,3854,5124,5600,3468,2914,3934,2120,2685,2345,1875,1482,1649,1254,703,1014,550,316,391,79,155,157,80,80,0,79,0,0,0,0,0,0,0,0,0,0,0,0,0,0,0,0,0,0,0,0,0,0,0,0,0,0,0,0,0,0,0,0,0,0,0,0,0,0,0,0,0,0,0,0,0,0,0,0,0,0,0,0,0,0,0,0,0,0,0,0,0,0,0,0,0,0,0,0,0,0,0,0,0,0,0,0,0,0,0
162,162,161,648,400,883,563,1116,1192,1576,1973,1585,2299,2379,3639,3004,3705,3394,5428,3871,4268,5279,39350,3780,4722,3472,3547,3547,3240,2847,2527,2992,2427,2186,2120,1560,1021,1163,1175,702,316,624,474,236,229,155,0,315,78,0,0,77,0,0,0,0,0,0,0,0,0,0,0,0,0,0,0,0,0,0,0,0,0,0,0,0,0,0,0,0,0,0,0,0,0,0,0,0,0,0,0,0,0,0,0,0,0,0,0,0,0,0,0,0,0,0,0,0,0,0,0,0,0,0,0,0,0,0,0,0,0,0,0,0,0,0,0,0
81,0,242,317,480,78,716,1357,630,871,868,1269,2292,2603,2374,3393,3239,3856,4424,3931,4558,4010,3784,39207,4406,5350,4869,4500,3940,3548,3532,2045,1560,2426,1400,2339,1565,1096,776,703,860,158,234,389,78,313,79,0,79,0,0,156,0,0,0,0,0,0,0,0,0,0,0,0,0,0,0,0,0,0,0,0,0,0,0,0,0,0,0,0,0,0,0,0,0,0,0,0,0,0,0,0,0,0,0,0,0,0,0,0,0,0,0,0,0,0,0,0,0,0,0,0,0,0,0,0,0,0,0,0,0,0,0,0,0,0,0,0
82,240,245,243,321,478,559,239,477,708,1104,1656,1890,1666,2295,2372,3707,3072,3849,3474,4867,4572,4878,4177,36523,4171,4172,4261,4252,4970,4579,2916,3055,2334,2505,1488,1654,858,1246,630,625,469,313,471,475,393,159,78,78,156,0,0,0,77,0,0,0,0,0,0,0,0,0,0,0,0,0,0,0,0,0,0,0,0,0,0,0,0,0,0,0,0,0,0,0,0,0,0,0,0,0,0,0,0,0,0,0,0,0,0,0,0,0,0,0,0,0,0,0,0,0,0,0,0,0,0,0,0,0,0,0,0,0,0,0,0,0,0
0,164,0,162,391,240,477,400,554,634,863,1269,1511,1271,2294,1729,2136,2989,2197,4491,4253,4797,4175,5667,4160,39857,5035,4181,3860,4031,3380,4081,2510,3201,2667,2816,2264,1563,1490,936,1087,860,706,701,546,314,154,238,0,159,80,77,0,0,0,0,0,0,0,0,0,0,0,0,0,0,0,0,0,0,0,0,0,0,0,0,0,0,0,0,0,0,0,0,0,0,0,0,0,0,0,0,0,0,0,0,0,0,0,0,0,0,0,0,0,0,0,0,0,0,0,0,0,0,0,0,0,0,0,0,0,0,0,0,0,0,0,0
165,0,0,163,80,81,158,549,474,705,1028,631,1257,1501,1577,2219,2586,2521,2998,4802,3470,4020,3546,4414,4659,4244,38971,5743,4331,4880,4797,4477,3205,3287,3738,2415,2107,1250,2192,1484,1252,782,549,707,311,317,235,79,152,157,0,0,78,77,0,0,0,0,0,0,0,0,0,0,0,0,0,0,0,0,0,0,0,0,0,0,0,0,0,0,0,0,0,0,0,0,0,0,0,0,0,0,0,0,0,0,0,0,0,0,0,0,0,0,0,0,0,0,0,0,0,0,0,0,0,0,0,0,0,0,0,0,0,0,0,0,0,0
82,80,79,82,80,238,0,157,79,628,548,474,1030,870,1414,1967,2055,1575,2511,3223,4320,3395,3700,3874,4883,5597,4810,36377,5841,3945,3952,4020,2973,2975,3441,3288,2961,2591,2256,1799,1253,1174,702,621,778,700,311,542,236,0,156,157,0,0,79,0,79,0,0,0,0,0,0,0,0,0,0,0,0,0,0,0,0,0,0,0,0,0,0,0,0,0,0,0,0,0,0,0,0,0,0,0,0,0,0,0,0,0,0,0,0,0,0,0,0,0,0,0,0,0,0,0,0,0,0,0,0,0,0,0,0,0,0,0,0,0,0,0
83,0,0,159,80,160,160,241,315,393,472,477,952,789,1262,1030,1742,2285,2293,2516,2680,3152,3542,5434,4009,3859,5511,5360,37401,4020,4878,4405,3529,3210,3754,3449,3207,2816,1642,1944,1250,1326,859,1103,703,620,313,545,159,234,155,0,159,0,0,0,0,0,0,0,0,0,78,0,0,0,0,0,0,0,0,0,0,0,0,0,0,0,0,0,0,0,0,0,0,0,0,0,0,0,0,0,0,0,0,0,0,0,0,0,0,0,0,0,0,0,0,0,0,0,0,0,0,0,0,0,0,0,0,0,0,0,0,0,0,0,0,0
0,0,78,80,0,81,0,319,80,235,240,629,876,714,628,1034,1339,1654,1577,1422,2291,3296,2516,3162,3393,3794,3707,4570,3536,37117,4557,4731,4686,3893,3285,3972,3604,2888,2660,2808,1561,2281,867,710,708,944,704,156,466,154,0,77,158,158,0,0,0,158,0,80,0,0,0,0,0,0,0,0,0,0,0,0,0,0,0,0,0,0,0,0,0,0,0,0,0,0,0,0,0,0,0,0,0,0,0,0,0,0,0,0,0,0,0,0,0,0,0,0,0,0,0,0,0,0,0,0,0,0,0,0,0,0,0,0,0,0,0,0
0,0,0,0,79,159,0,81,155,550,79,478,396,473,714,715,867,1185,1412,1583,2217,2691,4970,2446,3074,4570,3692,5114,4890,5434,34824,3929,5100,4045,4200,3832,3108,3536,2579,2496,2192,2106,1406,1402,703,779,1173,621,387,311,393,77,153,79,158,80,0,0,0,0,0,0,0,0,77,0,0,0,0,0,0,0,0,0,0,0,0,0,0,0,0,0,0,0,0,0,0,0,0,0,0,0,0,0,0,0,0,0,0,0,0,0,0,0,0,0,0,0,0,0,0,0,0,0,0,0,0,0,0,0,0,0,0,0,0,0,0,0
0,0,0,0,0,81,0,0,237,0,313,238,313,397,397,629,556,1346,1332,867,2519,2591,3311,2212,2434,3779,4413,5254,4955,4576,4331,40218,4697,4148,3430,3351,4150,3907,3905,3599,2499,2567,1492,2037,1487,1331,863,544,395,776,543,77,392,236,156,78,0,0,0,0,0,0,0,0,0,0,0,0,0,0,0,0,0,0,0,0,0,0,0,0,0,0,0,0,0,0,0,0,0,0,0,0,0,0,0,0,0,0,0,0,0,0,0,0,0,0,0,0,0,0,0,0,0,0,0,0,0,0,0,0,0,0,0,0,0,0,0,0
0,0,82,0,0,0,0,79,0,0,238,238,157,310,552,313,861,708,774,941,1327,2189,2345,2419,2111,3130,3592,4227,3993,5473,3903,4620,37355,4950,4644,3812,3183,3950,3093,3554,2405,2327,2078,1869,1933,933,1319,1007,1003,540,311,310,234,153,233,76,0,0,155,0,0,78,0,0,0,0,0,0,0,0,0,0,0,0,0,0,0,0,0,0,0,0,0,0,0,0,0,0,0,0,0,0,0,0,0,0,0,0,0,0,0,0,0,0,0,0,0,0,0,0,0,0,0,0,0,0,0,0,0,0,0,0,0,0,0,0,0,0
0,0,79,0,0,0,0,0,0,78,78,315,0,238,232,628,787,547,1085,1642,857,2035,2274,2044,2187,2349,3286,4220,3665,3368,4756,5692,4722,36614,4636,4576,5255,3558,3418,3713,3647,3180,2250,2948,1862,1394,1093,1241,1468,622,464,463,389,232,312,0,0,76,0,0,0,0,79,0,0,0,0,0,0,0,0,0,0,0,0,0,0,0,0,0,0,0,0,0,0,0,0,0,0,0,0,0,0,0,0,0,0,0,0,0,0,0,0,0,0,0,0,0,0,0,0,0,0,0,0,0,0,0,0,0,0,0,0,0,0,0,0,0
0,0,0,0,0,0,0,0,0,80,236,235,314,157,160,393,547,391,936,1012,1014,1176,1724,1646,2417,2505,2898,2811,3606,3278,4129,3841,5362,3811,38266,3714,4512,3564,3797,4269,4568,3341,3416,2631,2032,1871,1780,1080,925,1163,618,771,308,309,390,229,154,76,0,80,0,0,154,0,0,0,0,0,0,0,0,0,0,0,0,0,0,0,0,0,0,0,0,0,0,0,0,0,0,0,0,0,0,0,0,0,0,0,0,0,0,0,0,0,0,0,0,0,0,0,0,0,0,0,0,0,0,0,0,0,0,0,0,0,0,0,0,0
0,0,0,0,0,0,0,0,0,0,79,80,78,79,0,312,313,158,463,313,1341,862,1489,1720,1955,2188,2747,3277,2510,3359,3522,4383,3735,3721,4498,37187,3863,4890,3491,3876,4028,3647,3016,3028,2569,2325,1238,1489,1389,1152,1318,927,701,312,153,157,0,230,156,231,77,78,0,0,76,0,0,0,0,0,0,0,0,0,0,0,0,0,0,0,0,0,0,0,0,0,0,0,0,0,0,0,0,0,0,0,0,0,0,0,0,0,0,0,0,0,0,0,0,0,0,0,0,0,0,0,0,0,0,0,0,0,0,0,0,0,0,0
0,0,0,0,0,78,0,78,0,0,77,0,0,80,80,153,389,315,782,700,700,1242,1019,1169,2025,1416,2113,2423,2657,3523,3444,3677,2863,3792,4945,4904,37038,3649,5131,4576,4333,3562,3639,3734,2796,2478,2240,2100,1942,1552,1867,1011,465,540,306,310,391,382,230,153,153,0,0,0,0,76,0,0,0,0,0,0,0,0,0,0,0,0,0,0,0,0,0,0,0,0,0,0,0,0,0,0,0,0,0,0,0,0,0,0,0,0,0,0,0,0,0,0,0,0,0,0,0,0,0,0,0,0,0,0,0,0,0,0,0,0,0,0
0,0,0,0,0,0,0,0,0,78,0,153,0,157,158,156,78,154,392,706,389,784,1019,1325,1089,1800,2196,1557,2199,3274,3356,4225,3356,4497,3788,4416,5427,38345,3950,4654,4132,3499,3871,2174,3357,2785,3337,2567,2711,1863,1392,1622,691,696,696,702,310,459,156,79,0,75,0,0,0,0,0,0,0,0,0,0,0,0,0,0,0,0,0,0,0,0,0,0,0,0,0,0,0,0,0,0,0,0,0,0,0,0,0,0,0,0,0,0,0,0,0,0,0,0,0,0,0,0,0,0,0,0,0,0,0,0,0,0,0,0,0,0
0,0,0,0,0,0,0,0,0,0,78,0,80,159,80,78,315,156,392,312,622,855,626,866,1402,1722,1959,2201,1795,2492,2503,3754,3884,4654,2931,4573,4572,4421,37298,4971,4185,3404,4728,3394,3014,3407,2708,2625,2098,1941,1620,1938,1780,851,543,928,387,390,152,231,154,76,76,0,0,0,0,0,75,77,0,0,0,0,0,0,0,0,0,0,0,0,0,0,0,0,0,0,0,0,0,0,0,0,0,0,0,0,0,0,0,0,0,0,0,0,0,0,0,0,0,0,0,0,0,0,0,0,0,0,0,0,0,0,0,0,0,0
0,0,0,0,0,0,0,0,80,0,0,0,0,0,75,235,0,156,307,467,395,548,547,783,1334,1333,1475,2109,3282,2736,2659,2736,2484,3486,4134,4568,3558,3483,4337,36218,4500,4265,4649,3870,4265,3948,3094,3790,2718,2018,1386,1321,1866,1385,1012,1165,940,621,539,230,75,154,79,0,0,0,155,0,0,0,0,0,0,76,0,0,0,0,0,0,0,0,0,0,0,0,0,0,0,0,0,0,0,0,0,0,0,0,0,0,0,0,0,0,0,0,0,0,0,0,0,0,0,0,0,0,0,0,0,0,0,0,0,0,0,0,0,0
0,0,0,0,0,0,0,0,0,0,0,0,0,0,159,79,0,0,0,156,470,386,551,542,706,944,1011,1329,1400,1566,2732,2651,2704,3105,3027,4038,4326,4820,4720,5734,40930,5818,4109,3948,4285,4200,3259,3731,2417,2098,1916,2403,1556,1699,1009,1091,770,773,387,547,384,154,389,0,78,77,76,0,0,0,0,0,0,0,74,0,0,0,0,0,0,0,0,0,0,0,0,0,0,0,0,0,0,0,0,0,0,0,0,0,0,0,0,0,0,0,0,0,0,0,0,0,0,0,0,0,0,0,0,0,0,0,0,0,0,0,0,0
0,0,0,0,0,0,0,0,0,0,0,0,0,0,79,79,78,77,0,77,78,309,386,623,1093,780,702,785,1170,1784,1725,1405,2633,2337,2864,3176,3080,4185,4523,3941,4882,35328,5188,4580,4402,4647,3801,3641,3941,3874,2942,1708,2334,1556,1087,1089,464,699,467,155,460,469,314,0,0,76,77,0,0,0,0,0,78,0,0,0,0,0,0,0,0,0,0,0,0,0,0,0,0,0,0,0,0,0,0,0,0,0,0,0,0,0,0,0,0,0,0,0,0,0,0,0,0,0,0,0,0,0,0,0,0,0,0,0,0,0,0,0
0,0,0,0,0,0,0,0,0,0,0,78,0,0,80,0,0,0,80,79,233,155,393,392,308,232,545,858,1172,1561,2193,1874,2468,3110,2247,2485,3410,4347,3637,4273,4421,4183,34957,3950,3955,5512,3415,3875,3805,3709,2329,2172,2091,2483,2550,1629,1319,856,540,627,383,464,309,309,78,78,0,0,0,0,0,0,0,0,0,0,0,0,0,0,0,0,0,0,0,0,0,0,0,0,0,0,0,0,0,0,0,0,0,0,0,0,0,0,0,0,0,0,0,0,0,0,0,0,0,0,0,0,0,0,0,0,0,0,0,0,0,0
0,0,0,0,0,0,0,0,0,0,0,0,0,77,0,0,0,0,235,78,159,80,391,390,702,311,390,550,941,1165,1240,1015,2400,1949,2550,3409,3473,2627,4040,4503,4105,5284,3246,36302,3718,4981,3555,3638,4723,3570,3945,2858,2703,1553,1632,1481,781,1242,622,540,548,314,388,302,308,153,152,154,0,0,0,0,75,0,0,0,0,0,0,77,0,0,0,0,0,0,0,0,0,0,0,0,0,0,0,0,0,0,0,0,0,0,0,0,0,0,0,0,0,0,0,0,0,0,0,0,0,0,0,0,0,0,0,0,0,0,0,0
0,0,0,0,0,0,0,0,0,0,0,0,0,0,0,0,0,0,0,77,0,0,233,158,385,622,622,232,1407,1493,1406,1642,1091,1793,2626,2640,3349,3338,3487,4104,4474,3799,3948,4025,37173,4404,3640,4098,4659,4422,3555,2711,2879,2714,2408,2098,1702,1549,1162,930,933,232,388,153,75,306,229,0,78,0,0,77,151,0,0,0,0,0,0,0,0,0,0,0,0,0,0,0,0,0,0,0,0,0,0,0,0,0,0,0,0,0,0,0,0,0,0,0,0,0,0,0,0,0,0,0,0,0,0,0,0,0,0,0,0,0,0,0
0,0,0,0,0,0,0,0,0,0,0,0,0,0,0,0,0,0,0,79,78,0,80,467,310,468,159,468,472,464,1334,1171,1239,1308,2013,2559,1935,2618,2951,4184,3892,3791,4559,4720,4033,37533,4882,5437,4570,4587,4050,3872,3805,2863,2401,1163,1865,1631,1173,1468,777,536,393,389,378,76,78,151,153,77,76,0,0,0,0,0,0,0,0,0,0,0,0,0,0,0,0,0,0,0,0,0,0,0,0,0,0,0,0,0,0,0,0,0,0,0,0,0,0,0,0,0,0,0,0,0,0,0,0,0,0,0,0,0,0,0,0,0
0,0,0,0,0,0,0,0,0,0,0,0,0,0,0,0,0,79,0,0,0,158,0,0,233,313,394,154,858,472,935,785,1178,1167,2172,1634,2171,2397,1547,2653,3654,3864,4287,4488,4196,5051,36282,4344,3948,4649,4339,3957,4034,3565,3405,2490,1863,2317,1243,1244,858,466,1087,462,455,228,381,0,155,226,0,0,76,0,0,0,0,0,0,0,0,0,0,0,0,0,0,0,0,0,0,0,0,0,0,0,0,0,0,0,0,0,0,0,0,0,0,0,0,0,0,0,0,0,0,0,0,0,0,0,0,0,0,0,0,0,0,0
0,0,0,0,0,0,0,0,0,0,0,0,0,0,0,0,0,0,0,0,0,0,75,155,0,79,79,236,465,466,782,707,852,778,1393,1396,1781,2093,2090,3405,3034,2874,4093,4265,4403,3794,3561,39940,5987,4883,3636,4648,3570,3107,4725,3397,2544,2184,2327,1777,1165,929,779,465,998,614,460,153,230,154,76,0,0,0,0,78,0,0,0,0,0,0,0,0,0,0,0,0,0,0,0,0,0,0,0,0,0,0,0,0,0,0,0,0,0,0,0,0,0,0,0,0,0,0,0,0,0,0,0,0,0,0,0,0,0,0,0,0
0,0,0,0,0,0,0,0,0,0,0,0,0,0,0,0,0,0,77,0,79,79,0,0,0,78,156,389,155,156,468,930,700,1465,1241,1458,1092,2092,2568,2553,2332,3336,4264,3948,4976,4273,4899,4424,37768,4876,4432,3248,3946,3016,3962,2392,2777,2568,2948,1859,1398,1086,694,703,1001,768,302,384,78,227,0,0,77,77,75,0,0,0,0,0,0,0,0,0,0,0,0,0,0,0,0,0,0,0,0,0,0,0,0,0,0,0,0,0,0,0,0,0,0,0,0,0,0,0,0,0,0,0,0,0,0,0,0,0,0,0,0,0
0,0,0,0,0,0,0,0,0,0,0,0,0,0,0,0,0,0,0,0,0,0,76,77,235,77,79,0,308,313,233,465,1168,538,620,1468,1397,2091,2103,2403,2710,2323,2936,3641,3479,4260,4117,4019,3323,40423,5359,4565,4651,3569,4188,4258,3482,2484,2870,2558,1317,1244,1549,1393,997,842,307,150,456,76,78,0,77,74,77,0,0,0,0,0,0,0,0,0,0,0,0,0,0,0,0,0,0,0,0,0,0,0,0,0,0,0,0,0,0,0,0,0,0,0,0,0,0,0,0,0,0,0,0,0,0,0,0,0,0,0,0,0
0,0,0,0,0,0,0,0,0,0,0,0,0,0,0,0,0,79,0,0,0,79,0,77,0,0,156,0,157,157,393,387,386,1010,778,861,1396,1630,1083,2479,1862,2005,4177,3239,3806,3469,3883,4898,3939,4106,38039,4424,3947,3394,4175,4416,3328,3025,3092,2954,2325,2168,1539,1083,1378,763,765,612,232,382,383,0,152,76,0,77,0,0,77,0,0,0,0,0,0,0,0,0,0,0,0,0,0,0,0,0,0,0,0,0,0,0,0,0,0,0,0,0,0,0,0,0,0,0,0,0,0,0,0,0,0,0,0,0,0,0,0,0
0,0,0,0,0,0,0,0,0,0,0,0,0,0,0,0,0,0,0,0,0,0,0,0,77,0,0,77,159,153,156,311,231,542,622,703,622,936,1635,1784,2013,2017,2411,3004,4330,3887,2947,4572,3174,4105,4966,35953,5973,4038,3495,3555,3561,3957,2558,2328,2946,1858,2007,2328,1296,835,765,768,539,535,230,78,74,78,0,0,76,0,0,77,0,0,0,0,0,0,0,0,0,0,0,0,0,0,0,0,0,0,0,0,0,0,0,0,0,0,0,0,0,0,0,0,0,0,0,0,0,0,0,0,0,0,0,0,0,0,0,0
0,0,0,0,0,0,0,0,0,0,0,0,0,0,0,0,0,0,0,76,0,0,0,0,0,0,159,78,0,0,0,310,314,314,620,694,612,613,698,1001,1710,1938,2555,3260,2778,2557,3650,3409,4408,3793,4806,5207,37032,3895,4886,3795,4727,3567,3808,3569,2875,2865,1780,1923,1312,1602,1148,1061,607,841,539,151,304,151,0,0,77,0,76,0,0,0,0,0,0,0,0,0,0,0,0,0,0,0,0,0,0,0,0,0,0,0,0,0,0,0,0,0,0,0,0,0,0,0,0,0,0,0,0,0,0,0,0,0,0,0,0,0
0,0,0,0,0,0,0,0,0,0,0,0,0,0,0,0,0,0,0,0,0,0,0,0,0,0,78,77,0,159,0,0,231,231,310,310,1083,462,1395,1169,1007,2400,2392,2185,3175,3026,3336,2784,5113,3723,3551,4259,4583,37466,4879,4725,4349,3883,3319,3638,3808,2970,2329,1927,1824,1149,1211,690,537,929,844,461,151,232,77,385,75,0,0,0,78,0,0,74,76,0,0,0,0,0,0,0,0,0,0,0,0,0,0,0,0,0,0,0,0,0,0,0,0,0,0,0,0,0,0,0,0,0,0,0,0,0,0,0,0,0,0,0
0,0,0,0,0,0,0,0,0,0,0,0,0,0,0,0,0,0,0,0,0,0,0,0,0,0,0,0,157,0,0,77,0,230,544,388,697,774,776,854,1393,1011,1238,2475,2948,2712,3099,3021,3177,3406,3721,4101,4567,4492,36606,3949,3786,4188,4808,3188,2939,2796,4422,3343,2223,2136,1376,1600,1378,1069,843,535,613,385,457,231,154,154,75,76,0,0,0,0,0,0,0,0,0,0,0,0,0,0,0,0,0,0,0,0,0,0,0,0,0,0,0,0,0,0,0,0,0,0,0,0,0,0,0,0,0,0,0,0,0,0,0,0
0,0,0,0,0,0,0,0,0,0,0,0,0,0,0,0,0,0,0,0,0,0,0,0,0,0,0,0,0,159,0,0,155,304,153,152,308,316,701,701,699,1231,698,1554,2251,2788,2395,3033,2844,3491,3874,4026,3885,4190,4572,37962,3556,3856,3654,3642,4101,2636,2785,2948,2834,1908,2673,1756,1143,1079,994,538,383,458,385,76,152,152,382,76,155,76,76,0,0,0,0,152,0,0,0,0,0,0,0,0,0,0,0,0,0,0,0,0,0,0,0,0,0,0,0,0,0,0,0,0,0,0,0,0,0,0,0,0,0,0,0,0
0,0,0,0,0,0,0,0,0,0,0,0,0,0,0,0,0,0,0,0,0,0,0,0,0,0,0,0,0,0,0,0,0,0,155,0,307,468,317,781,765,1163,460,1236,1780,1550,1941,2626,2962,3109,2949,3256,4351,4190,4954,3724,38743,4429,3953,4270,2718,3415,3799,2860,2529,2294,2682,1676,1533,762,766,766,462,764,462,535,229,384,154,0,0,227,76,0,0,0,0,0,0,0,0,0,0,0,0,0,0,0,0,0,0,0,0,0,0,0,0,0,0,0,0,0,0,0,0,0,0,0,0,0,0,0,0,0,0,0,0,0
0,0,0,0,0,0,0,0,0,0,0,0,0,0,0,0,0,0,0,0,0,0,0,0,0,80,0,0,77,79,0,76,77,79,0,231,233,314,386,310,386,464,693,1325,1694,1703,2081,2097,2328,3570,3249,2955,3882,4187,3980,3634,3720,36756,4177,4268,4499,4658,4276,4417,3737,3058,2681,2459,2293,1078,1069,1072,845,1069,537,610,688,460,0,77,76,76,76,0,155,0,0,0,0,0,0,0,0,0,0,0,0,0,0,0,0,0,0,0,0,0,0,0,0,0,0,0,0,0,0,0,0,0,0,0,0,0,0,0,0,0,0,0
0,0,0,0,0,0,0,0,0,0,0,0,0,0,0,0,0,0,0,0,0,0,0,0,0,0,0,0,0,0,0,0,77,76,0,76,232,79,311,695,310,544,927,1080,991,1242,1397,2024,2798,3424,3176,3112,3651,4181,3091,4803,5271,4575,39261,5427,4884,4047,5732,3334,4127,2827,2606,2440,2296,2065,1911,1454,1224,994,770,760,307,152,154,230,152,154,0,0,151,0,0,0,0,0,0,0,0,0,0,0,0,0,0,0,0,0,0,0,0,0,0,0,0,0,0,0,0,0,0,0,0,0,0,0,0,0,0,0,0,0,0,0
0,0,0,0,0,0,0,0,0,0,0,0,0,0,0,0,0,0,0,0,0,0,0,0,0,0,0,0,0,0,0,0,78,75,157,0,234,238,77,234,778,778,464,1005,998,1074,1469,1154,1241,1942,2476,2629,4112,3727,4564,3332,3570,5024,6023,35097,3781,5662,4885,2845,3219,4150,3065,3298,2836,2277,1677,2136,1069,1453,989,999,616,76,152,155,309,154,152,76,0,0,0,0,0,0,0,0,0,0,0,0,0,0,0,0,0,0,0,0,0,0,0,0,0,0,0,0,0,0,0,0,0,0,0,0,0,0,0,0,0,0,0,0
0,0,0,0,0,0,0,0,0,0,0,0,0,0,0,0,0,0,0,0,0,0,0,0,0,0,0,0,0,0,0,77,0,78,75,78,78,157,230,467,313,464,465,384,851,934,1466,1242,1080,2019,1948,1310,2940,3718,3115,3496,4110,4724,3495,5275,39179,4188,4728,3963,4057,2835,3595,3525,3515,2372,2063,1302,1460,1228,1299,839,609,533,530,461,231,78,0,231,0,75,0,0,0,0,0,0,0,0,0,0,0,0,0,0,0,0,0,0,0,0,0,0,0,0,0,0,0,0,0,0,0,0,0,0,0,0,0,0,0,0,0,0
0,0,0,0,0,0,0,0,0,0,0,0,0,0,0,0,0,0,0,0,0,0,0,0,0,0,0,0,0,0,0,0,0,0,0,0,0,151,0,152,234,391,156,701,849,852,621,1633,2411,1641,2017,1863,2733,3095,3013,3880,3956,4644,3483,5346,4111,38121,4794,4012,3600,3683,4441,4580,2669,2677,1761,2224,2365,1377,1457,1601,922,528,459,463,231,454,155,154,0,229,77,76,0,0,0,0,0,0,0,0,0,0,0,0,0,0,0,0,0,0,0,0,0,0,0,0,0,0,0,0,0,0,0,0,0,0,0,0,0,0,0,0
0,0,0,0,0,0,0,0,0,0,0,0,0,0,0,0,0,0,0,0,0,0,0,0,0,0,0,0,0,0,0,0,77,0,76,78,76,79,79,152,78,157,385,469,546,853,699,1239,1089,1627,1788,1479,1477,2088,3636,4497,3188,4262,4110,3667,4890,4193,41095,4252,3369,4359,4129,2607,4210,2899,2911,2374,2666,1906,1381,1300,1446,1071,767,687,459,616,385,382,0,229,76,0,0,77,0,0,0,0,0,0,0,0,0,0,0,0,0,0,0,0,0,0,0,0,0,0,0,0,0,0,0,0,0,0,0,0,0,0,0,0,0,0
0,0,0,0,0,0,0,0,0,0,0,0,0,0,0,0,0,0,0,0,0,0,0,0,0,0,0,0,0,0,0,0,0,79,0,0,0,0,0,0,155,78,385,230,312,536,154,459,1088,1389,1552,1470,1003,2087,2930,2557,3769,3722,3646,4325,4814,3485,5124,38024,4954,4896,4607,3513,3592,3303,3441,2603,2216,2063,1524,1758,1155,1678,688,907,305,461,538,461,76,150,76,75,0,0,0,0,0,0,0,0,77,0,0,0,0,0,0,0,0,0,0,0,0,0,0,0,0,0,0,0,0,0,0,0,0,0,0,0,0,0,0,0
0,0,0,0,0,0,0,0,0,0,0,0,0,0,0,0,0,0,0,0,0,0,0,0,0,0,0,0,0,0,77,0,0,0,0,0,0,0,77,232,232,78,78,152,461,77,155,308,923,767,1296,1683,1529,1531,2139,2823,2606,3514,3977,3911,3665,4901,3977,4345,32967,4074,4835,3695,4078,2639,3162,3327,3320,2490,2949,2414,1281,1432,982,678,683,529,374,150,150,227,379,0,151,0,151,0,76,0,0,0,0,0,0,0,0,0,0,0,0,0,0,0,0,0,0,0,0,0,0,0,0,0,0,0,0,0,0,0,0,0,0,0
0,0,0,0,0,0,0,0,0,0,0,0,0,0,0,0,0,0,0,0,0,0,0,0,0,0,0,0,0,0,0,0,0,75,78,0,0,0,0,75,154,0,75,153,152,228,454,531,617,538,1526,1463,1459,1539,1072,2135,3133,3917,2834,3515,3372,4811,3964,4659,4384,38714,4080,5364,4301,4376,3626,3177,4158,3543,2490,2189,2036,1665,1206,912,1287,604,828,678,301,76,75,75,0,0,151,74,0,75,0,0,0,0,0,0,0,0,0,0,0,0,0,0,0,0,0,0,0,0,0,0,0,0,0,0,0,0,0,0,0,0,0,0
0,0,0,0,0,0,0,0,0,0,0,0,0,0,0,0,0,0,0,0,0,0,0,0,0,0,0,0,0,0,0,0,0,0,0,0,0,76,77,0,154,153,0,153,229,233,380,919,381,384,464,915,532,1375,1746,2067,1688,2218,1609,3682,3753,3363,4745,4426,3556,3922,35740,4606,3617,4145,3095,3021,3692,3629,3173,3093,2489,1584,2114,1661,1587,832,681,531,376,150,300,75,75,76,149,74,73,227,76,0,0,0,0,0,0,0,0,0,0,0,0,0,0,0,0,0,0,0,0,0,0,0,0,0,0,0,0,0,0,0,0,0
0,0,0,0,0,0,0,0,0,0,0,0,0,0,0,0,0,0,0,0,0,0,0,0,0,0,0,0,0,0,0,0,0,0,0,0,0,0,0,0,232,0,0,153,78,153,308,77,386,615,534,768,535,996,1529,1150,1838,2150,2528,2528,3358,3830,4832,4204,5057,4976,4835,37677,4008,4225,3926,4987,4522,4080,2942,2861,2195,2645,1885,1359,1209,1589,984,908,528,451,226,228,226,226,150,76,76,0,76,0,0,0,0,0,0,0,0,0,0,0,0,0,0,0,0,0,0,0,0,0,0,0,0,0,0,0,0,0,0,0,0,0
0,0,0,0,0,0,0,0,0,0,0,0,0,0,0,0,0,0,0,0,0,0,0,0,0,0,0,0,0,0,0,0,0,0,0,0,0,77,0,0,0,0,77,0,77,310,153,232,306,535,612,380,689,1298,846,914,1760,1985,2145,1987,3913,3509,3299,3743,2867,4314,4838,4375,37465,3935,4468,4828,4454,4379,3921,3094,1805,2201,1959,1664,1284,1134,902,529,682,454,829,452,302,76,75,76,226,73,0,75,0,76,0,0,0,0,0,0,0,0,0,0,0,0,0,0,0,0,0,0,0,0,0,0,0,0,0,0,0,0,0,0
0,0,0,0,0,0,0,0,0,0,0,0,0,0,0,0,0,0,0,0,0,0,0,0,0,0,0,0,0,0,0,0,0,0,0,0,0,0,0,0,0,0,0,78,0,0,74,385,228,308,78,305,840,766,841,1537,1601,1916,2074,2213,2678,3064,2989,3058,3401,4223,4377,4609,5132,36009,4307,5060,3920,4077,3922,3787,3780,2795,2418,1883,1968,1514,2035,1287,606,680,912,455,375,227,76,152,76,76,0,0,0,0,0,0,76,0,0,0,0,0,0,0,0,0,0,0,0,0,0,0,0,0,0,0,0,0,0,0,0,0,0,0
0,0,0,0,0,0,0,0,0,0,0,0,0,0,0,0,0,0,0,0,0,0,0,0,0,0,0,0,0,0,0,0,0,0,0,0,0,0,0,0,0,0,0,75,0,76,76,228,155,153,153,228,306,614,614,1297,1686,1839,1912,1990,2223,2448,2446,2211,3167,3997,4002,3702,5286,4224,39633,4598,4986,4916,3618,3462,2570,3471,3394,2258,1661,2038,1357,1127,1209,1059,525,677,302,301,74,679,0,75,76,0,0,0,0,0,0,74,0,0,0,0,0,0,0,0,0,0,0,0,0,0,0,0,0,0,0,0,0,0,0,0,0,0
0,0,0,0,0,0,0,0,0,0,0,0,0,0,0,0,0,0,0,0,0,0,0,0,0,0,0,0,0,0,0,0,0,0,0,0,0,0,0,0,0,0,0,0,0,0,0,0,76,77,151,306,532,460,461,917,536,1378,1078,1378,1838,2598,1989,2443,2570,3772,2786,2940,3853,4598,4674,37837,4303,5369,5198,3400,4523,2790,3553,2785,2871,2414,2038,1582,681,1061,1127,752,377,228,452,379,377,302,76,74,76,0,0,0,0,0,0,0,0,0,0,0,0,0,0,0,0,0,0,0,0,0,0,0,0,0,0,0,0,0,0,0
0,0,0,0,0,0,0,0,0,0,0,0,0,0,0,0,0,0,0,0,0,0,0,0,0,0,0,0,0,0,0,0,0,0,0,0,0,0,0,0,0,0,0,0,77,0,0,0,0,78,228,308,383,610,844,618,690,995,1529,1221,1615,2070,2064,2903,2419,3321,3164,3390,3327,3704,4005,5056,39198,4003,3473,5656,3775,2637,4525,2795,2488,2339,2191,2191,2041,1282,1363,1059,982,681,604,454,226,303,76,75,0,75,0,76,0,0,0,0,0,0,0,0,0,0,0,0,0,76,0,0,0,0,0,0,0,0,0,0,0,0,0,0
0,0,0,0,0,0,0,0,0,0,0,0,0,0,0,0,0,0,0,0,0,0,0,0,0,0,0,0,0,0,0,0,0,0,0,0,0,0,0,0,0,0,0,0,0,0,0,0,0,233,0,225,306,304,228,612,612,537,922,766,994,1222,2292,2295,1660,2870,3612,4227,3468,4073,4526,3850,3775,37275,4302,4603,4002,3918,3470,3767,3776,3312,2864,2343,3245,1584,1433,983,1136,303,226,227,151,454,228,0,150,76,0,0,0,0,0,0,0,0,76,0,0,0,0,0,0,0,0,0,0,0,0,0,0,0,0,0,0,0,0,0
0,0,0,0,0,0,0,0,0,0,0,0,0,0,0,0,0,0,0,0,0,0,0,0,0,0,0,0,0,0,0,0,0,0,0,0,0,0,0,0,0,0,0,77,0,0,0,0,77,0,232,153,307,229,152,303,536,460,456,997,1074,988,1303,2303,2266,2874,3085,2793,3785,4460,3098,4370,3403,3997,35252,4005,4769,3555,3398,3625,4000,3548,2867,2416,2040,1510,755,1667,2037,1211,1060,453,152,227,149,75,227,76,76,76,0,0,0,76,0,75,0,0,0,0,0,0,0,0,0,0,0,0,0,0,0,0,0,0,0,0,0,0
0,0,0,0,0,0,0,0,0,0,0,0,0,0,0,0,0,0,0,0,0,0,0,0,0,0,0,0,0,0,0,0,0,0,0,0,0,0,0,0,0,0,0,0,0,0,0,0,0,0,0,76,152,152,304,230,306,154,380,1218,687,1459,1145,1688,1356,3474,2038,2802,3100,3020,3925,3999,4300,3240,4526,35522,4372,3925,4302,4164,4010,3249,3322,2342,2189,2645,1280,1284,1060,981,1285,601,75,830,529,379,75,377,0,0,0,76,76,0,0,0,0,0,0,0,0,0,0,0,0,0,0,0,0,0,0,0,0,0,0,0,0,0
0,0,0,0,0,0,0,0,0,0,0,0,0,0,0,0,0,0,0,0,0,0,0,0,0,0,0,0,0,0,0,0,0,0,0,0,0,0,0,0,0,0,0,0,0,0,0,0,0,0,0,0,154,77,305,154,386,537,531,612,920,1149,1216,918,1661,2497,2497,3247,2034,3247,3400,3930,2792,3855,5516,4381,36377,4532,5063,4381,3930,4682,2870,3320,2797,1510,3023,1809,1737,908,907,755,451,755,528,151,226,0,0,0,75,0,0,0,0,0,0,0,0,0,0,0,0,76,0,0,0,0,0,0,0,0,0,0,0,0,0,0
0,0,0,0,0,0,0,0,0,0,0,0,0,0,0,0,0,0,0,0,0,0,0,0,0,0,0,0,0,0,0,0,0,0,0,0,0,0,0,0,0,0,0,0,0,77,77,0,0,0,78,0,0,152,77,0,153,229,229,919,535,225,840,1378,1963,1205,2263,1968,3171,2646,3627,3390,2790,4371,4157,4141,4380,37020,4911,4073,5129,3474,3395,3546,3024,3096,2267,3253,1131,1894,1583,1060,981,532,378,751,149,76,226,379,151,150,76,0,0,0,0,76,0,76,0,0,0,0,0,0,0,0,0,0,0,0,0,0,0,0,0,0
0,0,0,0,0,0,0,0,0,0,0,0,0,0,0,0,0,0,0,0,0,0,0,0,0,0,0,0,0,0,0,0,0,0,0,0,0,0,0,0,0,0,0,0,0,0,0,0,0,0,75,0,76,0,76,153,230,75,153,454,615,607,456,1148,1431,682,1436,2573,2039,3094,2940,2797,3173,3771,4005,3859,4073,6567,34242,4833,4154,3623,2567,4679,2797,3100,3628,2038,1962,2340,1434,1514,1210,980,828,528,375,302,74,76,0,75,0,0,0,0,0,76,0,0,0,0,0,0,0,0,0,0,0,0,0,0,0,0,0,0,0,0
0,0,0,0,0,0,0,0,0,0,0,0,0,0,0,0,0,0,0,0,0,0,0,0,0,0,0,0,0,0,0,0,0,0,0,0,0,0,0,0,0,0,0,0,0,0,0,0,0,0,0,0,0,0,77,76,77,152,232,228,458,763,463,529,831,1128,1665,1886,2186,2045,2411,2187,2721,3626,3397,4451,4518,5439,5517,36522,4691,5286,4232,3402,4155,3472,3176,3022,2485,1812,1514,1283,1588,376,1053,756,757,529,830,378,76,226,150,0,0,0,0,0,75,0,0,0,0,0,0,0,0,0,0,0,0,0,0,0,0,0,0,0
0,0,0,0,0,0,0,0,0,0,0,0,0,0,0,0,0,0,0,0,0,0,0,0,0,0,0,0,0,0,0,0,0,0,0,0,0,0,0,0,0,0,0,0,0,0,0,0,0,0,0,0,0,76,0,152,153,230,77,0,77,530,383,381,751,834,830,1735,1359,983,2118,3326,2646,3098,2948,3850,3473,3404,4459,4233,35849,3625,3094,3616,3999,4535,4156,2571,2939,2869,1967,1737,1663,1816,1058,754,758,601,301,149,0,227,150,0,0,75,0,0,76,0,0,0,0,0,0,0,0,0,0,0,0,0,0,0,0,0,0,0
0,0,0,0,0,0,0,0,0,0,0,0,0,0,0,0,0,0,0,0,0,0,0,0,0,0,0,0,0,0,0,0,0,0,0,0,0,0,0,0,0,0,0,0,0,0,0,77,0,0,0,0,0,77,229,0,78,77,307,381,306,75,229,691,1056,1054,830,529,1209,1742,2188,2424,1658,3250,3322,2947,3624,4603,4082,3393,5137,36690,3917,4077,4605,3999,4448,2948,3318,1881,3013,2867,2039,1356,1436,1511,908,1283,752,302,378,151,301,152,76,0,0,0,0,0,0,0,0,0,0,0,0,0,0,0,0,0,0,0,0,0,0,0
0,0,0,0,0,0,0,0,0,0,0,0,0,0,0,0,0,0,0,0,0,0,0,0,0,0,0,0,0,0,0,0,0,0,0,0,0,0,0,0,0,0,0,0,0,0,0,0,0,76,0,0,77,0,0,0,0,0,76,78,150,230,153,152,227,455,682,754,1282,1965,1288,1888,2274,1966,2566,2421,3476,4841,4771,4006,4987,3553,36235,4003,4314,4229,4752,3479,3097,3540,3252,2194,2113,1514,1887,1584,1282,604,906,829,301,529,375,75,226,0,75,76,0,0,75,0,0,0,0,0,0,0,0,0,0,0,0,0,0,0,0,0
0,0,0,0,0,0,0,0,0,0,0,0,0,0,0,0,0,0,0,0,0,0,0,0,0,0,0,0,0,0,0,0,0,0,0,0,0,0,0,0,0,0,0,0,0,0,0,0,0,0,0,0,0,0,0,0,0,0,77,151,0,77,228,155,530,529,451,755,978,1438,1284,1812,1663,1506,2869,2713,3622,3097,3093,3769,4006,3848,5517,34810,4833,3625,3931,3093,4077,3090,2722,2494,2035,1513,2637,1586,1207,1659,755,1135,151,225,530,375,300,226,151,300,76,0,152,0,0,0,0,0,0,0,0,0,0,0,0,0,0,0,0,0
0,0,0,0,0,0,0,0,0,0,0,0,0,0,0,0,0,0,0,0,0,0,0,0,0,0,0,0,0,0,0,0,0,0,0,0,0,0,0,0,0,0,0,0,0,0,0,0,0,0,0,0,0,0,0,0,0,0,75,76,308,154,154,151,303,376,758,452,682,1279,982,1432,1962,2650,2639,1811,2344,3021,3558,3397,4080,4147,4386,4670,37201,4153,3403,3323,4685,3469,4074,3093,2719,3316,1883,2338,1963,1816,1513,1208,757,379,227,451,76,152,0,76,0,0,0,0,0,75,76,0,0,0,0,0,0,0,0,0,0,0,0,0
0,0,0,0,0,0,0,0,0,0,0,0,0,0,0,0,0,0,0,0,0,0,0,0,0,0,0,0,0,0,0,0,0,0,0,0,0,0,0,0,0,0,0,0,0,0,0,0,0,0,0,0,0,0,77,0,0,75,0,78,0,0,154,0,76,150,604,448,907,982,1132,981,1205,1815,2114,2499,2934,2338,2043,4381,2799,4464,4975,5132,4079,35272,5443,4150,3616,4450,3318,2644,3095,2563,2114,2489,2193,1432,1510,979,905,605,679,678,146,228,151,0,0,76,0,0,76,0,0,0,0,0,0,0,0,0,0,0,0,0,0,0
0,0,0,0,0,0,0,0,0,0,0,0,0,0,0,0,0,0,0,0,0,0,0,0,0,0,0,0,0,0,0,0,0,0,0,0,0,0,0,0,0,0,0,0,0,0,0,0,0,0,0,0,0,0,0,0,0,0,0,76,0,76,230,0,0,150,226,300,454,907,759,828,1284,1282,2189,2117,1966,2493,2037,2718,3099,3852,4451,4537,4753,4528,34597,4905,3697,5132,4084,2939,3931,2420,2423,2269,2105,1969,1812,1660,1059,1132,1208,979,151,451,225,152,301,152,76,151,76,0,0,0,0,0,0,0,0,0,0,0,0,0,0,0
0,0,0,0,0,0,0,0,0,0,0,0,0,0,0,0,0,0,0,0,0,0,0,0,0,0,0,0,0,0,0,0,0,0,0,0,0,0,0,0,0,0,0,0,0,0,0,0,0,0,0,0,0,0,0,0,0,0,0,0,0,0,76,0,303,76,302,0,453,528,453,679,1128,1055,1207,1362,1664,2038,1740,2792,2951,3321,3777,4009,4675,5205,5209,38965,3843,4367,5430,3919,4450,3251,3172,2571,3091,2263,1513,1814,1208,1204,1057,1132,755,226,453,75,226,0,0,76,0,0,0,0,0,0,0,0,0,0,0,0,0,0,0,0
0,0,0,0,0,0,0,0,0,0,0,0,0,0,0,0,0,0,0,0,0,0,0,0,0,0,0,0,0,0,0,0,0,0,0,0,0,0,0,0,0,0,0,0,0,0,0,0,0,0,0,0,0,0,78,0,0,0,0,0,77,154,228,76,74,151,76,76,228,378,452,378,833,982,1284,1357,1740,2045,1968,2197,2876,2793,3239,4383,4908,4232,5501,5138,38315,4144,4157,4157,4523,3853,5139,2714,3019,3707,2794,2414,1509,1283,829,529,529,603,678,455,301,151,227,226,76,0,0,0,0,76,0,0,0,0,0,0,0,0,0,0
0,0,0,0,0,0,0,0,0,0,0,0,0,0,0,0,0,0,0,0,0,0,0,0,0,0,0,0,0,0,0,0,0,0,0,0,0,0,0,0,0,0,0,0,0,0,0,0,0,0,0,0,0,0,0,0,0,0,77,76,0,0,0,302,0,150,75,0,75,376,302,907,829,681,750,1352,755,1359,1886,1436,3241,2791,2644,4006,4831,4825,3924,3999,5279,37167,3327,3998,4604,4011,3401,3848,4231,2411,2791,2267,2189,1661,1209,1516,683,1060,604,226,302,302,76,227,303,226,0,76,0,76,76,0,0,0,0,0,0,0,0,0
0,0,0,0,0,0,0,0,0,0,0,0,0,0,0,0,0,0,0,0,0,0,0,0,0,0,0,0,0,0,0,0,0,0,0,0,0,0,0,0,0,0,0,0,0,0,0,0,0,0,0,0,0,0,0,0,0,0,0,0,0,0,78,0,75,0,0,0,226,0,226,378,379,603,753,753,1286,1514,1890,2042,2343,2787,2644,2192,3472,4083,3842,3550,4838,5353,38281,5059,5058,4529,3779,2792,3550,2647,2345,1664,2275,1433,1360,1657,832,908,680,679,676,527,373,303,226,152,152,75,76,0,0,0,0,0,0,0,0,0,0,0
0,0,0,0,0,0,0,0,0,0,0,0,0,0,0,0,0,0,0,0,0,0,0,0,0,0,0,0,0,0,0,0,0,0,0,0,0,0,0,0,0,0,0,0,0,0,0,0,0,0,0,0,0,0,0,0,0,0,0,0,0,0,0,0,0,76,75,0,0,76,226,226,455,530,150,1136,1210,1283,1508,1582,1815,2496,2413,3618,3171,2944,4158,3546,3710,3775,4538,34870,4148,4984,3930,3925,3620,3475,2420,2794,2564,2187,1506,2270,984,1134,831,1131,376,528,379,380,152,227,0,0,76,0,0,0,0,0,0,0,0,0,0,0
0,0,0,0,0,0,0,0,0,0,0,0,0,0,0,0,0,0,0,0,0,0,0,0,0,0,0,0,0,0,0,0,0,0,0,0,0,0,0,0,0,0,0,0,0,0,0,0,0,0,0,0,0,0,0,0,0,0,0,0,0,0,0,0,0,76,76,152,0,226,150,302,151,302,302,452,529,755,1203,1431,1734,1808,2182,2120,3096,3251,3925,2946,4153,4310,4155,5136,36544,4455,5051,3625,4080,3473,3250,3395,3021,2416,1813,1508,1058,979,756,906,756,828,228,605,152,0,151,75,149,75,0,76,0,75,0,0,0,0,0,0
0,0,0,0,0,0,0,0,0,0,0,0,0,0,0,0,0,0,0,0,0,0,0,0,0,0,0,0,0,0,0,0,0,0,0,0,0,0,0,0,0,0,0,0,0,0,0,0,0,0,0,0,0,0,0,0,0,0,0,0,0,0,0,0,0,0,0,0,0,0,75,299,227,375,225,377,453,982,1514,824,1809,1286,1058,2789,2941,2493,3023,4234,3915,3327,3319,4369,4682,36320,4007,4538,3624,4077,4151,4373,2268,2798,3712,2189,2113,1356,831,754,1592,832,228,302,379,226,378,227,75,0,76,0,75,76,0,0,0,0,0,0
0,0,0,0,0,0,0,0,0,0,0,0,0,0,0,0,0,0,0,0,0,0,0,0,0,0,0,0,0,0,0,0,0,0,0,0,0,0,0,0,0,0,0,0,0,0,0,0,0,0,0,0,0,0,0,0,0,0,0,0,0,0,0,0,0,0,0,76,76,228,76,0,76,151,75,377,227,682,605,1210,602,908,1278,1962,1209,2490,3102,3093,3704,2949,4005,3479,4079,3699,36656,4990,3851,3926,3394,3918,3253,3469,3542,1962,2111,1887,2497,1512,908,1133,835,530,604,303,301,302,76,76,527,75,152,76,0,0,0,0,0,0
0,0,0,0,0,0,0,0,0,0,0,0,0,0,0,0,0,0,0,0,0,0,0,0,0,0,0,0,0,0,0,0,0,0,0,0,0,0,0,0,0,0,0,0,0,0,0,0,0,0,0,0,0,0,0,0,0,0,0,0,0,0,0,77,0,0,0,0,75,76,0,0,151,223,378,152,227,756,377,830,1207,1367,1053,1365,2496,2489,2942,2190,2269,3466,3318,3926,4308,4538,4460,35773,4157,3323,3174,4079,3845,3699,3095,2794,2488,1588,2268,2042,1582,1130,755,754,755,379,302,301,300,0,76,0,75,0,0,0,0,0,0,0
0,0,0,0,0,0,0,0,0,0,0,0,0,0,0,0,0,0,0,0,0,0,0,0,0,0,0,0,0,0,0,0,0,0,0,0,0,0,0,0,0,0,0,0,0,0,0,0,0,0,0,0,0,0,0,0,0,0,0,0,0,0,0,0,0,0,0,0,76,0,0,76,75,0,453,0,227,228,527,902,834,909,982,1809,1816,2336,2345,2722,2116,2262,3321,3541,4004,4984,4382,4605,38156,5364,5058,4531,3699,2871,4152,2116,2792,1882,1741,2189,1659,1665,683,907,758,755,378,604,375,150,0,152,0,75,75,75,0,0,0,0
0,0,0,0,0,0,0,0,0,0,0,0,0,0,0,0,0,0,0,0,0,0,0,0,0,0,0,0,0,0,0,0,0,0,0,0,0,0,0,0,0,0,0,0,0,0,0,0,0,0,0,0,0,0,0,0,0,0,0,0,0,0,0,0,0,0,0,0,0,76,0,76,0,0,152,227,302,302,76,228,378,528,980,1885,831,1357,1738,1814,1890,3707,2946,3239,4384,4082,3848,4300,4307,35189,3403,4159,3320,4763,3548,3175,3320,2336,2481,2034,2343,1282,1661,980,754,756,303,303,376,450,225,227,304,223,76,0,0,0,0,0
0,0,0,0,0,0,0,0,0,0,0,0,0,0,0,0,0,0,0,0,0,0,0,0,0,0,0,0,0,0,0,0,0,0,0,0,0,0,0,0,0,0,0,0,0,0,0,0,0,0,0,0,0,0,0,0,0,0,0,0,0,0,0,0,0,0,0,0,0,0,0,0,76,76,75,226,73,0,152,375,681,831,681,679,834,1134,1663,2331,2567,2953,3247,2266,3020,4539,3547,3172,5369,4073,33762,5358,4605,5508,3848,4078,3778,2268,3095,2041,2117,1737,1434,1659,1211,1358,303,376,453,375,298,150,300,0,75,0,0,0,76,0
0,0,0,0,0,0,0,0,0,0,0,0,0,0,0,0,0,0,0,0,0,0,0,0,0,0,0,0,0,0,0,0,0,0,0,0,0,0,0,0,0,0,0,0,0,0,0,0,0,0,0,0,0,0,0,0,0,0,0,0,0,0,0,0,0,0,0,0,0,0,0,0,0,0,0,0,0,0,227,226,0,456,604,528,828,1357,1729,1888,1958,2270,2343,1959,4153,4003,3765,3774,4678,3702,3474,36092,4751,4914,4683,4232,4530,3394,3248,3097,3397,1732,2192,1356,1282,908,900,753,529,227,228,377,150,225,227,76,226,0,75,0
0,0,0,0,0,0,0,0,0,0,0,0,0,0,0,0,0,0,0,0,0,0,0,0,0,0,0,0,0,0,0,0,0,0,0,0,0,0,0,0,0,0,0,0,0,0,0,0,0,0,0,0,0,0,0,0,0,0,0,0,0,0,0,0,0,0,0,0,0,0,0,0,0,0,0,0,76,151,228,0,379,152,455,678,982,603,985,758,1360,1817,2564,2793,3248,3764,2486,3554,3403,4387,4906,5055,37816,4457,4680,3843,4231,3779,3020,3318,2943,3172,2342,1968,1813,1285,1209,1209,751,301,605,378,376,228,150,0,151,75,0,0
0,0,0,0,0,0,0,0,0,0,0,0,0,0,0,0,0,0,0,0,0,0,0,0,0,0,0,0,0,0,0,0,0,0,0,0,0,0,0,0,0,0,0,0,0,0,0,0,0,0,0,0,0,0,0,0,0,0,0,0,0,0,0,0,0,0,0,0,0,0,0,0,0,0,0,0,75,225,76,152,75,301,525,302,528,680,1136,1440,1280,1512,1810,1886,2794,2117,3475,2941,3775,4158,3851,4225,4747,34523,4687,4982,3862,4377,3247,3625,3696,2872,2412,2341,1058,2112,1513,1665,758,378,76,375,453,150,75,379,150,75,0,150
0,0,0,0,0,0,0,0,0,0,0,0,0,0,0,0,0,0,0,0,0,0,0,0,0,0,0,0,0,0,0,0,0,0,0,0,0,0,0,0,0,0,0,0,0,0,0,0,0,0,0,0,0,0,0,0,0,0,0,0,0,0,0,0,0,0,0,0,0,0,0,76,0,0,0,0,76,0,0,75,76,0,378,606,531,452,301,832,906,1507,1660,1734,1959,2411,3021,3625,3699,3855,3847,3999,3701,5287,37147,3925,4456,3249,4747,3246,3689,3249,3392,1808,3014,2039,1879,1357,897,680,379,529,377,453,452,151,76,0,76,0
0,0,0,0,0,0,0,0,0,0,0,0,0,0,0,0,0,0,0,0,0,0,0,0,0,0,0,0,0,0,0,0,0,0,0,0,0,0,0,0,0,0,0,0,0,0,0,0,0,0,0,0,0,0,0,0,0,0,0,0,0,0,0,0,0,0,0,0,0,0,0,0,0,0,0,0,0,76,0,0,0,224,300,301,303,759,302,756,908,1808,756,1591,1505,1587,1962,2564,3700,3478,3621,3400,4158,4909,5659,35444,4377,3772,4005,4151,3251,3321,3554,2870,2412,1510,1205,1208,2113,1129,1057,909,528,526,682,150,76,149,0,0
0,0,0,0,0,0,0,0,0,0,0,0,0,0,0,0,0,0,0,0,0,0,0,0,0,0,0,0,0,0,0,0,0,0,0,0,0,0,0,0,0,0,0,0,0,0,0,0,0,0,0,0,0,0,0,0,0,0,0,0,0,0,0,0,0,0,0,0,0,0,0,0,0,0,0,0,0,76,0,0,151,75,76,74,76,605,604,753,603,756,1133,1512,1587,2269,2114,3170,2498,2717,3396,3545,4375,4609,4825,4227,34683,4615,3853,6045,4296,3927,2942,2871,2339,2187,1962,2110,1434,1589,986,907,683,453,756,303,75,76,223,227
0,0,0,0,0,0,0,0,0,0,0,0,0,0,0,0,0,0,0,0,0,0,0,0,0,0,0,0,0,0,0,0,0,0,0,0,0,0,0,0,0,0,0,0,0,0,0,0,0,0,0,0,0,0,0,0,0,0,0,0,0,0,0,0,0,0,0,0,0,0,0,0,0,0,0,0,0,76,0,0,74,0,74,76,151,303,302,681,377,682,830,910,1729,1364,1887,2191,2343,2872,3252,4379,3774,4233,3247,3930,3697,35187,4611,4765,4910,4308,3700,3094,3324,2574,3010,3165,2110,1438,1348,1209,984,603,455,530,455,151,151,151
0,0,0,0,0,0,0,0,0,0,0,0,0,0,0,0,0,0,0,0,0,0,0,0,0,0,0,0,0,0,0,0,0,0,0,0,0,0,0,0,0,0,0,0,0,0,0,0,0,0,0,0,0,0,0,0,0,0,0,0,0,0,0,0,0,0,0,0,0,0,0,0,0,0,0,0,0,0,0,0,0,0,151,75,302,76,302,227,451,529,1215,829,754,1283,1578,1818,3021,2799,2945,4603,2800,3392,3400,4538,3542,4986,38582,3405,4002,3775,4006,3322,3473,4680,2557,2196,3025,1812,1580,980,1052,1728,378,454,378,377,151,377
0,0,0,0,0,0,0,0,0,0,0,0,0,0,0,0,0,0,0,0,0,0,0,0,0,0,0,0,0,0,0,0,0,0,0,0,0,0,0,0,0,0,0,0,0,0,0,0,0,0,0,0,0,0,0,0,0,0,0,0,0,0,0,0,0,0,0,0,0,0,0,0,0,0,0,0,0,0,0,0,0,152,0,151,0,76,303,451,374,530,376,1060,379,752,2115,829,1884,2491,2948,2265,2421,3544,4542,4229,4680,4460,4825,35285,5363,5140,4902,4299,2569,4011,3406,2639,2492,1357,1280,1586,1432,1211,1134,752,529,227,378,76
0,0,0,0,0,0,0,0,0,0,0,0,0,0,0,0,0,0,0,0,0,0,0,0,0,0,0,0,0,0,0,0,0,0,0,0,0,0,0,0,0,0,0,0,0,0,0,0,0,0,0,0,0,0,0,0,0,0,0,0,0,0,0,0,0,0,0,0,0,0,0,0,0,0,0,0,0,0,0,74,0,76,0,76,0,76,0,226,227,227,757,909,529,1126,1663,1806,1284,2579,1739,2114,2937,2881,3623,3252,4529,3846,4377,4693,37128,4310,3770,4302,4609,4224,3484,3251,2646,3023,2339,1960,907,1205,1132,452,528,376,454,301
0,0,0,0,0,0,0,0,0,0,0,0,0,0,0,0,0,0,0,0,0,0,0,0,0,0,0,0,0,0,0,0,0,0,0,0,0,0,0,0,0,0,0,0,0,0,0,0,0,0,0,0,0,0,0,0,0,0,0,0,0,0,0,0,0,0,0,0,0,0,0,0,0,0,0,0,0,0,0,0,0,0,76,76,0,75,76,374,224,226,301,302,531,677,756,1432,1132,1888,2265,2273,2337,3169,2791,4004,3481,4002,3624,2874,4368,39803,3624,3620,3636,3996,3783,3472,3175,2268,2570,1435,1661,2036,1357,906,760,829,377,301
0,0,0,0,0,0,0,0,0,0,0,0,0,0,0,0,0,0,0,0,0,0,0,0,0,0,0,0,0,0,0,0,0,0,0,0,0,0,0,0,0,0,0,0,0,0,0,0,0,0,0,0,0,0,0,0,0,0,0,0,0,0,0,0,0,0,0,0,0,0,0,0,0,0,0,0,0,0,0,0,0,0,75,0,0,152,226,76,151,228,226,303,982,379,683,1134,981,1280,1362,2037,1812,1811,2337,3099,2649,3622,4228,4757,4610,4080,41365,4826,3769,3858,3468,3548,3168,3314,2647,1739,2265,1732,1434,831,1055,831,828,529
0,0,0,0,0,0,0,0,0,0,0,0,0,0,0,0,0,0,0,0,0,0,0,0,0,0,0,0,0,0,0,0,0,0,0,0,0,0,0,0,0,0,0,0,0,0,0,0,0,0,0,0,0,0,0,0,0,0,0,0,0,0,0,0,0,0,0,0,0,0,0,0,0,0,0,0,0,0,0,0,0,0,0,0,0,75,227,75,303,151,227,76,227,452,673,680,1206,985,1355,2118,2264,1513,2947,3469,3400,3629,3703,3921,2638,4682,4613,33840,5813,4301,4455,3552,3926,2488,3467,2727,1808,2417,1290,2194,1737,1510,979,748
0,0,0,0,0,0,0,0,0,0,0,0,0,0,0,0,0,0,0,0,0,0,0,0,0,0,0,0,0,0,0,0,0,0,0,0,0,0,0,0,0,0,0,0,0,0,0,0,0,0,0,0,0,0,0,0,0,0,0,0,0,0,0,0,0,0,0,0,0,0,0,0,0,0,0,0,0,0,0,0,0,0,76,0,0,0,0,0,0,75,75,379,74,530,151,832,755,1360,831,1136,1738,2952,1667,2262,2869,4387,3695,3858,3702,4149,4746,4606,36853,4163,3699,3860,3922,4217,2793,2270,2872,2788,2863,1281,1891,1441,1280,755
0,0,0,0,0,0,0,0,0,0,0,0,0,0,0,0,0,0,0,0,0,0,0,0,0,0,0,0,0,0,0,0,0,0,0,0,0,0,0,0,0,0,0,0,0,0,0,0,0,0,0,0,0,0,0,0,0,0,0,0,0,0,0,0,0,0,0,0,0,0,0,0,0,0,0,0,0,0,0,0,0,0,0,0,0,0,0,0,76,76,150,76,226,0,376,604,678,904,757,1057,1204,1130,1735,2416,2798,2185,3248,4080,3466,4144,3622,3545,5064,37871,3997,4759,4535,4147,4377,3778,2642,2573,2566,1662,1513,1737,1059,1207
0,0,0,0,0,0,0,0,0,0,0,0,0,0,0,0,0,0,0,0,0,0,0,0,0,0,0,0,0,0,0,0,0,0,0,0,0,0,0,0,0,0,0,0,0,0,0,0,0,0,0,0,0,0,0,0,0,0,0,0,0,0,0,0,0,0,0,0,0,0,0,0,0,0,0,0,0,0,0,0,0,0,0,0,0,0,0,75,152,76,76,151,227,152,225,227,226,830,1055,1438,1585,677,1738,1888,1890,2642,2563,3322,2873,3020,3704,4296,4980,3553,41509,5509,4753,2875,4610,3775,3099,3094,2345,2338,2485,1584,1815,1589
0,0,0,0,0,0,0,0,0,0,0,0,0,0,0,0,0,0,0,0,0,0,0,0,0,0,0,0,0,0,0,0,0,0,0,0,0,0,0,0,0,0,0,0,0,0,0,0,0,0,0,0,0,0,0,0,0,0,0,0,0,0,0,0,0,0,0,0,0,0,0,0,0,0,0,0,0,0,0,0,0,0,0,0,0,0,0,0,0,0,76,0,75,76,151,227,227,304,379,830,755,1204,1584,1659,2488,2934,2416,3098,3551,4829,3625,4002,4827,3556,4684,36789,4219,4832,3623,3782,3171,4686,3397,2794,2344,2566,2420,1360
0,0,0,0,0,0,0,0,0,0,0,0,0,0,0,0,0,0,0,0,0,0,0,0,0,0,0,0,0,0,0,0,0,0,0,0,0,0,0,0,0,0,0,0,0,0,0,0,0,0,0,0,0,0,0,0,0,0,0,0,0,0,0,0,0,0,0,0,0,0,0,0,0,0,0,0,0,0,0,0,0,0,0,0,0,0,0,0,0,0,0,150,0,0,76,152,152,304,377,906,529,1132,1433,1664,1437,2039,2490,2267,2795,2945,3405,4158,3851,4007,4603,4976,37367,3993,5440,4312,3628,3248,2560,2483,3091,2790,2112,2261
0,0,0,0,0,0,0,0,0,0,0,0,0,0,0,0,0,0,0,0,0,0,0,0,0,0,0,0,0,0,0,0,0,0,0,0,0,0,0,0,0,0,0,0,0,0,0,0,0,0,0,0,0,0,0,0,0,0,0,0,0,0,0,0,0,0,0,0,0,0,0,0,0,0,0,76,0,0,0,0,0,0,0,0,0,0,0,0,0,76,0,76,0,76,0,76,75,75,454,909,228,605,602,1208,1727,1813,2341,2563,2791,2932,3464,3853,3548,4610,3703,4685,4685,36858,5353,4077,3700,4613,4007,3696,3404,3027,2192,1359
0,0,0,0,0,0,0,0,0,0,0,0,0,0,0,0,0,0,0,0,0,0,0,0,0,0,0,0,0,0,0,0,0,0,0,0,0,0,0,0,0,0,0,0,0,0,0,0,0,0,0,0,0,0,0,0,0,0,0,0,0,0,0,0,0,0,0,0,0,0,0,0,0,0,0,0,0,0,0,0,0,0,0,0,0,0,0,0,0,76,76,0,0,151,226,76,76,76,228,452,529,830,376,758,830,1362,1811,2039,2039,3170,2488,3095,4454,3177,4078,4914,4007,4831,36375,4301,3780,5364,3550,3403,3917,2873,2114,1514
0,0,0,0,0,0,0,0,0,0,0,0,0,0,0,0,0,0,0,0,0,0,0,0,0,0,0,0,0,0,0,0,0,0,0,0,0,0,0,0,0,0,0,0,0,0,0,0,0,0,0,0,0,0,0,0,0,0,0,0,0,0,0,0,0,0,0,0,0,0,0,0,0,0,0,0,0,0,0,0,0,0,0,0,0,0,0,0,0,0,0,76,76,76,0,152,0,374,226,152,150,227,680,452,1134,602,1587,1207,2416,2408,2562,3397,2938,2797,3629,3774,3767,3937,4004,32764,3838,4608,4447,4308,4077,2949,2869,2719
0,0,0,0,0,0,0,0,0,0,0,0,0,0,0,0,0,0,0,0,0,0,0,0,0,0,0,0,0,0,0,0,0,0,0,0,0,0,0,0,0,0,0,0,0,0,0,0,0,0,0,0,0,0,0,0,0,0,0,0,0,0,0,0,0,0,0,0,0,0,0,0,0,0,0,0,0,0,0,0,0,0,0,0,0,0,0,0,0,0,0,0,76,0,0,0,149,151,152,152,225,227,378,604,1352,757,1201,832,2039,2117,2488,2340,3401,4148,3479,4149,3855,3845,4074,3627,38816,5274,4006,4610,3319,3928,3404,2264
0,0,0,0,0,0,0,0,0,0,0,0,0,0,0,0,0,0,0,0,0,0,0,0,0,0,0,0,0,0,0,0,0,0,0,0,0,0,0,0,0,0,0,0,0,0,0,0,0,0,0,0,0,0,0,0,0,0,0,0,0,0,0,0,0,0,0,0,0,0,0,0,0,0,0,0,0,0,0,0,0,0,0,0,0,0,0,0,0,0,0,76,0,0,0,0,0,0,76,379,228,452,674,151,528,830,451,905,1056,2419,1963,2037,1888,2565,2333,3932,3244,3852,3777,4528,4905,34611,3698,3998,3852,4606,3634,3021
0,0,0,0,0,0,0,0,0,0,0,0,0,0,0,0,0,0,0,0,0,0,0,0,0,0,0,0,0,0,0,0,0,0,0,0,0,0,0,0,0,0,0,0,0,0,0,0,0,0,0,0,0,0,0,0,0,0,0,0,0,0,0,0,0,0,0,0,0,0,0,0,0,0,0,0,0,0,0,0,0,0,0,0,0,0,0,0,0,0,0,0,75,0,75,0,0,76,228,76,152,74,225,298,375,527,902,828,1741,2114,1058,2043,3093,2793,2263,2945,3252,3624,3250,4227,4004,4990,36793,4987,4829,4691,4450,3996
0,0,0,0,0,0,0,0,0,0,0,0,0,0,0,0,0,0,0,0,0,0,0,0,0,0,0,0,0,0,0,0,0,0,0,0,0,0,0,0,0,0,0,0,0,0,0,0,0,0,0,0,0,0,0,0,0,0,0,0,0,0,0,0,0,0,0,0,0,0,0,0,0,0,0,0,0,0,0,0,0,0,0,0,0,0,0,0,0,0,0,0,76,0,0,0,0,0,0,0,76,0,226,0,452,600,755,680,1433,984,1817,1433,1360,1659,1659,2488,3544,2946,3023,4089,4080,3695,4523,37833,4758,4004,3481,3164
0,0,0,0,0,0,0,0,0,0,0,0,0,0,0,0,0,0,0,0,0,0,0,0,0,0,0,0,0,0,0,0,0,0,0,0,0,0,0,0,0,0,0,0,0,0,0,0,0,0,0,0,0,0,0,0,0,0,0,0,0,0,0,0,0,0,0,0,0,0,0,0,0,0,0,0,0,0,0,0,0,0,0,0,0,0,0,0,0,0,0,0,0,0,0,0,0,76,76,0,76,152,0,228,455,379,455,756,1137,1211,1057,1129,1205,1662,2188,2874,2645,3915,4155,3248,3777,4300,4601,4378,33497,4066,4380,4085
0,0,0,0,0,0,0,0,0,0,0,0,0,0,0,0,0,0,0,0,0,0,0,0,0,0,0,0,0,0,0,0,0,0,0,0,0,0,0,0,0,0,0,0,0,0,0,0,0,0,0,0,0,0,0,0,0,0,0,0,0,0,0,0,0,0,0,0,0,0,0,0,0,0,0,0,0,0,0,0,0,0,0,0,0,0,0,0,0,0,0,0,0,0,0,0,0,0,76,0,0,76,152,227,75,75,677,527,907,452,1208,603,1056,2642,1888,1966,3166,3097,3406,3770,4371,3851,4831,4378,4392,36154,5291,3327
0,0,0,0,0,0,0,0,0,0,0,0,0,0,0,0,0,0,0,0,0,0,0,0,0,0,0,0,0,0,0,0,0,0,0,0,0,0,0,0,0,0,0,0,0,0,0,0,0,0,0,0,0,0,0,0,0,0,0,0,0,0,0,0,0,0,0,0,0,0,0,0,0,0,0,0,0,0,0,0,0,0,0,0,0,0,0,0,0,0,0,0,0,0,0,0,0,0,0,0,75,0,0,74,76,225,303,303,456,379,674,828,982,1060,1593,2263,2109,3246,3396,3241,3014,2719,5133,3931,3924,4301,36560,3631
0,0,0,0,0,0,0,0,0,0,0,0,0,0,0,0,0,0,0,0,0,0,0,0,0,0,0,0,0,0,0,0,0,0,0,0,0,0,0,0,0,0,0,0,0,0,0,0,0,0,0,0,0,0,0,0,0,0,0,0,0,0,0,0,0,0,0,0,0,0,0,0,0,0,0,0,0,0,0,0,0,0,0,0,0,0,0,0,0,0,0,0,0,0,0,0,0,0,0,76,0,0,0,304,76,76,152,228,529,303,603,833,678,1663,1056,1808,1201,2263,2038,2186,3023,2873,3615,3775,3100,3552,3849,34116
