454577,448785,447921,455119,445273,446247,449352,448716,450203,446571,430172,449497,444383,442553,436193,439344,438890,445632,442626,451767,440101,433847,439912,445787,431023,434929,446018,442391,436010,438815,450958,446613,445412,437424,437227,425995,438715,430367,441040,436843,428886,430256,437791,431059,432442,438170,430302,433840,436614,441018,426893,445136,433838,432928,434731,435278,436267,442340,439623,438086,432026,440218,434600,429624
512997,502119,498033,505215,491654,491521,499770,492506,501241,499793,500288,490477,492085,487223,494895,496606,491249,498308,492969,496470,491148,498851,495342,480086,496666,482594,498152,485478,498765,498339,494981,485086,484928,485641,483913,491567,478452,485874,498104,478154,483188,485495,488271,487122,497613,480209,480078,497352,486032,487156,489857,482024,482558,492137,498333,485063,489332,486282,496050,484898,481730,487969,490345,483208
504733,502954,498603,488532,494656,490682,493661,502884,493710,488825,484784,478419,496347,486743,495128,490221,482485,483962,486882,489230,484033,488975,490627,491031,481007,481179,490945,488167,481306,496543,486584,476102,479200,492151,477459,493231,484917,486944,466792,481083,486734,481134,490439,477270,486216,476645,482553,478503,478320,483263,479357,480925,484386,483199,485689,488943,474215,479980,476213,488658,487650,480051,491110,479214
505977,498926,491993,498886,495573,493366,490555,485028,483550,479571,494346,496214,483419,482189,508632,488472,484918,487463,486198,493982,478506,484063,478862,496351,489830,484242,498233,488607,478934,489285,485671,485091,488206,485751,484338,472728,495230,486867,482545,487305,476922,484057,486411,489785,486009,481289,474508,477298,478118,479906,480020,475948,478695,485413,480146,488041,484482,483566,477487,486627,478184,475768,484104,475078
489985,500077,482583,497986,495161,495994,489638,488091,486558,478361,482521,487213,494301,485116,478818,479380,488664,466931,479863,476411,477238,479248,478923,471189,490891,483343,483233,477693,479823,492012,485055,483141,480989,476259,485731,472483,482869,470728,478780,477726,478183,477272,469138,470318,481028,468365,464815,468708,469053,484384,474653,474998,482157,480405,484984,465659,481237,469376,476715,469799,478690,478595,480367,482123
503250,500000,494320,491841,481519,481752,483232,489078,488991,488834,498688,473113,476055,492299,478169,491082,476502,480941,471943,482542,475140,482884,474695,467925,472552,482117,480520,485782,481943,477317,497576,483795,486424,475090,473845,467598,484733,478411,467714,473955,472849,468457,469628,478070,478329,491631,472923,472571,474839,475113,471141,474485,471298,481454,477326,472116,470025,476530,473649,466289,477166,480374,464424,484637
509175,496375,491757,492306,486269,487180,478455,479897,491379,471205,488960,494232,488943,483034,487594,489709,480487,466336,473272,475338,470150,483231,484083,479222,469439,489957,478759,474618,484656,490516,477548,489666,469613,479071,484679,474867,476835,482502,467601,474722,470114,470434,478318,475325,471396,470330,466094,468620,466693,484031,477272,480575,491523,474647,475643,478603,472237,488357,479122,475298,477307,477949,471571,468376
510349,504275,493859,491956,478604,489083,494701,490270,487538,484741,471474,489927,486675,480617,481054,477438,479059,486531,485321,477902,480282,479800,482770,491008,482039,486746,478409,484554,479574,492631,484699,472909,483971,478511,466245,480560,469702,473792,471921,475151,483455,478132,479294,471226,483861,480970,476386,474848,476998,475632,479488,478958,472585,484250,480259,471283,480767,476183,462950,471165,474126,475674,470120,481260
499118,504771,490470,489545,492214,486808,488740,484756,483192,484319,497023,472783,498633,494542,488713,492593,486576,485450,481142,490081,484169,486680,483512,471225,482743,477409,477530,479689,489593,476738,486290,479874,471897,470246,479646,468533,475664,478672,485248,470841,482815,478959,461036,485507,473957,474444,478101,482430,466023,467180,470353,460571,475160,475172,472017,471161,475686,482502,482201,480373,470719,466219,466524,484059
498692,491618,495032,500838,489476,487641,485296,488904,495415,479483,482882,484365,480271,477194,478024,471481,475441,482123,480344,480416,476360,493008,471729,484347,479813,483141,472994,485041,484042,486551,475614,477132,469659,464629,469861,476987,471754,474275,484973,460021,474725,469311,474980,473099,465299,471485,471925,470892,471851,470071,471690,474093,471982,481872,475678,471950,474540,481867,469789,469884,463810,476774,476117,479516
518995,500361,492964,485566,491919,484711,490268,483578,482952,482273,484272,490661,476645,481419,481426,491614,477103,471770,477322,488134,488525,476685,482856,480672,487591,474301,489365,485710,486812,463943,483242,484381,471628,480585,472778,470120,475385,460815,475954,484588,480034,470346,479602,472658,470735,476320,471320,472468,459051,469008,473366,470330,478116,480929,478008,472536,474791,472528,472726,466862,471171,474895,472156,474491
500723,496939,502389,487284,489853,485109,484712,492780,479657,476542,488562,488743,489669,495803,489138,482829,481054,485778,478070,471589,481811,478769,481610,481332,462564,498954,489481,473590,489062,480248,480938,485837,477235,478604,472228,467232,473789,466015,464375,474287,480327,476537,479142,472597,471447,480370,468022,478301,462217,473029,468835,476089,479065,472846,471414,480141,477562,468487,467659,478462,467195,469584,479097,471902
500070,498930,479518,496880,488658,485366,487189,473897,480904,498288,492180,476854,478388,480280,485841,482233,471905,477428,471948,476825,478129,470754,474193,477009,480728,483055,480420,480072,487023,487283,473629,471493,474205,475039,473368,475016,473180,474816,474236,481175,468497,465202,472948,478683,470565,475637,480669,464630,483036,468714,463163,479084,482776,465822,482047,472501,473273,485216,469562,475739,463104,472829,486506,481152
494472,493628,482591,505007,481972,486408,490692,494793,485244,473914,481330,485880,472144,488451,493962,472351,476573,492511,473051,479893,478581,483262,480329,472930,490469,479475,475341,483653,477530,485203,491177,478204,475062,473565,476288,473665,477139,473273,472773,469144,480282,479505,476870,466931,474767,474450,472368,477573,467142,479089,471278,459686,455888,474968,471612,476808,478620,466336,467671,477065,471493,466175,476112,468724
496910,496805,497055,486994,479775,484374,484424,483297,481607,487690,483171,484121,476990,474751,475953,488755,473414,480682,478647,476664,485686,488473,483364,477848,487513,484770,487029,481538,483937,481668,472236,485956,473559,472312,475348,466251,468397,476884,468548,475610,470999,466436,471599,480321,479581,476109,472946,472876,480649,484287,464911,474378,476409,472230,475141,472642,475294,471767,473649,467512,472662,474074,487765,476067
501362,485306,486399,496817,485474,496559,480922,487028,485366,482896,486494,488986,484902,478084,478804,470227,475142,483032,485729,480330,479907,470859,485932,481535,482744,470363,486703,484745,484898,490955,470105,464639,476175,480177,470892,467770,473053,472869,474029,470859,479909,482031,484194,477269,480721,473991,464310,463923,470392,478947,473905,472826,480161,467901,470454,478634,466132,462274,479834,470850,478705,474898,476208,477384
494025,491765,490853,480037,493930,485655,483659,482317,481090,480245,484321,482673,479203,478582,484111,484196,478483,473779,488177,481068,467179,482459,471754,485370,492076,487470,473674,470723,483180,473024,469566,471423,472471,473567,466197,476664,461271,464669,485557,480534,468428,475484,468388,469104,475489,473995,469719,468601,457407,475837,471153,474566,464814,473129,472579,479575,470640,469904,466996,465216,474004,467727,470673,468623
499097,488223,483361,493642,474805,484577,481719,479756,483888,474627,484512,480876,476549,473867,494001,496625,472210,479153,477903,478478,482866,479662,474392,473131,467387,479591,477744,470933,469004,481457,472517,477858,478353,473310,471940,464453,467415,468900,465909,468820,477172,475122,474999,470009,474590,473880,469251,467258,468989,470910,470200,459551,459033,470418,468581,479338,470534,477329,470333,468449,467468,472511,472738,470419
496361,493242,493782,488897,484033,479023,485244,481762,488961,466761,475991,487031,481033,478304,481820,480064,475226,470727,485012,469087,471024,466318,477783,481949,479034,468843,484840,485633,479243,475819,465175,472905,475495,473189,478781,475024,483971,465852,462965,470112,468213,467983,474384,463460,471390,472129,467367,465843,472614,474309,466574,469248,468310,475111,470304,475834,479733,468155,466197,472542,477020,476739,470544,471334
491077,484458,486173,483837,488906,489923,487282,476147,478198,472089,476611,476441,477093,477064,486519,489915,488707,479495,477014,471322,481019,482980,493340,467817,480714,481399,473502,474521,482779,474559,466620,479933,475562,464320,471323,469497,470109,464696,474822,468581,462297,465649,468819,475245,462462,475079,462567,471598,476423,474046,458968,479310,479806,468548,471033,461610,478941,471479,464478,469900,473410,475405,465193,462170
492093,485687,491002,480979,479905,484795,487777,488933,486988,491080,491366,480425,484200,472257,477828,474494,480807,473521,472684,473064,480830,467709,489551,475018,485733,473183,475152,480917,471164,471750,486476,478931,470052,472059,466701,473721,475776,468047,472306,468176,462613,466171,474840,466426,464744,468210,469414,468718,474819,466360,473791,469933,468768,473717,464388,472227,465827,465279,471189,465300,469239,474236,475092,466455
503165,491497,491095,486716,480857,490547,489629,472543,475871,482375,479658,481544,476993,486550,465526,487660,486127,477509,476504,482341,460824,472581,479246,474525,470890,480480,473562,480366,472695,472835,473256,487955,484616,475224,460174,466647,469741,465004,463365,469031,473413,472846,474584,472017,464497,469517,465635,472425,476412,463541,476457,473774,477571,472808,467171,470727,472557,471930,468715,469163,470634,471993,472219,482888
507651,486464,498210,489913,480977,477571,480974,474189,469751,479847,476683,484021,481084,468771,473415,480172,480625,469457,474090,478754,481994,468694,475405,479973,474400,482631,482048,473240,476604,471673,478418,481476,477212,476040,469111,474033,476364,477402,468739,475705,473745,462899,466852,464810,470920,468697,471497,467265,473804,477058,477776,457672,463817,467845,477873,479303,464679,463524,465588,477505,473993,468091,466230,471721
484771,486889,493196,489087,494589,490617,482983,474707,480759,482781,480438,483461,485656,470514,483514,479310,486338,481847,483010,485221,465705,475048,486154,493046,479435,486956,469967,477202,483274,462465,467586,472439,465957,475195,469278,468603,465585,469942,468030,461763,479084,470193,474551,464915,466664,466637,462798,475000,474148,474433,477229,469230,470194,462646,473866,472079,473454,471034,468051,474065,462870,472682,474107,457712
499483,496928,492365,499092,487279,483836,474841,463106,484551,478058,480545,481879,476931,480237,481121,489840,481909,477873,476456,477675,473674,475146,472475,468512,465720,471050,478673,483970,478982,465289,477599,471185,465062,478289,461428,463603,467551,474662,476905,484370,473241,462785,469371,472602,474853,459381,466113,468515,459659,470996,469479,475247,471338,481513,469132,472344,466810,472500,482005,471590,472268,464560,460207,465864
496041,493457,483838,490755,480358,480350,482601,487221,474245,480455,479230,472097,478295,477429,480378,481778,475752,477512,484436,472696,472972,478164,487218,469851,470234,475425,473452,482616,469818,480309,482066,482966,471769,467085,463568,479142,478903,471353,464710,459395,470766,465551,471452,464467,475192,466077,470383,473902,470015,470918,480279,469398,468550,473995,468221,473277,461172,478860,468312,475941,460050,471583,476244,475420
494082,494864,477296,483552,476963,473028,497030,483939,480475,478638,483680,484264,482109,475315,475706,489370,475092,477354,465133,467469,485075,461066,475205,472939,481406,477186,479496,472497,477620,483720,476102,475149,476438,478004,468757,486213,474409,481528,484246,475691,465752,469959,478732,469178,474825,478840,470312,474282,460765,464098,466566,462440,481772,461477,470403,470811,462559,475617,475979,467632,471455,472483,470911,461555
492883,490933,483465,487657,480352,476777,491761,474632,463269,482279,485659,480701,478001,464479,477105,484060,467746,480523,475388,486563,484778,485488,488345,472104,478839,485130,471137,474176,477202,472880,482349,471114,461272,468950,470265,480408,469433,475228,471409,476502,474733,467643,471080,479120,487697,478551,455157,477374,460418,473425,476246,471650,475654,467664,468132,469836,464978,470509,464213,459091,467631,476911,470814,473164
503532,494372,493341,480196,487468,487258,477143,491727,481379,486360,467955,479040,482273,481326,481844,480148,475138,479822,479001,473208,467408,466468,469706,473351,473937,471198,471938,474329,477968,478454,473431,480220,469972,463895,468755,470563,469177,472993,467399,468076,481556,469281,460423,468545,463349,469843,464052,488522,470513,472949,469859,468624,468080,474279,471420,476216,471167,474757,473169,469742,460854,471432,475950,474973
493624,494291,481446,486509,478180,486103,484948,485963,476823,470155,475803,485738,475884,487765,483995,476214,467470,471629,467614,484384,477606,473112,484261,479824,483048,472809,478626,472605,471000,477137,487112,478294,464275,481099,457497,473332,470591,474111,464462,463888,471713,463742,478747,460959,467166,473421,459196,467492,459778,459264,465682,467610,476038,468421,474071,474345,471303,460118,468188,460972,462723,464677,472158,464926
498938,486166,485676,491270,481651,481799,477653,481805,471989,474824,474186,481698,474753,485432,481545,471425,487775,467326,484438,469701,473504,466041,476183,457529,469126,479499,467544,463399,481079,474285,481558,475170,469864,471246,467392,467448,466379,465847,461808,465070,480983,477162,466791,467999,463102,462446,467175,457895,474695,472350,469693,469172,457134,470154,474608,468824,468616,472300,479119,471943,464620,471870,472391,476144
496764,499035,487247,487493,481520,474177,481001,481153,476675,472774,470218,482786,490086,486637,478238,482591,482997,477008,472618,474367,469789,488873,474292,478194,477440,482665,471737,478480,478951,483110,472985,474480,469896,469443,466140,470440,475407,472381,466857,470896,468074,470069,472835,462358,468908,473155,467360,470435,467686,475147,460985,471977,470492,475122,472872,459100,468160,466869,461762,473382,476772,471612,470225,466810
496968,488819,479861,484201,470860,471811,481464,469143,474518,480396,464045,477971,476541,480124,473174,478674,473337,471031,460058,480509,469904,465854,460812,474036,473049,477211,471157,474833,467228,461467,479141,470994,463964,470446,467134,460252,465829,458544,470419,460435,455975,468397,462340,467011,462382,475250,468054,457246,455510,474587,470817,471671,465128,473561,464450,461831,461406,460159,458290,468385,459346,455998,465914,469411
495202,488385,471112,479162,475335,474349,486189,477317,469770,466021,474935,481444,475867,466955,458541,477722,469228,474883,467434,467433,468139,472396,465078,469388,471017,469244,463823,471972,470539,469881,480269,467523,462171,453005,466335,467152,472517,462134,460663,469172,466277,462916,448315,463503,461359,464499,450544,458645,464534,466627,466499,461265,467371,463497,459785,465986,459992,467305,472610,473019,460428,462558,459832,466898
476223,492352,474439,485533,477245,480177,483284,475764,474883,476447,477372,478141,476568,477524,486073,487689,469066,465136,471037,468933,468065,462530,469295,468111,483771,475043,468961,465382,475107,472357,467297,477683,467825,461663,468555,462667,465730,463265,464200,455682,464753,463119,465282,466185,461971,475596,460919,464028,451946,459792,469930,464064,470470,467492,469275,459629,472930,460018,462849,456842,460282,460280,466438,470139
485266,488510,475756,475034,473079,478094,475422,482936,474486,461236,475165,478511,474607,467304,481128,472345,475690,475862,478841,473336,478877,475563,469200,463845,466922,478898,469250,472940,463653,464830,465100,471861,457313,467565,477119,460777,457580,462837,470265,463807,471442,469705,470080,453476,465548,459092,462652,464198,459093,468920,467572,466070,460892,465512,465107,462378,468062,460414,463216,458280,471271,457592,475422,471568
480277,479920,482120,477352,480771,474022,475730,466195,470588,472667,472638,460643,475164,477927,470329,473084,475727,457859,468229,472843,461942,468057,472366,473587,463777,471002,468853,473343,465441,466237,464181,474034,465473,463187,478895,463882,455515,460384,475383,462660,465324,454815,460917,456066,468966,474050,465770,467313,460402,460038,468672,456973,458835,465857,475293,465384,464756,458686,457315,464048,465101,458651,471754,468426
494054,494277,483033,485728,479486,475818,466604,478795,479421,467424,475358,477319,482296,474239,480124,471381,466400,470762,464528,467779,469500,465721,465502,475865,456249,478323,468564,466723,475826,464492,465284,475106,467572,471781,474123,470852,462004,464797,461294,460979,446312,461586,458212,465069,467167,467389,468492,464880,454318,473885,460446,469197,462707,477141,463075,461879,465385,462579,464513,468668,467256,460982,466535,458218
494952,484400,475940,477812,480227,480681,477437,482266,466576,470964,471998,469073,476072,470887,474526,468225,479700,456805,464779,465520,477144,475450,476671,468612,471502,483502,469108,483632,475369,481303,475401,479144,473125,474398,452784,465940,461659,466183,463937,475651,464068,455510,459802,459298,460830,458787,461288,456904,465031,453659,469079,465931,468959,452804,467668,470009,461032,469634,462646,465216,458559,458229,459903,468158
483123,481907,481820,487722,473631,487010,477285,485545,471127,468752,467793,468383,472074,476526,465144,473882,459617,472348,474447,476888,468603,470722,471910,462060,464371,472525,468504,470419,464547,471251,465461,461830,456045,460348,464197,460926,459906,466120,460194,458960,461903,458880,470040,459797,464428,470810,464519,458841,461823,466689,462984,469404,463067,459626,457428,467715,462680,464532,467670,463835,463448,462668,461218,464324
499446,488392,488043,477384,474711,470653,465272,481242,469945,462064,470374,481739,466794,470672,470341,464800,482560,472358,483720,478160,460519,467193,474061,472979,472288,471764,465225,467787,460220,474929,465971,474401,456778,466490,462033,462758,467160,467130,465978,469248,460855,467872,474643,464441,450120,462498,463998,457930,469575,468206,464656,461666,452210,469329,461221,469656,462359,471174,468664,464882,459731,462719,463196,457854
479958,491032,480565,478387,478540,487071,471054,477732,479763,472671,476865,475070,469420,478832,476885,472784,471180,469376,470061,472277,471660,469963,480604,473112,474778,471011,468757,464291,479623,472525,475990,478354,456490,463623,464191,468748,454187,459294,468887,467562,458522,471084,457884,472593,478128,456735,468771,464259,464270,458574,477444,465547,464490,468739,465411,465480,459089,467924,464436,459750,471286,471808,467591,470610
501618,497781,488310,489064,472486,469951,477900,473907,473735,473106,488202,470813,473965,475812,485898,473805,475933,476500,476746,474953,468020,467358,473405,475457,465634,464399,480637,466751,476568,469498,475914,470178,457442,466473,451942,449992,469592,458780,467840,462964,462300,461767,465955,460168,465459,462724,461907,453428,464359,470661,461236,459605,461574,461607,459680,463697,464347,467573,462876,462006,464938,463818,466218,466031
486807,485318,481420,479871,478048,469038,463547,478637,472856,487856,481270,472306,477167,477606,467977,475400,472251,474281,473759,465175,478860,479079,478285,465964,462100,463679,472556,474375,475455,472435,464794,464606,455303,459404,470594,467144,465250,453959,455310,464611,454114,461264,457379,464580,467501,460955,457732,465729,461036,459123,463325,464697,477663,456921,462522,457650,455362,457432,463857,462035,462123,463543,461776,464844
495186,478939,491753,484990,464726,475995,483034,468390,471252,477182,466997,469791,467143,478369,481570,469600,458912,466649,465047,480267,468920,470305,467383,479817,462338,463626,470738,469182,468272,481746,478739,474770,462438,475025,458062,469904,449003,475101,461135,468766,467735,468551,462294,467952,470839,465619,468923,469838,470532,461479,461431,461032,477876,457307,462495,472211,471043,459495,458610,467742,452864,476551,471216,470031
497538,485420,482920,485214,474598,472123,461204,482261,483130,478285,465575,463891,483406,479589,473549,474725,472097,475159,463050,486862,477619,467046,465293,467193,468199,470108,486469,481798,472314,479743,483279,468225,463249,461909,454125,461917,463018,460993,472612,465252,458587,465257,457887,470970,460700,475825,454713,457995,464020,467832,457672,463155,457906,472279,453141,464439,458071,456445,465032,463628,465966,468601,466556,460244
501070,489548,483965,485315,467497,470217,471776,476088,473651,485459,476768,475503,476545,480747,470210,483023,467792,477871,461198,467844,472919,479614,458258,465968,471839,465704,478627,462681,460577,471152,468139,466266,473539,470337,466763,464440,467433,461874,468161,457283,457461,464858,471135,464763,463686,461053,469259,469094,467609,450498,461311,470551,464383,462644,462912,472301,465773,461271,452694,461148,467639,461346,466142,458053
488649,501051,484233,476228,474755,468995,474591,462474,470115,467669,479087,470764,479070,471720,479534,458026,468117,474545,467341,470343,473248,478780,473410,472334,475803,465748,472687,461848,479747,460049,474132,470898,462383,468759,469172,464457,461978,455971,471626,446138,472076,451658,459709,467624,455494,472220,459543,470053,459968,460501,456849,469201,466606,453354,465417,455469,454547,470160,460555,470714,465809,452855,464888,462056
489512,490027,467607,478283,483606,477643,470503,469483,474844,470537,467708,472905,472708,462394,474692,476240,475390,468959,467793,475068,470805,465035,468679,466893,473906,478576,463989,473702,471733,476828,475751,471250,463963,464974,461015,461183,464416,467035,464881,470299,463858,457242,466886,461497,455399,464316,458814,469682,466627,459792,466019,456447,464802,456297,468337,466199,473240,463184,472443,458661,459463,468685,468944,461902
494636,500951,474355,491373,478558,475963,474127,468531,471409,479135,472404,480162,472260,478490,468166,471687,466952,469969,468966,473496,463246,469512,466756,476870,479040,464862,473448,467815,454963,475620,468060,470291,464266,453330,472935,466735,461014,464929,467902,467604,457924,454053,465804,467768,463714,460061,463484,468477,455056,465244,464967,465991,465872,466037,471072,465581,468340,468095,455634,466707,463151,461051,458616,468546
487506,486343,477724,493143,474024,471701,471809,477540,478299,469981,484244,476482,469358,473018,477114,473344,458359,473842,468861,470574,476197,472681,470559,466814,466280,472142,471035,460366,467842,463888,463535,460590,467140,456536,466861,471388,462872,468658,454726,458310,461425,454129,461067,463351,454018,459078,462361,468391,465066,475097,453434,462582,459054,471358,472373,462837,461560,467169,451672,465727,462386,462329,468669,459328
481821,489694,469768,478066,474132,477893,488644,481141,466674,477255,464219,472704,474446,473186,472515,472132,471821,464580,467934,468626,456562,463238,473833,461853,467531,469935,467089,474811,472069,479228,483103,472871,464169,457366,465571,468091,462986,468212,467478,460574,471506,465978,463199,456456,466632,462518,462207,463157,456045,467001,463705,475272,459127,462206,462935,471134,468118,475514,468353,473362,458526,464727,458552,461673
480940,486122,484575,475397,465492,468617,478176,481339,462132,472636,463405,478906,470593,464447,474186,476313,471142,476104,478482,482873,466142,475613,471818,455912,479092,461886,463149,467930,471052,466067,469182,467475,461117,468608,471511,458405,454647,459027,476797,476773,467029,470393,477677,468306,461320,455629,458939,466611,457563,465751,458998,466546,469954,456500,464209,471433,467285,462089,460758,473002,457913,467093,468150,450794
492798,486263,488409,488589,485911,467787,474076,482043,468315,472151,481283,465289,478805,464886,480588,477022,479010,473118,471514,473633,466535,468050,475926,465342,477430,473056,472457,471938,460866,471795,482422,467451,465033,466233,467631,460918,467766,471807,467117,476904,456669,459701,465281,463254,468054,467434,470206,473035,453850,459698,468410,470309,464119,461781,474708,478054,470572,455539,465805,463569,466660,457391,467287,464808
489853,492877,468934,482691,477838,473942,475348,485357,477976,462458,473998,482382,479776,470363,470554,475373,476608,481865,468639,472566,479019,463747,466645,465949,469234,460156,479783,462995,478995,476680,477322,470633,466245,454802,450964,462887,470072,467041,463784,452128,458604,469433,468458,463888,467012,466229,462899,469875,468012,471013,465063,467565,461607,465972,459363,464746,466501,472449,459588,468923,465371,465590,457716,463059
489762,481717,494844,488515,474303,490007,465717,471776,475284,483284,470724,471891,477195,473744,481734,482815,470354,468941,473371,450932,481614,470491,472338,470542,463340,458434,469020,472730,465723,465412,471250,477046,461459,453898,471905,452185,467836,467317,467401,466879,465112,465276,469072,462037,459766,466571,451665,464327,452073,458452,468696,477888,458655,475579,467773,467753,465722,455033,464415,464061,462788,460278,456030,464431
499279,476124,481989,489734,473224,478282,466769,469607,483681,476931,478395,477814,474629,470822,467506,472234,469841,477530,460390,464290,472153,479347,471576,467493,464828,469926,469895,477190,478798,469066,463134,461560,468015,466496,460719,469150,474533,473660,453432,460214,458351,458080,472026,462958,466951,467268,455985,458905,466780,469460,452486,463623,471414,460291,465611,465502,462790,462028,457137,465806,449863,461296,453860,464482
488422,478815,476132,475964,465174,481594,469906,477483,466551,472759,483988,477226,480466,475445,474124,469417,467617,467410,469625,472326,476713,473941,469554,469976,479590,472749,475408,473510,467911,470174,466385,465134,472210,463167,458125,466081,470358,464154,464031,469041,453758,476525,474620,465744,472877,466979,451929,469599,467856,460193,462851,472181,465989,458467,473724,456582,469443,468781,475335,465674,461912,459971,461729,450977
491105,482010,488000,480287,478829,467742,476293,473373,478659,476689,472928,473534,476802,472506,476685,468378,476387,466688,469160,470761,464200,479162,480264,467112,475003,476942,470640,460591,462910,476073,462244,470771,466677,477870,456745,470517,457801,453395,471714,469785,462833,464756,464618,467765,467326,468980,459201,470002,454940,465920,474351,456571,473318,473990,475375,476150,474838,468339,460690,462629,451522,448539,469970,466732
488210,489927,479020,477607,465166,477264,487234,479648,476556,468147,475878,474985,486930,480063,466927,474231,465456,473891,470084,461825,471516,475865,471254,465140,471201,455386,461258,471818,470057,481348,467347,473284,466040,459210,467130,462291,463069,463864,460936,465225,468305,463853,459271,467073,466712,466184,462342,458636,470741,469735,456210,468720,472048,463597,467415,465146,455043,464782,463780,465539,460432,471984,460986,456993
490544,487279,470790,485567,481586,468737,472349,465591,476496,488105,475058,475168,470002,470303,462898,471722,459860,465364,470614,470258,463137,471404,471361,465478,458766,466435,465811,473035,466918,475875,464205,468239,465214,473522,481053,474076,463021,455125,458371,455821,455810,455975,466442,457022,466349,473483,469106,450580,465680,469397,471156,468157,463466,465412,473832,475909,459625,459968,465789,456568,464460,468431,467112,461759
489742,477985,474883,464634,469036,475854,470106,482567,478781,470149,471333,478849,479395,468330,471322,475776,452355,473171,473810,460156,472372,474146,461583,469652,472664,473770,462165,468631,462118,466383,458337,477304,465201,465279,471177,463298,459026,464327,463559,462732,465883,468519,459426,469361,460426,456623,468878,466692,458566,472135,450728,462381,471837,462927,460618,469157,469428,475574,468682,459988,472676,454148,460019,476129
472632,493327,474792,482712,464021,466063,480310,481833,472684,484048,481812,473142,468429,480638,481652,469445,460487,457671,468294,468985,479834,469582,470425,471717,464669,470935,485371,478864,478522,471902,467080,468055,469395,463917,457481,459658,459532,469370,464551,469435,465648,464104,471161,467930,467322,456643,472590,460890,458210,470503,464041,461447,464774,464985,461106,462908,458890,470325,460093,474781,457972,459442,463966,470236
430174,437482,428558,434461,426471,425938,421333,426660,422659,426010,427141,419575,431459,420389,430444,410463,421776,427908,429357,413996,405065,418660,412390,413453,422174,417905,418095,410292,425771,421671,426174,424205,408116,408664,417309,415871,411762,414409,426792,409591,408306,407605,410021,407546,416137,415351,416062,412722,412953,416381,422090,417971,409778,419821,408773,416261,421617,404950,411973,413008,407076,411806,410262,407611
