dataset_name,cardinality,AVG area,AVG x,AVG y,E0,E2,block_size,total_area,total_margin,total_overlap,size_std,block_util,total_blocks,x1,y1,x2,y2
large_aws/Uniform_001.csv,21504000,2.1e-07,0.0007,0.0003,2.0,1.999,33554432.0,50.04999492783257,100.0499844360015,1226.224875731898,0.0,0.9948703223466872,50,2.1016980378263383e-09,1.3888790528771006e-07,1.0006998658655066,1.0002999638441261
large_aws/Uniform_002.csv,16128000,1.5e-06,0.001,0.0015,2.0,1.999,33554432.0,38.095042752848265,76.09498577159441,704.7582909276929,0.0,0.9886993177627262,38,1.0663838034830064e-07,2.5081202337240427e-08,1.0009998687981705,1.0014998884896862
large_aws/Uniform_003.csv,10752000,1e-09,5e-05,2e-05,2.0,1.996,33554432.0,25.001743610743127,50.0017435860286,300.0209233289176,0.0,0.9882036089897156,25,2.2354560869075613e-08,5.064526564790839e-08,1.0000499757002368,1.0000198407407337
large_aws/Uniform_enx_001.csv,17920000,1.2e-06,0.002,0.0006,2.0,1.999,33554432.0,42.109225833301416,84.10917546250383,863.239129582679,0.0,0.9947710874534788,42,5.173133865721269e-08,1.6556481308160895e-07,1.0019997138217238,1.0005999192483284
large_aws/Uniform_enx_002.csv,19712000,1.6e-08,0.0008,2e-05,2.0,1.999,33554432.0,46.03771632873071,92.03771559462099,1035.8486173964407,0.0,0.9906263889177984,46,1.8228007436782434e-08,3.7191389967716766e-08,1.0007999726895178,1.0000199869607704
large_aws/Uniform_enx_003.csv,12544000,1.4e-07,0.002,7e-05,2.0,1.998,33554432.0,30.06209831081888,60.0620941189443,435.9004255068737,0.0,0.9700319200754166,30,2.990167169425462e-08,1.2335861587775554e-07,1.0019999670961632,1.0000699901289345
large_aws/Uniform_eny_001.csv,25088000,1.05e-07,3e-05,0.0035,2.0,1.998,33554432.0,60.211794970637776,120.21178868492224,1776.2479516338144,0.0,0.9857135693232218,60,3.951083349384986e-08,1.1029425417419247e-07,1.0000299725296729,1.0034999886907852
large_aws/Uniform_eny_002.csv,8960000,4e-07,0.0001,0.004,2.0,1.997,33554432.0,21.086104550648614,42.08609615760445,210.86104550648614,0.0,0.9940007229646048,21,1.3152462008392264e-08,7.164140380933047e-08,1.00009993291103,1.0039999689116192
large_aws/Uniform_eny_003.csv,14336000,4.8e-08,6e-05,0.0008,2.0,1.998,33554432.0,34.02923705041307,68.0292354210767,561.4824113318157,0.0,0.9728537131758296,34,1.3697646905619365e-08,9.461980421399119e-09,1.0000599187446146,1.000799969740798
large_aws/Uniform_004.csv,21504000,1.6300000000000002e-07,0.00025,0.00065,2.0,1.999,33554432.0,50.04500175886816,100.04499363767816,1226.1025430922698,0.0,0.9945789325237274,50,4.919049934049014e-08,1.4197977238339377e-09,1.0002499382148315,1.0006499851490291
large_aws/Uniform_005.csv,16128000,2.5e-06,0.0025,0.001,2.0,2.0,33554432.0,38.13308819440983,76.1329932061166,705.4621315965817,0.0,0.9931933142636952,38,7.810773472449738e-08,7.81013420603216e-09,1.0024999855175751,1.0009999216138885
large_aws/Uniform_006.csv,25088000,3.15e-09,9e-05,3.5e-05,2.0,1.998,33554432.0,58.00724204370023,116.00724186154058,1653.2063982454565,0.0,0.9945328374361172,58,4.2241345865612345e-08,7.660103584772315e-08,1.0000899821069669,1.0000349964171489
large_aws/Uniform_enx_004.csv,17920000,3.15e-08,0.0007,4.5e-05,2.0,1.998,33554432.0,42.03127512829265,84.03127381353944,861.6411401299993,0.0,0.9847833961248398,42,1.0151277152203876e-08,9.676240564360227e-08,1.000699898102767,1.0000448234189974
large_aws/Uniform_enx_005.csv,19712000,6.65e-08,0.00095,7e-05,2.0,1.999,33554432.0,46.04691707571969,92.04691402180687,1036.055634203693,0.0,0.9893709123134612,46,8.067606804829097e-09,3.06677356842755e-08,1.0009499934426251,1.0000699153319972
large_aws/Uniform_enx_006.csv,7168000,1.13e-06,0.0025,0.00045,2.0,1.999,33554432.0,17.050164649266353,34.050145530311944,136.40131719413085,0.0,0.978395072852864,17,1.0724340304690827e-08,1.1431043134280114e-07,1.0024998635699134,1.0004499985420319
large_aws/Uniform_eny_004.csv,25088000,1.75e-07,7e-05,0.0025,2.0,1.999,33554432.0,59.15162741922653,118.15161711272093,1715.3971951575693,0.0,0.9969485018212916,59,9.602258410623675e-08,3.6390751412263e-08,1.000069973311914,1.0024999406729636
large_aws/Uniform_eny_005.csv,8960000,1.95e-07,0.00013000000000000002,0.0015,2.0,1.997,33554432.0,21.034219678913466,42.03421559318471,210.34219678913468,0.0,0.9867326674007234,21,1.7885356640157113e-07,4.1797201477677965e-08,1.0001299216181079,1.0014996129938365
large_aws/Uniform_eny_006.csv,16128000,3.38e-08,4.5e-05,0.00075,2.0,1.998,33554432.0,38.03019658282484,76.0301953075748,703.5586367822592,0.0,0.9790403231194144,38,2.195531002557871e-07,1.0718358645078752e-07,1.0000449735616137,1.0007499665323043
large_aws/Diagonal_001.csv,21504000,1.5e-06,0.001,0.0015,1.915,1.215,33554432.0,53.132566751505344,106.13248726574614,1381.4467355391391,0.0,0.9854534234640732,53,5.692284421598969e-09,5.692284421598969e-09,1.0009999488203802,1.0014998222952478
large_aws/Diagonal_002.csv,16128000,1e-09,5e-05,2e-05,1.84,1.202,33554432.0,38.002646792477385,76.002646754897,703.0489656608316,0.0,0.9758612097878204,38,5.397166447096424e-08,5.397166447096424e-08,1.0000498420947992,1.0000199172931876
large_aws/Diagonal_003.csv,10752000,2.1e-07,0.0007,0.0003,1.824,1.204,33554432.0,25.0249859642797,50.024980725467614,300.29983157135644,0.0,0.9981441044807434,25,1.4613920816790998e-07,2.022645851917915e-07,1.0006999160240926,1.0002996613984052
large_aws/Diagonal_enx_001.csv,17920000,1.6e-08,0.0008,2e-05,1.7919999999999998,1.289,33554432.0,42.03443636342249,84.03443569468917,861.7059454501607,0.0,0.9951876259985424,42,3.2432872863058515e-09,9.491112103611043e-08,1.0007999978235036,1.0000199978235036
large_aws/Diagonal_enx_002.csv,19712000,1.4e-07,0.002,7e-05,1.901,1.273,33554432.0,48.0993611634989,96.09935444924378,1130.3349873422244,0.0,0.9805450315276779,48,5.25965139219764e-08,5.25965139219764e-08,1.0019999947761369,1.0000699947761371
large_aws/Diagonal_enx_003.csv,12544000,1.2e-06,0.002,0.0006,1.91,1.239,33554432.0,30.07802006568347,60.077984090554466,436.13129095241027,0.0,0.9969471255938211,30,1.3179052653529422e-07,3.313398634352538e-07,1.0019999664077697,1.0005999664077696
large_aws/Diagonal_eny_001.csv,25088000,4.8e-08,6e-05,0.0008,1.872,1.17,33554432.0,59.0507334263678,118.05073059982763,1712.4712693646661,0.0,0.9998508353354568,59,2.8640573912497306e-08,2.8640573912497306e-08,1.0000599164985071,1.0007999814576851
large_aws/Diagonal_eny_002.csv,8960000,1.05e-07,3e-05,0.0035,1.893,1.2919999999999998,33554432.0,22.077654320825214,44.07765202462248,231.81537036866482,0.0,0.9647061662240459,22,1.685191741707115e-07,1.685191741707115e-07,1.0000299909094852,1.0034999836117031
large_aws/Diagonal_eny_003.csv,14336000,4e-07,0.0001,0.004,1.813,1.273,33554432.0,35.143507253854196,70.14349326854287,597.4396233155212,0.0,0.9992284732205527,35,4.376259032934371e-08,4.376259032934371e-08,1.000099941082337,1.003999954115497
large_aws/Diagonal_004.csv,16128000,1.6300000000000002e-07,0.00025,0.00065,1.888,1.226,33554432.0,38.034188264719035,76.03418209865714,703.6324828973021,0.0,0.9892054208015141,38,1.2391445491921615e-07,7.53537811488958e-09,1.0002498301809315,1.0006498301809317
large_aws/Diagonal_005.csv,10752000,2.5e-06,0.0025,0.001,1.849,1.28,33554432.0,26.09105380065955,52.09098882181339,326.13817250824434,0.0,0.9877965690997932,26,1.5215717685812535e-08,1.5215717685812535e-08,1.0024998411011752,1.000999759400006
large_aws/Diagonal_006.csv,17920000,3.15e-09,9e-05,3.5e-05,1.779,1.242,33554432.0,42.00524726554656,84.00524713342567,861.1075689437047,0.0,0.982102890099798,42,9.40531330595462e-09,9.40531330595462e-09,1.0000899752794283,1.0000349752794284
large_aws/Diagonal_enx_004.csv,19712000,3.15e-08,0.0007,4.5e-05,1.7819999999999998,1.206,33554432.0,46.03426560584187,92.03426415901743,1035.7709761314422,0.0,0.9988321111254068,46,5.4286733663921893e-08,5.4286733663921893e-08,1.000699990797793,1.0000449907977929
large_aws/Diagonal_enx_005.csv,12544000,6.65e-08,0.00095,7e-05,1.873,1.204,33554432.0,30.030588373510824,60.0305863854527,435.44353141590693,0.0,0.9730650226275126,30,1.129307801717161e-07,1.129307801717161e-07,1.0009498860216586,1.0000698860216586
large_aws/Diagonal_enx_006.csv,25088000,1.13e-06,0.0025,0.00045,1.908,1.133,33554432.0,63.185917230612354,126.18584636097984,1958.763434148983,0.0,0.9871845425121368,63,7.085672160123125e-09,7.085672160123125e-09,1.00249997820456,1.0004499782045602
large_aws/Diagonal_eny_004.csv,8960000,1.75e-07,7e-05,0.0025,1.796,1.27,33554432.0,22.056539521329324,44.05653568095316,231.59366497395783,0.0,0.9635268016295,22,4.798168862230058e-09,4.798168862230058e-09,1.000069830432342,1.0024999828436851
large_aws/Diagonal_eny_005.csv,14336000,1.95e-07,0.00013000000000000002,0.0015,1.802,1.232,33554432.0,34.05541600219308,68.05540938130311,561.9143640361858,0.0,0.9925596643896664,34,7.641372212069397e-08,5.680805426197186e-08,1.0001299104535808,1.0014999104535809
large_aws/Diagonal_eny_006.csv,21504000,3.38e-08,4.5e-05,0.00075,1.877,1.203,33554432.0,51.04053935834016,102.04053764001549,1276.0134839585041,0.0,0.9841311813569537,51,1.3205601945287526e-08,1.3205601945287526e-08,1.000044941048891,1.000749941048891
large_aws/Gauss_001.csv,16128000,1.6300000000000002e-07,0.00025,0.00065,1.812,1.845,33554432.0,37.36723910663478,75.36483506532868,691.2939234727432,0.0,0.9775661567324088,38,0.00492517986188773,0.15179556058068058,0.9991333745663254,1.1408724991743662
large_aws/Gauss_002.csv,10752000,2.5e-06,0.0025,0.001,1.846,1.846,33554432.0,25.66011964828975,51.65946378241204,320.75149560362183,0.0,0.9853773575562698,26,0.001704671991284934,0.25569166071280763,0.9993583767215396,1.2449404091522476
large_aws/Gauss_003.csv,17920000,3.15e-09,9e-05,3.5e-05,1.867,1.84,33554432.0,41.8380326171032,83.83791282957836,857.6796686506157,0.0,0.9822639794576736,42,0.00022671803443585767,-0.1495763738858569,0.9973636702571668,0.8494274555480398
large_aws/Gauss_enx_001.csv,19712000,3.15e-08,0.0007,4.5e-05,1.794,1.845,33554432.0,45.952948054124526,92.95141880152813,1056.9178052448642,0.0,0.9802380102746032,47,0.001957526076762917,-0.23919625060900496,1.0003888240839176,0.7400622131184813
large_aws/Gauss_enx_002.csv,12544000,6.65e-08,0.00095,7e-05,1.84,1.846,33554432.0,29.192789532937606,59.18745827585125,423.2954482275952,0.0,0.9722900142272314,30,0.011416193020891365,-0.14108367966055066,1.0002585743062329,0.8429892149158159
large_aws/Gauss_enx_003.csv,25088000,1.13e-06,0.0025,0.00045,1.869,1.846,33554432.0,60.71147878087154,121.7111533525774,1821.3443634261466,0.0,0.9977480065627176,61,0.003581827680874117,0.15056460998981885,1.0017344420184442,1.1476768047108947
large_aws/Gauss_eny_001.csv,8960000,1.75e-07,7e-05,0.0025,1.848,1.845,33554432.0,21.847859980309366,43.847597785612976,229.40252979324842,0.0,0.9721489237113432,22,0.00276902347178154,-0.24611996367022715,0.9995867346237456,0.7501349517965805
large_aws/Gauss_eny_002.csv,14336000,1.95e-07,0.00013000000000000002,0.0015,1.82,1.846,33554432.0,34.472851856519235,69.47102260124859,586.0384815608269,0.0,0.9714302940028056,35,0.0018947659027322985,-0.2985202240376812,0.9921376977664996,0.6961232041342261
large_aws/Gauss_eny_003.csv,21504000,3.38e-08,4.5e-05,0.00075,1.853,1.845,33554432.0,49.72362850219079,99.72327784010206,1218.2288983036744,0.0,0.9880270016193392,50,0.0017926549236680356,0.3500432125653833,0.9998280998825588,1.3464733244085338
large_aws/Gauss_004.csv,21504000,1.5e-06,0.001,0.0015,1.883,1.847,33554432.0,51.095895168911845,103.0924043850837,1302.9453268072518,0.0,0.9885991983688794,52,0.0025816602811468137,0.16034607697535933,0.99685944111817,1.1486145343130223
large_aws/Gauss_005.csv,16128000,1e-09,5e-05,2e-05,1.864,1.84,33554432.0,36.34159516041353,73.33905544911175,654.1487128874436,0.0,0.988862115789104,37,0.0007840621479222043,0.26176454505470625,0.995189161514598,1.2494960794478074
large_aws/Gauss_006.csv,10752000,2.1e-07,0.0007,0.0003,1.806,1.844,33554432.0,25.690648091731,51.689807688014604,321.1331011466375,0.0,0.9640385680473768,26,0.0009119581458433834,-0.14756895838288714,0.9967524981758332,0.8446600280492226
large_aws/Gauss_enx_004.csv,17920000,1.6e-08,0.0008,2e-05,1.7990000000000002,1.844,33554432.0,41.85267262880626,83.85254320668757,857.9797888905283,0.0,0.9970546975022272,42,0.002483360932810597,-0.2499381212973953,1.0007187790878591,0.7483155845163071
large_aws/Gauss_enx_005.csv,19712000,1.4e-07,0.002,7e-05,1.835,1.846,33554432.0,47.74156404533885,95.74122531513099,1121.9267550654629,0.0,0.9828427595396836,48,0.0037188227458053173,-0.14955914643627136,1.000565851404602,0.8482026856368277
large_aws/Gauss_enx_006.csv,12544000,1.2e-06,0.002,0.0006,1.857,1.846,33554432.0,29.811660796800385,59.81141813059836,432.26908155360564,0.0,0.985014776388804,30,0.002696118665636349,0.15210959103655772,0.9982152641082612,1.1503043832805449
large_aws/Gauss_eny_004.csv,25088000,4.8e-08,6e-05,0.0008,1.804,1.845,33554432.0,58.71625877771293,117.71618289498971,1702.771504553675,0.0,0.9992621778431584,59,0.003835129629670032,-0.24978081050929798,0.9993088195232578,0.7499350401901607
large_aws/Gauss_eny_005.csv,8960000,1.05e-07,3e-05,0.0035,1.833,1.846,33554432.0,21.611967518247504,43.610573541614684,226.9256589415988,0.0,0.9827375344254754,22,0.005332139628987487,-0.2987097135864175,0.9926123562658264,0.6963088671228655
large_aws/Gauss_eny_006.csv,14336000,4e-07,0.0001,0.004,1.852,1.845,33554432.0,34.662386801323926,69.66252360658446,589.2605756225067,0.0,0.9839674285479956,35,9.018058172827192e-06,0.3506633673406317,0.9899772028406464,1.3510529998891427
large_aws/DiagonalRot_001.csv,10752000,1.6300000000000002e-07,0.00025,0.00065,1.859,1.148,33554432.0,16.76780026740753,46.43550549600765,201.21360320889042,0.0,0.9944647002220154,25,0.4421723900051009,-0.182999805319586,0.9329436256841088,1.1836491788417125
large_aws/DiagonalRot_002.csv,17920000,2.5e-06,0.0025,0.001,1.901,1.37,33554432.0,29.234248696705688,84.26769199998266,657.770595675878,0.0,0.9872157126665116,46,0.44791547669635823,-0.4659998848982504,0.9128220108695141,0.9009999287543036
large_aws/DiagonalRot_003.csv,19712000,3.15e-09,9e-05,3.5e-05,1.823,1.0759999999999998,33554432.0,39.68955890477771,93.25962152207522,912.8598548098872,0.0,0.9893686568483392,47,-0.4999998603778587,-0.09270209688941694,0.8660898187265522,0.5254554904333045
large_aws/DiagonalRot_enx_001.csv,12544000,3.15e-08,0.0007,4.5e-05,1.767,1.234,33554432.0,28.28841138888278,59.850383241665895,410.18196513880025,0.0,0.987035216887792,30,-0.9659999246013204,0.3146688849040176,0.25969924645395365,1.0839824885709402
large_aws/DiagonalRot_enx_002.csv,25088000,6.65e-08,0.00095,7e-05,1.875,1.244,33554432.0,39.19560221739492,110.6564340947571,1156.2702654131501,0.0,0.9992826953530312,60,0.4454128026197015,-0.26599999675828223,0.9236167415088574,1.100069965931847
large_aws/DiagonalRot_enx_003.csv,8960000,1.13e-06,0.0025,0.00045,1.894,1.192,33554432.0,16.52090216181767,42.152273701229284,173.46947269908554,0.0,0.976975828409195,22,0.4082438306911704,-0.18299958342486766,0.9578068847248892,1.1834498035063807
large_aws/DiagonalRot_eny_001.csv,14336000,1.75e-07,7e-05,0.0025,1.745,1.126,33554432.0,21.89607327313438,65.20703254835489,383.1812822798517,0.0,0.9864276697238288,36,-0.4999999691457816,0.5963842877845404,0.8660699362477979,1.0416208420674855
large_aws/DiagonalRot_eny_002.csv,21504000,1.95e-07,0.00013000000000000002,0.0015,1.884,1.21,33554432.0,34.390405096125434,94.89086790065396,859.7601274031357,0.0,0.9931409207044865,51,0.437169746609919,-0.0829998157057599,0.9302752684778821,1.2844999153802767
large_aws/DiagonalRot_eny_003.csv,21504000,3.38e-08,4.5e-05,0.00075,1.779,1.14,33554432.0,49.259516134444674,103.91271125501792,1256.117661428339,0.0,0.9867763742804528,52,-0.9659999897332536,0.3139594705097014,0.2590449302248568,1.0872359208403972
large_aws/DiagonalRot_004.csv,16128000,1.5e-06,0.001,0.0015,1.893,1.204,33554432.0,24.91838311136963,72.92184621231543,485.9084706717077,0.0,0.9806826762855052,40,0.4586738470738165,-0.4659998419853608,0.9142202330959662,0.9014999273003756
large_aws/DiagonalRot_005.csv,10752000,1e-09,5e-05,2e-05,1.823,1.084,33554432.0,19.312581080906533,49.65482864399762,241.4072635113316,0.0,0.9735074593470648,26,-0.4999999766070432,-0.05718733614957972,0.8660495520698928,0.4865642368657008
large_aws/DiagonalRot_006.csv,17920000,2.1e-07,0.0007,0.0003,1.779,1.223,33554432.0,40.54699724783686,85.7857846170982,851.4869422045741,0.0,0.9908968224081882,43,-0.9659999869568672,0.3166255933816933,0.2596999053884561,1.0859439479456303
large_aws/DiagonalRot_enx_004.csv,19712000,1.6e-08,0.0008,2e-05,1.864,1.239,33554432.0,30.408872570001478,86.46386066388573,699.404069110034,0.0,0.9913330521989376,47,0.4495105098000405,-0.2659998936405748,0.9231473515310512,1.100019874498324
large_aws/DiagonalRot_enx_005.csv,12544000,1.4e-07,0.002,7e-05,1.883,1.182,33554432.0,23.004884822367746,57.822294033775094,333.5708299243323,0.0,0.9952269275983174,30,0.4122486093250899,-0.1829999798060569,0.9735884501598316,1.1830699804850378
large_aws/DiagonalRot_enx_006.csv,25088000,1.2e-06,0.002,0.0006,1.891,1.121,33554432.0,38.58096239854967,114.38645628589184,1196.0098343550396,0.0,0.9917665228011115,63,-0.4999999625962316,0.5932197064978836,0.8679999994701509,1.0408777807154987
large_aws/DiagonalRot_eny_004.csv,8960000,4.8e-08,6e-05,0.0008,1.863,1.173,33554432.0,13.837657171161487,38.82692485234129,138.37657171161487,0.0,0.9789541491440364,21,0.44168984947827855,-0.08299996613279766,0.9237912117831152,1.2837998550071894
large_aws/DiagonalRot_eny_005.csv,14336000,1.05e-07,3e-05,0.0035,1.7919999999999998,1.162,33554432.0,34.47699879970261,72.24487884745524,603.3474789947958,0.0,0.9850049838423728,36,-0.9659999600936156,0.3074380916844399,0.25902998365590874,1.089210338142005
large_aws/DiagonalRot_eny_006.csv,16128000,4e-07,0.0001,0.004,1.8,1.186,33554432.0,27.341389543629035,74.75721320584806,533.1570961007661,0.0,0.9831231720745564,40,0.4376065537492504,-0.18299999113669813,0.936537097759488,1.186999794999266
large_aws/Parcel_001.csv,17920000,3.14e-08,9.44e-05,9.44e-05,2.0,1.716,33554432.0,40.99999992341342,81.99999992341344,819.9999984682685,0.0,0.9999250442516512,41,0.0,0.0,0.9999999998544176,0.9999999982776172
large_aws/Parcel_002.csv,19712000,4.58e-08,0.0001833,0.0001832,2.0,1.942,33554432.0,45.99999989141181,91.9999998914118,1034.9999975567655,0.0,0.9943875910147376,46,0.0,0.0,0.9999999999251128,0.9999999977142744
large_aws/Parcel_003.csv,12544000,2.41e-08,0.0001796,0.0001343,1.993,2.0,33554432.0,24.999999855826893,49.99999985582689,299.9999982699227,0.0,0.9941311037540436,25,0.0,0.0,0.9999999961287964,0.9999999981042792
large_aws/Parcel_004.csv,25088000,1.21e-08,5.350000000000001e-05,5.350000000000001e-05,1.998,1.606,33554432.0,57.99999987512718,115.9999998751272,1652.999996441125,0.0,0.9980596704729672,58,0.0,0.0,0.99999999940548,0.9999999984415404
large_aws/Parcel_005.csv,8960000,1.01e-07,0.0004342,0.0002319,2.0,1.994,33554432.0,17.999999773857947,35.99999977385795,152.99999807779258,0.0,0.9779297610123951,18,0.0,0.0,0.9999999888818116,0.9999999985547412
large_aws/Parcel_006.csv,14336000,3.92e-08,0.00017109999999999998,0.0001712,2.0,1.927,33554432.0,33.999999158381854,67.99999915838185,560.9999861133007,0.0,0.974252685027964,34,0.0,0.0,0.9999999997410428,0.9999999755054824
large_aws/Parcel_007.csv,21504000,1.96e-08,0.0001356,0.0001364,2.0,1.982,33554432.0,49.99999921365962,99.99999921365965,1224.9999807346608,0.0,0.9929634356498718,50,0.0,0.0,0.9999999868838688,0.9999999973893235
large_aws/Parcel_008.csv,21504000,3.36e-08,0.0001774,0.0001779,2.0,1.986,33554432.0,49.99999719380758,99.99999719380754,1224.9999312482855,0.0,0.993988248705864,50,0.0,0.0,0.9999999767386528,0.9999999671374978
large_aws/Parcel_009.csv,16128000,5.0199999999999986e-08,0.0001579,0.00015800000000000002,2.0,1.87,33554432.0,37.99999979908437,75.99999979908436,702.9999962830608,0.0,0.9792189801994124,38,0.0,0.0,0.9999999976391576,0.9999999970735888
large_aws/Parcel_010.csv,10752000,5.2300000000000005e-08,0.0001959,0.0001959,2.0,1.948,33554432.0,24.99999901491891,49.9999990149189,299.9999881790268,0.0,0.9927906310558321,25,0.0,0.0,0.9999999900964448,0.999999970500311
large_aws/Parcel_011.csv,17920000,5.04e-08,0.0002319,0.0002171,2.0,1.997,33554432.0,35.99999993273532,71.9999999327353,629.9999988228681,0.0,0.9930499270558356,36,0.0,0.0,0.9999999997997464,0.9999999983317904
large_aws/Parcel_012.csv,19712000,1.53e-08,5.83e-05,5.83e-05,1.996,1.58,33554432.0,45.99999989559818,91.99999989559818,1034.9999976509594,0.0,0.9979586102392364,46,0.0,0.0,0.9999999977639548,0.9999999999664404
large_aws/Parcel_013.csv,12544000,2.41e-08,0.0001795,0.00013419999999999998,1.993,2.0,33554432.0,24.99999234732211,49.99999234732161,299.99990816786527,0.0,0.9941978371143341,25,0.0,0.0,0.9999997918097264,0.9999999020831376
large_aws/Parcel_014.csv,25088000,3.6e-08,0.00016130000000000002,0.00016130000000000002,2.0,1.931,33554432.0,57.99999993455621,115.99999993455624,1652.999998134852,0.0,0.9996173330422106,58,0.0,0.0,0.9999999999224654,0.9999999989491936
large_aws/Parcel_015.csv,8960000,6.28e-08,0.000245,0.000244,2.0,1.986,33554432.0,20.999998303874868,41.99999830387485,209.9999830387487,0.0,0.9842055993420736,21,0.0,0.0,0.9999999833345988,0.9999999358975368
large_aws/Parcel_016.csv,14336000,2.9500000000000006e-08,0.0001674,0.0001655,2.0,1.983,33554432.0,33.99999629049763,67.99999629049756,560.9999387932108,0.0,0.9740304754060858,34,0.0,0.0,0.9999999792911596,0.9999999116058278
large_aws/Parcel_017.csv,16128000,4.48e-08,0.0001525,0.0001525,2.0,1.897,33554432.0,36.999999858588815,73.99999985858881,665.9999974545988,0.0,0.9985787409382898,37,0.0,0.0,0.99999999871984,0.9999999974582359
large_aws/Parcel_018.csv,10752000,7.54e-08,0.00012749999999999998,0.0001276,2.0,1.734,33554432.0,25.99999988653485,51.99999988653485,324.99999858168565,0.0,0.9660423913827308,26,0.0,0.0,0.9999999997093676,0.9999999959265882
large_aws/Combo_001.csv,34048000,2.5e-07,0.00025,0.001,1.8,1.234,33554432.0,135.7930838275864,221.09184919604957,5703.3095207586275,0.0,0.989025400316014,85,0.00492517986188773,-0.4659998848982504,0.9991333745663254,1.1408724991743662
large_aws/Combo_002.csv,32256000,3.33e-08,0.00095,3.5e-05,1.826,1.626,33554432.0,112.20363819284592,188.80918102379485,4207.636432231722,0.0,0.9969097697421124,76,-0.4999998603778587,-0.14108367966055066,1.0002585743062329,0.8429892149158159
large_aws/Combo_003.csv,34048000,2.03e-09,4.5e-05,4.5e-05,1.843,1.486,33554432.0,162.26800663718876,239.8105971190716,6409.586262168958,0.0,0.9887678254395724,80,-0.9659999246013204,0.3146688849040176,0.9998280998825588,1.3464733244085338
large_aws/Combo_004.csv,41216000,3.5e-08,0.001,3.5e-05,1.882,1.168,33554432.0,162.59729032013234,256.92497110990746,7967.267225686485,0.0,0.9997716579172348,99,-0.4999998603778587,-0.09270209688941694,1.0009999488203802,1.0014998222952478
large_aws/Combo_005.csv,23296000,3.15e-08,0.0007,4.5e-05,1.874,1.198,33554432.0,117.25272843457134,167.78751698124722,3165.8236677334253,0.0,0.9920122948559849,55,-0.9659999246013204,2.022645851917915e-07,1.0006999160240926,1.0839824885709402
large_aws/Combo_006.csv,44800000,1.4e-07,0.002,7e-05,1.78,1.297,33554432.0,147.83061855191352,255.7515497259332,7908.9380925273745,0.0,0.9994477938722679,108,5.25965139219764e-08,-0.26599999675828223,1.0019999947761369,1.100069965931847
large_aws/Combo_007.csv,17920000,3.5e-07,0.0001,0.0035,2.0,1.51,33554432.0,44.180409534692316,88.18039194926645,949.878804995885,0.0,0.9865202307701112,44,1.3152462008392264e-08,7.164140380933047e-08,1.00009993291103,1.0039999689116192
large_aws/Combo_008.csv,19712000,1.25e-07,5e-05,0.0025,1.934,1.895,33554432.0,58.57149650337843,105.5709186145619,1347.1444195777035,0.0,0.9870716644094344,47,2.2354560869075613e-08,-0.24611996367022715,1.0000499757002368,1.0000198407407337
large_aws/Combo_009.csv,17920000,4.5e-08,0.0001,0.00045,1.991,1.339,33554432.0,58.7631946556357,101.76162018766212,1234.0270877683495,0.0,0.9928186577419902,43,1.3152462008392264e-08,-0.18299958342486766,1.00009993291103,1.1834498035063807
large_aws/Combo_010.csv,39424000,4.5e-08,4.5e-05,0.001,1.783,1.249,33554432.0,173.6556005689502,269.8088308095048,8248.641027025134,0.0,0.9979510782286524,96,0.0017926549236680356,-0.4659998848982504,0.9998280998825588,1.3464733244085338
large_aws/Combo_011.csv,35840000,8.75e-09,0.00025,3.5e-05,1.837,1.5319999999999998,33554432.0,155.34058467833339,229.54745780466928,6446.634264150836,0.0,0.9961015333731972,84,-0.4999998603778587,-0.09270209688941694,0.9991333745663254,1.1408724991743662
large_aws/Combo_012.csv,25088000,4.28e-08,0.00095,4.5e-05,1.775,1.376,33554432.0,142.11900913554751,188.28815536120356,4121.451264930877,0.0,0.9973725913944892,59,-0.9659999246013204,-0.14108367966055066,1.0002585743062329,1.0839824885709402
large_aws/Combo_013.csv,39424000,7e-08,0.002,3.5e-05,1.875,1.197,33554432.0,155.92763472280902,246.50333494785718,7328.598831972025,0.0,0.9933326454539048,95,-0.4999998603778587,-0.09270209688941694,1.0019999947761369,1.0000699947761371
large_aws/Combo_014.csv,34048000,4.5e-08,0.001,4.5e-05,1.714,1.243,33554432.0,174.83985934231984,250.18055321662925,7081.0143033639515,0.0,0.9978024654272126,82,-0.9659999246013204,5.692284421598969e-09,1.0009999488203802,1.0839824885709402
large_aws/Combo_015.csv,35840000,4.9e-08,0.0007,7e-05,1.806,1.155,33554432.0,117.5642271687172,203.5421970014512,4996.479654670481,0.0,0.9925523244364316,86,1.4613920816790998e-07,-0.26599999675828223,1.0006999160240926,1.100069965931847
large_aws/Combo_016.csv,19712000,1.75e-07,5e-05,0.0035,2.0,1.31,33554432.0,47.16685287383732,94.16684465666937,1084.8376160982584,0.0,0.9913408743574263,47,2.2354560869075613e-08,5.064526564790839e-08,1.0000499757002368,1.0034999836117031
large_aws/Combo_017.csv,17920000,2.5e-07,0.0001,0.0025,1.946,1.933,33554432.0,53.76052830333872,96.75945365063782,1128.9710943701132,0.0,0.9940212154111197,43,1.3152462008392264e-08,-0.24611996367022715,1.00009993291103,1.0039999689116192
large_aws/Combo_018.csv,19712000,2.25e-08,5e-05,0.00045,1.937,1.19,33554432.0,64.22632934554166,111.22546899301544,1477.2055749474582,0.0,0.9942425432357382,47,2.2354560869075613e-08,-0.18299958342486766,1.0000499757002368,1.1834498035063807
small/diagonal_001.csv,24426,2.91e-06,0.00147,0.00198,1.733,1.656,131072.0,15.049904027065587,30.049863866754883,105.3493281894591,0.0,0.9901590983072917,15,6.699897790518605e-05,6.222408198962652e-06,1.0014370347228585,1.0019604444469048
small/diagonal_002.csv,12867,1.71e-06,0.00115,0.00149,1.654,1.483,131072.0,8.019064420103692,16.019053173834678,28.06672547036293,0.0,0.9627847671508788,8,5.594328744383537e-07,0.00011986225121347199,1.0010805827133131,1.0014214857001094
small/diagonal_003.csv,18426,1.66e-06,0.00159,0.00104,1.783,1.482,131072.0,12.027590600807667,24.02757557408457,66.15174830444217,0.0,0.9204819997151692,12,0.00011852016683845669,0.0001475232306208385,1.0015281425833964,1.0010358653211109
small/diagonal_004.csv,28371,3.15e-06,0.0016,0.00198,1.741,1.564,131072.0,18.057006620482188,36.056961568564404,153.4845562740986,0.0,0.9685588412814672,18,4.832919191323504e-06,0.00026803763018251776,1.0015610081152968,1.0018763940209878
small/diagonal_005.csv,13541,1.98e-06,0.00133,0.00149,1.723,1.714,131072.0,9.023142205846662,18.023127409590746,36.09256882338665,0.0,0.9010306464301217,9,1.1253813444300764e-05,0.00011157211033942932,1.0012134858599708,1.001479052240562
small/diagonal_006.csv,18763,2.35e-06,0.00173,0.00135,1.7380000000000002,1.5,131072.0,12.035973038406803,24.03594643753731,66.1978517112374,0.0,0.94303830464681,12,6.336338148316134e-05,9.336375549291733e-06,1.0017241363641034,1.001344099854372
small/diagonal_007.csv,29144,1.33e-06,0.00115,0.00116,1.699,1.5659999999999998,131072.0,18.03653575839587,36.03651737176082,153.3105539463649,0.0,0.97936036851671,18,0.00013413982615929042,3.7287142517581497e-06,1.0010620839035065,1.0011045275125057
small/diagonal_008.csv,28148,3.12e-06,0.00178,0.00175,1.7280000000000002,1.477,131072.0,18.060995669537714,36.06094408497898,153.51846319107057,0.0,0.9659156799316406,18,5.46432351248541e-05,3.973420200186277e-06,1.0017390513410196,1.0017053478131377
small/diagonal_009.csv,10319,1.41e-06,0.0011,0.00128,1.641,1.56,131072.0,7.0103240463194565,14.010320278253992,21.03097213895837,0.0,0.8767133440290179,7,7.425684365790913e-05,0.00011034956299236023,1.0007399085449449,1.0009190233265608
small/diagonal_010.csv,26361,1.63e-06,0.00104,0.00157,1.6840000000000002,1.513,131072.0,17.039771003828868,34.03974982206004,136.31816803063094,0.0,0.9420291676240808,17,0.00020444310409704208,4.26719535578414e-06,1.0010259387266858,1.0015209963998275
small/diagonal_011.csv,27283,3.54e-06,0.00177,0.002,1.788,1.646,131072.0,17.062506645780747,34.06244936355617,136.50005316624598,0.0,0.9790097404928768,17,7.124174390728266e-07,3.222284269056852e-06,1.0017734802966274,1.001903946378973
small/diagonal_012.csv,25424,2.23e-06,0.00159,0.00141,1.669,1.599,131072.0,16.043701422224835,32.04367166312877,120.32776066668629,0.0,0.9695062637329102,16,6.993737154981083e-05,1.4798341651842127e-05,1.001485375211184,1.001328839447566
small/diagonal_013.csv,17798,3.09e-06,0.00157,0.00197,1.652,1.5,131072.0,11.03660739824634,22.036577384080523,55.1830369912317,0.0,0.9835440895774148,11,6.777437282901033e-05,6.777437282901033e-05,1.001541422282979,1.0019193431972722
small/diagonal_014.csv,18443,2.48e-06,0.00159,0.00156,1.636,1.574,131072.0,12.03569840359274,24.03567189351077,66.19634121976007,0.0,0.931354522705078,12,7.161174149517002e-05,4.68329454744211e-05,1.0015576390917196,1.0015334633878146
small/diagonal_015.csv,18106,2.4e-06,0.00196,0.00122,1.756,1.62,131072.0,11.031054619695695,22.031033527537797,55.15527309847849,0.0,0.9958114624023438,11,6.326265707279345e-05,2.2717101274116053e-06,1.0017428858391189,1.0011438783042443
small/diagonal_016.csv,13783,1.73e-06,0.00132,0.00132,1.658,1.48,131072.0,9.015758082922204,18.015751212033802,36.06303233168882,0.0,0.9167514377170138,9,0.00014605179734672458,0.0001320743796007634,1.0009730483915833,1.0010552124557863
small/diagonal_017.csv,28551,3.22e-06,0.00197,0.0016300000000000002,1.713,1.5830000000000002,131072.0,18.06132197636148,36.0612703600563,153.52123679907257,0.0,0.9749861823187934,18,8.005622261397782e-05,8.005622261397782e-05,1.001952528779641,1.0016114925576036
small/diagonal_018.csv,11008,2.39e-06,0.00173,0.0013800000000000002,1.61,1.579,131072.0,7.0127834299343625,14.012777681924431,21.038350289803084,0.0,0.9411108834402901,7,0.0004064511352286568,0.00047563361851529767,1.0014280537614908,1.0012794141243149
small/diagonal_019.csv,23197,2.03e-06,0.00107,0.0019,1.719,1.539,131072.0,15.041420999943734,30.04139499263624,105.28994699960613,0.0,0.939208984375,15,5.225015259113786e-05,5.225015259113786e-05,1.0010196285750654,1.0018445379058658
small/diagonal_020.csv,22904,2.76e-06,0.00147,0.00188,1.7480000000000002,1.722,131072.0,14.039680923994348,28.039652899781732,91.25792600596323,0.0,0.9912000383649554,14,7.714152776309297e-05,0.0003851152338113125,1.0014314930899104,1.0018631136560736
small/diagonal_021.csv,29223,2.35e-06,0.00127,0.00186,1.621,1.537,131072.0,18.054395942487727,36.05435651321591,153.46236551114563,0.0,0.9981706407335068,18,2.332885332974083e-05,2.0580064848518126e-05,1.0012344136482805,1.0018293015596709
small/diagonal_022.csv,18890,2.54e-06,0.00141,0.0018,1.696,1.646,131072.0,12.035119488480667,24.035094392873287,66.19315718664367,0.0,0.949427286783854,12,5.694246047704271e-05,2.485826678457967e-05,1.0013025932220347,1.0017037402446682
small/diagonal_023.csv,24132,2.5e-06,0.00165,0.00152,1.6030000000000002,1.5530000000000002,131072.0,15.046149733518064,30.04611431540169,105.32304813462645,0.0,0.9849884033203123,15,4.100965500741793e-06,2.1229113532292287e-06,1.0015812878733144,1.0014992236969849
small/diagonal_024.csv,22132,1.58e-06,0.00131,0.00121,1.781,1.732,131072.0,14.026248875546155,28.026236783277827,91.17061769105,0.0,0.9519816807338172,14,0.00031897581347467563,1.4589142085363188e-06,1.0011364714784232,1.0010580191976768
small/diagonal_025.csv,16727,2.05e-06,0.00159,0.00129,1.6669999999999998,1.51,131072.0,11.0274601362748,22.027443338774162,55.13730068137399,0.0,0.91628681529652,11,2.5330275607582386e-05,2.5330275607582386e-05,1.001443114222457,1.0011023953082274
small/diagonal_026.csv,11812,2.6e-06,0.00193,0.00135,1.53,1.499,131072.0,8.022337179373496,16.022321800101356,28.078180127807244,0.0,0.8863201141357422,8,0.0003255969794582203,8.169722381266495e-05,1.0018754023671437,1.0013221168487971
small/diagonal_027.csv,24151,1.87e-06,0.00158,0.00118,1.758,1.556,131072.0,15.038246956326795,30.038223573032713,105.26772869428758,0.0,0.974633280436198,15,3.960564032383894e-05,0.00010551705622360158,1.0015676798775244,1.0011256810212037
small/diagonal_028.csv,22942,2.01e-06,0.0017,0.00118,1.6269999999999998,1.614,131072.0,14.032247562841945,28.03223012545507,91.20960915847263,0.0,0.998061043875558,14,8.986811150791389e-06,0.00012095725523077539,1.0014419281405404,1.000990167744061
small/diagonal_029.csv,28304,2.27e-06,0.00114,0.002,1.764,1.525,131072.0,18.050670155351085,36.050638697608406,153.43069632048426,0.0,0.9608209398057724,18,1.3255989837035465e-05,1.3255989837035465e-05,1.0009393066602974,1.0019004662976214
small/diagonal_030.csv,19498,2.48e-06,0.0016699999999999998,0.00149,1.641,1.539,131072.0,12.034768461080501,24.03474341850643,66.19122653594276,0.0,0.9863967895507812,12,6.394539935991247e-05,7.589555576244593e-05,1.0016053292636844,1.0014297965669738
small/diagonal_031.csv,12759,1.84e-06,0.00113,0.0016300000000000002,1.634,1.57,131072.0,8.012293787986957,16.012292058243798,28.04302825795435,0.0,0.9567852020263672,8,5.5010574132263734e-05,5.5010574132263734e-05,1.00021171228624,1.0014348161424993
small/diagonal_032.csv,24111,2.08e-06,0.00191,0.00109,1.75,1.655,131072.0,15.041668293903365,30.04164123022688,105.29167805732357,0.0,0.9752522786458332,15,0.00010563453412497024,3.4611553697133646e-05,1.0018435508616053,1.0010727772413421
small/diagonal_033.csv,26184,2.1000000000000002e-06,0.00135,0.00156,1.651,1.652,131072.0,16.03768954761912,32.03766845543342,120.2826716071434,0.0,0.9981436729431152,16,0.00031879410000823505,1.954726092976214e-05,1.0012363275428868,1.0014562922826398
small/diagonal_034.csv,17809,2.73e-06,0.00155,0.00176,1.7619999999999998,1.483,131072.0,11.034144695544443,22.034118297881133,55.17072347772224,0.0,0.9786189686168324,11,4.4631400848510465e-05,0.00011251689291179556,1.0015227207306598,1.0017360910068396
small/diagonal_035.csv,24541,2.52e-06,0.00128,0.00198,1.641,1.5619999999999998,131072.0,15.046500348442605,30.04646627379881,105.32550243909824,0.0,0.99775390625,15,2.3061850469734132e-05,9.047082650235487e-06,1.0012150436768787,1.0019148168428285
small/diagonal_036.csv,29608,3.73e-06,0.00199,0.00187,1.704,1.719,131072.0,19.07115723126003,38.071090808342746,171.64041508134028,0.0,0.9670691239206416,19,2.041472413048806e-05,3.1689055100458594e-06,1.0019543905847514,1.0018108145366125
small/diagonal_037.csv,10343,1.49e-06,0.00132,0.00112,1.713,1.706,131072.0,7.010204093004508,14.010200934032252,21.030612279013518,0.0,0.8792027064732143,7,9.522031015348624e-05,0.0001999915923949352,1.0011060495179764,1.0006464386748937
small/diagonal_038.csv,29664,2.22e-06,0.00124,0.0018,1.648,1.507,131072.0,19.05391746241846,38.05388080330577,171.48525716176616,0.0,0.960751583701686,19,7.307915672849497e-05,6.752925914477073e-05,1.0012062873782148,1.0017701527905931
small/diagonal_039.csv,21870,3.28e-06,0.00185,0.00178,1.78,1.702,131072.0,14.047742242060044,28.04770163207769,91.31032457339028,0.0,0.9474094935825892,14,1.994985160513885e-05,1.5689712414272697e-05,1.0017640911396803,1.0016788078584593
small/diagonal_040.csv,20513,3.55e-06,0.00193,0.00184,1.76,1.604,131072.0,13.040301350084635,26.040270376456622,78.2418081005078,0.0,0.9562066885141226,13,0.0001755526124722212,0.00036000511510325683,1.0018524073465287,1.0017808716469403
small/gaussian_001.csv,28129,1.71e-06,0.00114,0.00149,1.6769999999999998,1.679,131072.0,12.003437973446779,29.408502810036516,102.02922277429764,0.0,0.955177730984158,18,0.05965096421772548,0.10505746540964983,0.8982934308771291,0.9002207104189411
small/gaussian_002.csv,22201,2.54e-06,0.00147,0.00173,1.6880000000000002,1.6745,131072.0,8.43153206527243,21.73481802810943,54.8049584242708,0.0,0.9698382786342076,14,0.10189533647729483,0.13532703747152675,0.8955078464973275,0.8942015294593103
small/gaussian_003.csv,27624,1.77e-06,0.0015,0.00118,1.673,1.689,131072.0,12.358182887522965,28.99846713000495,98.86546310018372,0.0,0.9888574936810659,17,0.12250602365332265,0.04874948613000135,0.953497566201135,0.9235501277001268
small/gaussian_004.csv,17754,1.6e-06,0.00158,0.00101,1.704,1.651,131072.0,7.747772896948027,18.538971780805216,38.738864484740134,0.0,0.9743687022816052,11,0.04497654319706318,0.0944219291901619,0.963601099282369,0.8611584440871485
small/gaussian_005.csv,15626,3.29e-06,0.00165,0.002,1.666,1.673,131072.0,6.038705493584442,15.544574967364941,27.174174721129994,0.0,0.9493606567382812,10,0.12254989307210107,0.13326024624305233,0.8851506569029156,0.9251169791487316
small/gaussian_006.csv,26379,2.3e-06,0.00119,0.00193,1.6880000000000002,1.6645,131072.0,11.371691275284805,27.808300571192998,90.97353020227844,0.0,0.9518571741440716,17,0.07933056435306468,0.07839334043222622,0.8924271944498194,0.9010790968762359
small/gaussian_007.csv,19179,1.78e-06,0.00128,0.0013800000000000002,1.646,1.676,131072.0,8.621087004297946,20.344080375521084,47.415978523638714,0.0,0.9656556447347006,12,0.07090701512374914,0.02122806236918117,0.9075980325616928,0.8798770762246616
small/gaussian_008.csv,29526,3.15e-06,0.00159,0.00198,1.699,1.6880000000000002,131072.0,12.835207547782721,31.2476760865874,115.51686793004448,0.0,0.96239551744963,19,0.0676573214400022,0.08239992602184493,0.9154988664372627,0.8791729118976055
small/gaussian_009.csv,26629,2.15e-06,0.00118,0.00183,1.695,1.671,131072.0,10.704645581422572,26.980203909703704,85.6371646513806,0.0,0.958760429831112,17,0.12821113598307535,0.10220084277809677,0.9254086904131378,0.8920741065658994
small/gaussian_010.csv,29713,1.88e-06,0.00179,0.00105,1.668,1.6569999999999998,131072.0,14.29976222770444,32.989470232764845,128.69786004933997,0.0,0.9587221647563734,19,0.06556186803881381,0.011163930222481909,0.9012272228583824,0.9117864823905368
small/gaussian_011.csv,20831,2.1000000000000002e-06,0.00162,0.0013,1.645,1.675,131072.0,9.57643376021907,22.341052498222528,57.45860256131442,0.0,0.974606440617488,13,0.1136318490743416,0.05371667398876523,0.9316922973516402,0.9541987255747378
small/gaussian_012.csv,24958,2.94e-06,0.00179,0.00164,1.6869999999999998,1.6895,131072.0,10.108842369485384,25.48031171871481,75.81631777114036,0.0,0.9604744911193848,16,0.10859647775143404,0.11492021027897442,0.9520465503727128,0.8639896200773715
small/gaussian_013.csv,14449,2.1000000000000002e-06,0.00177,0.00119,1.639,1.615,131072.0,5.515089288302428,14.090807460999596,22.06035715320971,0.0,0.9703097873263888,9,0.12061308832878775,0.11128563346218198,0.8985796088634113,0.8989643863719577
small/gaussian_014.csv,17513,2.71e-06,0.00141,0.00192,1.654,1.651,131072.0,7.115516308953854,17.726094083208878,35.577581544769274,0.0,0.9697744196111504,11,0.046272732467691084,0.11476112088178032,0.90035932735304,0.8721376244699661
small/gaussian_015.csv,25197,3.56e-06,0.00197,0.00181,1.712,1.7055,131072.0,10.062634650954807,25.37761214629443,75.46975988216104,0.0,0.9736018180847168,16,0.11773399010648622,0.09466275507929116,0.9070109290540959,0.8914865752750832
small/gaussian_016.csv,13147,2.68e-06,0.00185,0.00145,1.65,1.6415,131072.0,4.52980841773354,12.040652771654266,15.854329462067387,0.0,0.9920024871826172,8,0.1207231314601616,0.13339557806562513,0.8636930999683939,0.8955072060141761
small/gaussian_017.csv,11902,1.78e-06,0.00112,0.00158,1.594,1.675,131072.0,5.253423669181816,12.995445267575107,18.38698284213636,0.0,0.8915214538574219,8,0.10212640179003092,0.11404162637672305,0.8594255915113177,0.9811730951023242
small/gaussian_018.csv,20348,2.39e-06,0.00158,0.00151,1.6769999999999998,1.653,131072.0,7.919643365246782,20.300688856476146,47.517860191480686,0.0,0.9535727867713342,13,0.1067940341652484,0.11359545939704513,0.9085332256753534,0.8734477183851049
small/gaussian_019.csv,17953,2.67e-06,0.00155,0.00172,1.659,1.6515,131072.0,7.433743655374168,18.08564413691502,37.16871827687083,0.0,0.9948688853870741,11,0.09500872982331676,0.11759122461522716,0.9136208499339966,0.9431285714968216
small/gaussian_020.csv,15495,2.14e-06,0.00176,0.00121,1.619,1.625,131072.0,6.978863785271697,16.758759593565813,31.404887033722638,0.0,0.9351188659667968,10,0.13438648755136526,0.0598188722278527,0.9071042306449418,0.9629770884908578
small/gaussian_021.csv,25562,1.56e-06,0.00124,0.00126,1.66,1.666,131072.0,10.962769192634173,26.50915844453321,82.2207689447563,0.0,0.9690155982971193,16,0.09699585270983196,0.09122462011541456,0.8923609642943422,0.9526819113142302
small/gaussian_022.csv,19242,2.55e-06,0.00159,0.0016,1.643,1.652,131072.0,8.459174787013168,20.193586275409967,46.525461328572426,0.0,0.97947629292806,12,0.06856293327638152,0.09691298642880758,0.9649329483420646,0.8833418276472883
small/gaussian_023.csv,21992,2.74e-06,0.00165,0.0016600000000000002,1.6669999999999998,1.6840000000000002,131072.0,9.082166683017997,22.65907409758969,59.03408343961698,0.0,0.9616426740373883,14,0.1400047479552663,0.08069394311138245,0.8707484523345672,0.9684555314170601
small/gaussian_024.csv,17149,1.18e-06,0.00103,0.00115,1.621,1.6669999999999998,131072.0,7.497927704487256,18.163929491466785,37.48963852243628,0.0,0.93410908092152,11,0.0741494865155009,0.10511817337877304,0.9061325611966276,0.9244014161037176
small/gaussian_025.csv,21817,3.67e-06,0.0019,0.00193,1.659,1.6915,131072.0,9.574575838231858,23.15915160358002,62.23474294850708,0.0,0.9608868190220424,14,0.1039778218977206,0.10876213229458698,0.916362574325784,0.9506024944079534
small/gaussian_026.csv,16339,1.69e-06,0.00148,0.00114,1.607,1.654,131072.0,7.425466479466242,17.256500625034352,33.41459915759809,0.0,0.9844131469726562,10,0.09910095136068496,0.035025615374176367,0.9181037666950944,0.941672862543202
small/gaussian_027.csv,22594,1.39e-06,0.00133,0.00104,1.666,1.683,131072.0,8.90538646564734,22.331811755009518,57.885012026707706,0.0,0.9758120945521764,14,0.09574957136769953,0.11431053710924505,0.8900853055058582,0.9151042140431944
small/gaussian_028.csv,28662,2.82e-06,0.00193,0.00146,1.7,1.6895,131072.0,11.943459725456568,29.32941393486772,101.51940766638084,0.0,0.9840655856662326,18,0.10304435637328446,0.10739749980763996,0.932590536944274,0.9072632045070792
small/gaussian_029.csv,10299,2.89e-06,0.00164,0.00176,1.616,1.636,131072.0,3.8938021839611183,10.449223378023364,11.681406551883356,0.0,0.8850522722516742,7,0.12489432281946836,0.15463747805537126,0.8998217065457669,0.872456291189553
small/gaussian_030.csv,14962,3.33e-06,0.00178,0.00187,1.654,1.656,131072.0,6.673240417121006,16.356598792028144,30.02958187704453,0.0,0.9078407287597656,10,0.11124623659340499,0.10411572375859313,0.8900663262035511,0.9609555133512614
small/gaussian_031.csv,15156,3.93e-06,0.00198,0.00199,1.649,1.6755,131072.0,7.197200989277568,16.982168602360165,32.387404451749056,0.0,0.9243263244628906,10,0.04435410084213909,0.12507062984495232,0.9290297513985216,0.9386118395245864
small/gaussian_032.csv,22795,3.07e-06,0.00193,0.00159,1.644,1.6740000000000002,131072.0,10.391624042510292,24.1947960217978,67.5455562763169,0.0,0.9977575029645648,14,0.01877560073439205,0.10496107014482964,0.9492810629402496,0.902655323781672
small/gaussian_033.csv,14036,1.49e-06,0.00146,0.00102,1.62,1.5725,131072.0,5.251777548205982,13.7623842295891,21.007110192823927,0.0,0.935166252983941,9,0.11403645435185306,0.11703029408697185,0.8462559791282914,0.9139645725982112
small/gaussian_034.csv,11356,3.22e-06,0.00182,0.00177,1.625,1.683,131072.0,4.455641241309347,11.170757221760185,13.36692372392804,0.0,0.9798431396484376,7,0.12103921770817085,0.0964598289616928,0.9308732759734286,0.8824482309478897
small/gaussian_035.csv,11611,1.18e-06,0.00112,0.00106,1.574,1.629,131072.0,5.088011221401956,11.936188168527384,15.264033664205868,0.0,0.9880959647042412,7,0.07420406837419508,0.05752153811300342,0.9202917657844548,0.9166035790637992
small/gaussian_036.csv,14275,1.96e-06,0.00175,0.00112,1.634,1.599,131072.0,5.46300756309968,14.039624073011426,21.85203025239872,0.0,0.9542948404947916,9,0.117187380020719,0.1029280297200223,0.8601992156998404,0.9198744243755036
small/gaussian_037.csv,14930,2.24e-06,0.00127,0.00177,1.625,1.6035,131072.0,7.309279715061367,17.098965227888726,32.89175871777614,0.0,0.9015724182128906,10,0.08733463878764303,0.09714729370622137,0.9393574676955899,0.9550209875871472
small/gaussian_038.csv,28690,2.36e-06,0.0018,0.00131,1.6880000000000002,1.692,131072.0,12.315191286088595,29.796810044734865,104.67912593175308,0.0,0.9774958292643228,18,0.06275563023808223,0.12686821356375055,0.9203122554011168,0.9246899242193194
small/gaussian_039.csv,11655,2.66e-06,0.00137,0.00193,1.618,1.607,131072.0,5.096573661367341,12.773925906432169,17.83800781478569,0.0,0.878239631652832,8,0.08770508909445046,0.09591539778240864,0.9040626389316008,0.8762985862492791
small/gaussian_040.csv,23763,2.62e-06,0.00132,0.00198,1.7,1.6815,131072.0,9.043956472986023,23.29646331005173,63.307695310902176,0.0,0.9727605183919272,15,0.09826994573701693,0.1217774690019881,0.8846965529900057,0.8884484157524488
small/uniform_001.csv,21804,2.61e-06,0.0019,0.0013800000000000002,2.0,1.987,131072.0,14.043743115340474,28.043709656873503,91.28433024971308,0.0,0.9302117483956474,14,8.544963963252883e-05,2.884213906639843e-05,1.0018633388100415,1.0013730713167648
small/uniform_002.csv,13051,2.17e-06,0.00131,0.00165,1.995,1.976,131072.0,8.020036534666033,16.020024733578772,28.07012787133111,0.0,0.9689311981201172,8,0.00024395473871274828,3.4403164907992334e-06,1.0011934557166895,1.0015570310358604
small/uniform_003.csv,27093,2.51e-06,0.00128,0.00196,2.0,1.968,131072.0,17.052716973577475,34.052677690424964,136.4217357886198,0.0,0.9552518059225644,17,4.720628908549962e-06,1.7789765523912315e-05,1.0012545771610086,1.0018666209054805
small/uniform_004.csv,23969,2.35e-06,0.00197,0.00119,2.0,1.966,131072.0,15.044479624891071,30.04444906737938,105.31135737423747,0.0,0.9555394490559896,15,6.099465565789775e-05,4.16145128782075e-05,1.0019402186450541,1.0011256616821071
small/uniform_005.csv,16828,1.59e-06,0.00158,0.001,1.998,1.951,131072.0,11.0265610755122,22.02654601837545,55.132805377561,0.0,0.9098559292879972,11,5.690804229296909e-05,7.792488555669053e-05,1.0015587446925436,1.0009893626330741
small/uniform_006.csv,13481,3.16e-06,0.00164,0.00192,1.996,1.978,131072.0,9.02909991810776,18.02907653183829,36.11639967243104,0.0,0.8910556369357638,9,0.00013218155334937531,1.8744888717669994e-05,1.0016430320031915,1.001738620198685
small/uniform_007.csv,13664,1.5e-06,0.00146,0.00103,1.995,1.939,131072.0,9.019057549102019,18.019048691799828,36.076230196408076,0.0,0.901778327094184,9,3.397590193887634e-05,0.00018934945583271023,1.0014607076249478,1.0008791390439162
small/uniform_008.csv,25367,1.69e-06,0.00143,0.00118,2.0,1.965,131072.0,16.03966236595355,32.03963817743873,120.29746774465164,0.0,0.9454030990600586,16,2.7773188069568633e-05,6.643855383614561e-05,1.0014167269505485,1.0011548708812776
small/uniform_009.csv,23224,1.75e-06,0.00172,0.00101,2.0,1.964,131072.0,14.036152623683774,28.03613067287304,91.23499205394457,0.0,0.9899406433105468,14,5.674729586957472e-05,1.9672796510827872e-05,1.001658847127871,1.0009983353125833
small/uniform_010.csv,14023,1.25e-06,0.00108,0.00115,1.996,1.942,131072.0,9.0174525727757,18.01744415218802,36.0698102911028,0.0,0.9236102634006076,9,7.773303121494379e-05,0.00011334711130595032,1.0009870873910107,1.0011422318835124
small/uniform_011.csv,22444,2.79e-06,0.00193,0.00144,2.0,1.986,131072.0,14.044156234894096,28.04412309144609,91.28701552681164,0.0,0.959496089390346,14,2.1172124213819643e-06,6.670042008050102e-05,1.001918286326901,1.0013021806946072
small/uniform_012.csv,10738,2.45e-06,0.00136,0.0018,1.991,1.972,131072.0,7.0198910585666745,14.019877164726775,21.059673175700024,0.0,0.9112537928989956,7,5.8408101330065236e-05,0.00012015659882336216,1.0013021640692137,1.0017159955919075
small/uniform_013.csv,16946,1.33e-06,0.00111,0.0012,1.999,1.952,131072.0,11.023646652153252,22.023633977639307,55.11823326076626,0.0,0.9161529541015624,11,7.745046553986334e-05,3.848501814596173e-05,1.0011089300227998,1.0011555488826411
small/uniform_014.csv,21250,1.75e-06,0.00164,0.00107,2.0,1.959,131072.0,13.033245387005286,26.033225441453535,78.19947232203171,0.0,0.9748271061823921,13,3.760282982934182e-05,1.3675467549489895e-06,1.0016297643056826,1.0009650092596347
small/uniform_015.csv,14686,2.15e-06,0.00109,0.00197,1.997,1.979,131072.0,9.026843714486716,18.026825504388913,36.107374857946866,0.0,0.9696867201063368,9,3.510591156485887e-05,2.4465158706798995e-05,1.0010808139431324,1.0019593687259074
small/uniform_016.csv,13916,1.86e-06,0.00183,0.00101,1.996,1.941,131072.0,9.023390096101508,18.023376610190066,36.09356038440603,0.0,0.919449700249566,9,3.2303895361129875e-05,4.874955796818625e-07,1.0017648115105393,1.0008653810126311
small/uniform_017.csv,20976,1.63e-06,0.00113,0.00144,2.0,1.958,131072.0,13.032467644916096,26.032447746810607,78.19480586949658,0.0,0.9605084932767428,13,7.63562245820193e-06,2.785142409489349e-05,1.0010917472840326,1.0014397202864145
small/uniform_018.csv,29974,2.45e-06,0.00182,0.00134,2.0,1.969,131072.0,18.049383146642786,36.04935034304136,153.41975674646363,0.0,0.995741950141059,18,0.00010486460362391092,0.00013957901750849544,1.0017140094844268,1.0012721198612258
small/uniform_019.csv,12982,2.56e-06,0.00185,0.00139,1.995,1.974,131072.0,8.02474965288417,16.024731135095056,28.086623785094595,0.0,0.965764045715332,8,6.238311900275129e-06,4.527176308533054e-05,1.0018247937620652,1.0013181081998024
small/uniform_020.csv,25171,2e-06,0.00117,0.00171,2.0,1.967,131072.0,16.04330101624383,32.043273572129785,120.32475762182872,0.0,0.942519187927246,16,8.739784964151287e-05,8.572796265982062e-06,1.0011028649632887,1.0016977039407304
small/uniform_021.csv,22147,3.19e-06,0.00194,0.00165,2.0,1.986,131072.0,14.047667456239335,28.047627655957733,91.30983846555569,0.0,0.9459571838378906,14,1.1050376368060277e-05,9.783714677324971e-05,1.0019367199584084,1.0015741429902858
small/uniform_022.csv,14597,1.74e-06,0.0013,0.00133,1.998,1.944,131072.0,14.047667456239335,28.047627655957733,91.30983846555569,0.0,0.9459571838378906,14,1.1050376368060277e-05,9.783714677324971e-05,1.0019367199584084,1.0015741429902858
small/uniform_023.csv,11029,2.94e-06,0.00155,0.00189,1.993,1.972,131072.0,7.0193100827429245,14.019297574864115,21.057930248228764,0.0,0.9357114519391742,7,0.0003826869882852524,7.997270640436316e-05,1.0014247196467851,1.0017947364570636
small/uniform_024.csv,15463,2.27e-06,0.00189,0.0012,1.998,1.98,131072.0,10.028315017655082,20.028296894701647,45.12741757944786,0.0,0.9225471496582032,10,1.6605154081084095e-05,0.00013684895634313854,1.0018667547029458,1.0011163888776429
small/uniform_025.csv,24879,3.42e-06,0.00185,0.00185,2.0,1.987,131072.0,15.0535022247901,30.053454627454425,105.37451557353072,0.0,0.9968434651692708,15,8.053049461786976e-05,1.6886818647310342e-05,1.0018207573980316,1.0018403017455286
small/uniform_026.csv,20096,1.96e-06,0.00177,0.00111,1.999,1.958,131072.0,12.032434339599837,24.03241378059077,66.17838886779909,0.0,0.9983882904052734,12,1.0792935685288718e-05,2.8125957601821128e-06,1.0016942333029482,1.0010205206110618
small/uniform_027.csv,17051,1.99e-06,0.00187,0.00107,1.998,1.948,131072.0,11.030537144926145,22.030517354950675,55.15268572463072,0.0,0.9232933738014916,11,5.976107513949725e-05,2.5074108576217388e-05,1.001800613125021,1.0010585270542105
small/uniform_028.csv,14418,1.74e-06,0.00111,0.00157,1.996,1.94,131072.0,9.022972147420894,18.022957888497626,36.09188858968358,0.0,0.9529893663194444,9,3.2735396709226976e-05,4.2462597353187796e-05,1.0011022175308084,1.0015238569629905
small/uniform_029.csv,11773,2.74e-06,0.00199,0.0013800000000000002,1.994,1.975,131072.0,8.025254735572345,16.02523599523769,28.088391574503213,0.0,0.8752822875976562,8,1.759377658883121e-05,5.138985050767708e-05,1.0019758615779188,1.0012476214538888
small/uniform_030.csv,24050,1.66e-06,0.00151,0.0011,2.0,1.963,131072.0,15.037357422913535,30.037334608455982,105.26150196039477,0.0,0.9547220865885416,15,6.10572924726327e-05,6.759754644147797e-06,1.0014722293585914,1.001084561585591
small/uniform_031.csv,24419,2.36e-06,0.00124,0.0019,2.0,1.966,131072.0,15.046448258126958,30.046413953467784,105.32513780688869,0.0,0.9752400716145834,15,8.001541739965923e-06,7.58894366759133e-06,1.0012285763252742,1.0018812777246526
small/uniform_032.csv,20337,2.87e-06,0.00159,0.0018,2.0,1.983,131072.0,13.041576109716122,26.041543306559852,78.24945665829674,0.0,0.9366607666015624,13,1.1318641322755065e-05,3.0421484626952367e-05,1.0014367798132084,1.0018005992788837
small/uniform_033.csv,17160,1.69e-06,0.0014199999999999998,0.00119,1.999,1.952,131072.0,11.027797302662652,22.027779922979413,55.138986513313256,0.0,0.9280617453835228,11,2.0874954042904292e-05,4.030117429987268e-05,1.001404015169281,1.0011826085026445
small/uniform_034.csv,20463,2.17e-06,0.0018,0.00121,1.999,1.958,131072.0,13.038192712187989,26.038165770938694,78.22915627312794,0.0,0.9378040020282452,13,7.542478199895619e-06,4.955692169961168e-07,1.0017624558783786,1.0011814107027834
small/uniform_035.csv,12074,1.74e-06,0.00106,0.00164,1.993,1.976,131072.0,8.020327561467308,16.020315444095477,28.071146465135584,0.0,0.8982181549072266,8,4.182961193721635e-05,1.6033778567403626e-05,1.000999286397942,1.0015980075044977
small/uniform_036.csv,14341,3.16e-06,0.0019,0.0016600000000000002,1.998,1.977,131072.0,9.030273036181267,18.03024775877185,36.12109214472507,0.0,0.9512736002604166,9,5.755133617590946e-05,3.2784037065414224e-05,1.0018614629190163,1.0015897345399862
small/uniform_037.csv,13368,1.99e-06,0.00137,0.00145,1.995,1.978,131072.0,8.018895774670321,16.01888463371051,28.06613521134613,0.0,0.9939203262329102,8,1.4192300434867633e-07,5.258947669506409e-05,1.0011589006255903,1.0012544099879228
small/uniform_038.csv,14695,3.71e-06,0.00194,0.00191,1.998,1.98,131072.0,9.033623822904062,18.0335924793808,36.13449529161625,0.0,0.9729351467556424,9,4.561289028737202e-05,2.0811868004622088e-05,1.001928326598318,1.0018705958689518
small/uniform_039.csv,23282,3.66e-06,0.00185,0.00197,2.0,1.987,131072.0,14.051508233774813,28.051461036196194,91.33480351953628,0.0,0.9968147277832032,14,5.335821782770367e-05,8.997200406479777e-06,1.0018100163543768,1.001928127363585
small/uniform_040.csv,18799,2.99e-06,0.00194,0.00154,1.999,1.983,131072.0,12.038201721929731,24.03817175603385,66.21010947061353,0.0,0.9350159962972006,12,0.00013855010692453984,0.00012054971861141794,1.0019093172981195,1.0015307621969043
medium/diagonal_001.csv,273048,2.56e-06,0.00188,0.00136,1.86,1.721,1048576.0,21.06719993816064,42.06714783666934,210.6719993816064,0.0,0.9876063210623603,21,7.701811133714598e-06,3.223324297673552e-05,1.001880328040326,1.0013571230456575
medium/diagonal_002.csv,298887,1.77e-06,0.0014199999999999998,0.00125,1.861,1.682,1048576.0,23.06128775614703,46.06124715633365,253.6741653176173,0.0,0.9989863271298616,23,1.2708890889667757e-06,1.2708890889667757e-06,1.001419772420059,1.0012456891987125
medium/diagonal_003.csv,258042,3e-06,0.0016600000000000002,0.00181,1.815,1.695,1048576.0,20.06899765436775,40.068938355558366,190.6554777164936,0.0,0.9953558444976808,20,8.505865822579228e-06,1.1254111033660167e-05,1.0016586839689776,1.0018079937857978
medium/diagonal_004.csv,288018,1.88e-06,0.0014199999999999998,0.00133,1.853,1.777,1048576.0,22.060126314305435,44.06008534019864,231.63132630020704,0.0,0.9909086660905316,22,1.0059170907697479e-06,9.122230773678243e-06,1.0014149365255007,1.001326343449575
medium/diagonal_005.csv,157740,1.98e-06,0.00184,0.00107,1.79,1.523,1048576.0,12.03463369508716,24.034610483927803,66.19048532297937,0.0,0.9917154312133788,12,7.225755645934306e-06,7.225755645934306e-06,1.0018306417438467,1.0010680167614283
medium/diagonal_006.csv,149277,1.93e-06,0.00133,0.00145,1.798,1.557,1048576.0,12.033169664654595,24.033146816126475,66.18243315560028,0.0,0.9376607735951742,12,1.2211431843489606e-07,1.2211431843489606e-07,1.0013225786237754,1.001439900282068
medium/diagonal_007.csv,191290,2.32e-06,0.00183,0.00127,1.815,1.575,1048576.0,15.046093999961927,30.046059865524693,105.32265799973348,0.0,0.9670327504475912,15,2.451256824703533e-06,1.4080937565386087e-05,1.001823446926411,1.0012637429696254
medium/diagonal_008.csv,204925,2.05e-06,0.0015,0.00137,1.797,1.5590000000000002,1048576.0,16.045346822651688,32.04531480226008,120.34010116988769,0.0,0.9717972278594972,16,2.352950003402244e-05,7.082595241812706e-06,1.001503095662967,1.0013596915735636
medium/diagonal_009.csv,114043,1.81e-06,0.00177,0.00102,1.745,1.514,1048576.0,9.02491247923932,18.024896482816548,36.09964991695728,0.0,0.9514146380954318,9,6.0348773421809235e-06,2.660460251734109e-06,1.0017575343689609,1.0010174368371378
medium/diagonal_010.csv,201765,3.09e-06,0.00183,0.00169,1.847,1.7380000000000002,1048576.0,16.055951228886695,32.05590246864474,120.4196342166502,0.0,0.9556818008422852,16,5.334003970167145e-06,1.5157802323861882e-06,1.001818063615928,1.0016826904585707
medium/gaussian_001.csv,113566,1.63e-06,0.00159,0.00102,1.727,1.809,1048576.0,7.319984432607484,16.235886856588728,29.279937730429936,0.0,0.9479992124769424,9,0.03661970757339833,0.046295294983756334,0.9224561654910246,0.9644462655759888
medium/gaussian_002.csv,186772,1.64e-06,0.0015,0.00109,1.759,1.825,1048576.0,12.900232566045187,27.823924786557388,90.30162796231629,0.0,0.9447572072347004,15,0.024095083962739017,0.018647344934667742,0.9647601090288422,0.93291063897239
medium/gaussian_003.csv,186644,1.46e-06,0.00114,0.00127,1.74,1.841,1048576.0,12.1528532706108,27.079490966419296,85.0699728942756,0.0,0.9391499201456706,15,0.029965616080804724,0.09306996899915926,1.000337252681773,0.927997730159477
medium/gaussian_004.csv,190513,3.55e-06,0.00178,0.00199,1.768,1.836,1048576.0,13.732760424501429,28.7048027216354,96.12932297150995,0.0,0.9777231852213542,15,0.029460212989978418,0.02623224836072674,0.9865733615660164,0.9827726145603818
medium/gaussian_005.csv,262264,2.32e-06,0.00165,0.0014,1.776,1.852,1048576.0,17.870135553107623,38.79097481347984,178.7013555310762,0.0,0.9625034332275392,21,0.01803651810165363,0.08394202299134668,0.9871088460904064,0.9620589718349672
medium/gaussian_006.csv,277204,1.51e-06,0.00125,0.00121,1.766,1.833,1048576.0,19.04678041116015,40.9465469342299,199.9911943171816,0.0,0.9598122943531384,22,0.03571945578802699,0.013827292898463071,0.98244201873363,0.9283114087814921
medium/gaussian_007.csv,236709,3.16e-06,0.00194,0.00162,1.788,1.848,1048576.0,15.158543951224566,33.95476865019723,136.42689556102107,0.0,0.9644505350213302,19,0.06148941750763193,0.025616746285453573,0.9303920453976398,0.9438072052479316
medium/gaussian_008.csv,289888,3.15e-06,0.00193,0.0016300000000000002,1.789,1.846,1048576.0,19.88936525112805,42.777797534005366,218.7830177624086,0.0,0.9808469440626062,23,0.017438180195228914,0.0356105483122332,0.9399113206121548,0.9730416485042364
medium/gaussian_009.csv,163175,2.87e-06,0.00193,0.00149,1.77,1.844,1048576.0,10.495835199989568,23.36676456894435,62.97501119993741,0.0,0.9600604130671576,13,0.05304960344019005,0.07986201265959353,0.9699036394942768,0.9604514049858408
medium/gaussian_010.csv,280707,2.2e-06,0.0016,0.00137,1.779,1.844,1048576.0,18.81394463105153,40.70233404444303,197.54641862604115,0.0,0.981926051053134,22,0.044180166676942134,0.05701928611872225,0.9925535339375864,0.9587520117873058
medium/uniform_001.csv,284250,2e-06,0.00118,0.0017,1.996,1.997,1048576.0,22.06294518657567,44.06290175992964,231.66092445904454,0.0,0.9670152230696244,22,1.3581731981737732e-05,2.845824583652678e-06,1.001179015503248,1.0016965829592095
medium/uniform_002.csv,169166,1.6e-06,0.00151,0.00107,1.999,1.995,1048576.0,13.033304251592185,26.033283575188236,78.19982550955311,0.0,0.9675444823044996,13,6.375638087918745e-06,4.519193821161949e-06,1.0015061934263076,1.001064976420081
medium/uniform_003.csv,168257,1.75e-06,0.00157,0.00112,1.999,1.995,1048576.0,13.034455896414668,26.03443376369309,78.20673537848799,0.0,0.9623183470505936,13,5.322277583652556e-06,4.33903382202061e-06,1.0015565314243735,1.0011018809403465
medium/uniform_004.csv,130822,2.38e-06,0.00156,0.00152,1.997,1.993,1048576.0,10.030532539353,20.030509271460506,45.1373964270885,0.0,0.9732230186462404,10,7.149956019025794e-06,1.3380804059881513e-05,1.0015484205734175,1.0015230373327115
medium/uniform_005.csv,262969,1.56e-06,0.00132,0.00117,2.0,1.996,1048576.0,20.049497966914785,40.04946752909867,190.47023068569047,0.0,0.98029146194458,20,6.134479457742258e-08,2.3145036329386137e-05,1.0013233923241702,1.0011731905118877
medium/uniform_006.csv,169883,2.62e-06,0.00148,0.00178,1.999,1.995,1048576.0,13.042036516343432,26.04200286811193,78.25221909806059,0.0,0.9744553932776818,13,5.770982548392032e-06,1.3308703300518587e-06,1.0014746427195516,1.0017634489880909
medium/uniform_007.csv,180695,1.55e-06,0.00131,0.00118,1.999,1.995,1048576.0,14.034457607535618,28.0344365129246,91.22397444898151,0.0,0.9609307561601912,14,4.934375515963654e-07,2.030849553413816e-05,1.0013067607919797,1.001173792064292
medium/uniform_008.csv,150379,2.09e-06,0.00124,0.00168,1.998,1.994,1048576.0,12.034648020732098,24.034623657660585,66.19056411402654,0.0,0.9330338637034098,12,1.209664730883464e-05,1.958435347559906e-06,1.0012289394062466,1.0016704204814586
medium/uniform_009.csv,256600,1.85e-06,0.00116,0.00159,2.0,1.996,1048576.0,20.05464862430857,40.05461230800528,190.5191619309314,0.0,0.9582751750946044,20,1.4980431576105954e-05,2.8933729288027617e-06,1.0011606294168935,1.001587859787875
medium/uniform_010.csv,125877,2.35e-06,0.00151,0.00155,1.997,1.993,1048576.0,10.030037197998881,20.030014682522136,45.13516739099496,0.0,0.9351681709289552,10,8.530192281086535e-06,9.436719127231541e-07,1.0014836666038698,1.0015272755125375
medium/parcel_001.csv,167256,5.5e-06,0.00231,0.00246,2.0,1.999,1048576.0,12.99998243733189,25.999982437326032,77.99989462399135,0.0,0.9691433539757359,13,0.0,0.0,0.9999993997990284,0.999999249226051
medium/parcel_002.csv,237091,3.83e-06,0.00197,0.00195,2.0,1.999,1048576.0,17.999961453924048,35.99996145390393,152.9996723583544,0.0,0.99087741639879,18,0.0,0.0,0.9999990996421456,0.9999987589080724
medium/parcel_003.csv,145112,6.13e-06,0.00253,0.0026,2.0,1.999,1048576.0,10.999959389361074,21.99995938933496,54.99979694680536,0.0,0.99134315143932,11,0.0,0.0,0.999999170506038,0.9999971376153216
medium/parcel_004.csv,234844,3.84e-06,0.00193,0.00198,2.0,1.999,1048576.0,17.99998855481871,35.9999885548169,152.99990271595902,0.0,0.9821375211079916,18,0.0,0.0,0.9999997050477006,0.9999996591087936
medium/parcel_005.csv,268795,3.21e-06,0.00179,0.0018,2.0,1.999,1048576.0,20.99996314264825,41.999963142646365,209.99963142648247,0.0,0.9597066243489584,21,0.0,0.0,0.9999999474742379,0.9999982974136846
medium/parcel_006.csv,129037,6.81e-06,0.00247,0.00247,2.0,1.998,1048576.0,9.999995191809296,19.99999519180919,44.99997836314184,0.0,0.965402126312256,10,0.0,0.0,0.9999999770704056,0.9999995421105136
medium/parcel_007.csv,229695,4e-06,0.0020800000000000003,0.00192,2.0,1.999,1048576.0,17.99999529910579,35.999995299105755,152.9999600423992,0.0,0.9599197175767686,18,0.0,0.0,0.9999999943287396,0.9999997445104696
medium/parcel_008.csv,170591,5.54e-06,0.0022,0.0022,2.0,1.998,1048576.0,12.999995857977295,25.99999585797705,77.99997514786378,0.0,0.9882570413442758,13,0.0,0.0,0.9999999241230718,0.9999997572597789
medium/parcel_009.csv,274540,3.4e-06,0.00187,0.00182,2.0,1.999,1048576.0,20.999977652392012,41.999977652387365,209.9997765239201,0.0,0.9827069782075428,21,0.0,0.0,0.9999997159175784,0.999999219910391
medium/parcel_010.csv,146911,6e-06,0.00225,0.00225,2.0,1.998,1048576.0,10.999986761011744,21.999986761009353,54.99993380505872,0.0,0.9973520799116656,11,0.0,0.0,0.9999997785261316,0.999999017929264
medium/bit_001.csv,121686,3.48e-06,0.00191,0.00182,0.81,0.665,1048576.0,9.706545611468464,20.66610770837272,48.53272805734233,0.0,0.9802089170976118,11,0.0,0.0,0.9394118799592296,0.93932518443829
medium/bit_002.csv,286626,2.57e-06,0.00165,0.00156,2.0,1.7080000000000002,1048576.0,18.76478116666229,37.76404866195765,168.8830304999606,0.0,0.9768352508544922,19,0.0,0.0,0.9938338058972772,0.9937477026268101
medium/bit_003.csv,121473,1.39e-06,0.00105,0.00132,1.996,1.842,1048576.0,8.011176534267646,16.011172776240834,28.039117869936767,0.0,0.9498807191848756,8,0.0,0.0,1.0005646292804788,1.0008319677496251
medium/bit_004.csv,211589,1.97e-06,0.00188,0.00105,0.81,0.7040000000000001,1048576.0,17.633176617608353,37.55867954409933,167.51517786727942,0.0,0.9842809677124024,20,0.0,0.0,0.9393850852397004,0.938548891965266
medium/bit_005.csv,297806,2.17e-06,0.00196,0.00111,1.998,1.876,1048576.0,19.021173300630558,38.02117082844134,171.19055970567499,0.0,0.9785849922581724,19,0.0,0.0,1.000981715504972,1.0001325386235198
medium/bit_006.csv,205713,2.1000000000000002e-06,0.00153,0.00137,0.757,0.779,1048576.0,15.869447994737868,33.80237068944586,134.89030795527188,0.0,0.9937034183078342,18,0.0,0.0,0.9390362282403544,0.9388732545066376
medium/bit_007.csv,160065,3.22e-06,0.00195,0.00165,0.8109999999999999,0.6859999999999999,1048576.0,21.17497769703902,45.086560192091426,243.51224351594868,0.0,0.9980480670928956,24,0.0,0.0,0.939452174464138,0.9391545002063388
medium/bit_008.csv,136564,1.86e-06,0.00106,0.00176,1.997,1.806,1048576.0,9.00779512707108,18.007794542500147,36.03118050828432,0.0,0.8986076778835721,9,0.0,0.0,1.0000829404725442,1.0007831198052497
medium/bit_009.csv,260431,1.28e-06,0.00122,0.00105,1.984,1.651,1048576.0,18.894886300832024,37.89474064625704,170.0539767074882,0.0,0.9646146171971371,19,0.0,0.0,0.9973123305542484,0.9971477034592796
medium/bit_010.csv,232458,1.38e-06,0.0013,0.00106,1.996,1.816,1048576.0,14.801664899216465,29.801005127765016,103.61165429451529,0.0,0.9869937260945638,15,0.0,0.0,0.99348549718212,0.9932481780022142
real/OSM2015_buildings_data_big_02.csv,10325609,1.06e-11,1.39e-06,3.79e-06,1.318,0.624,33554432.0,8506.914512247706,846.7212135000003,59548.401585733925,0.0,0.9360159397125244,15,-108.1253269,25.9495348,-64.753058,39.0253468
real/OSM2015_buildings_data_big_03.csv,38659593,9.13e-12,1.54e-06,3.71e-06,1.462,1.641,33554432.0,30061.13470790721,2991.8581673000012,781589.5024055875,0.0,0.9913426350872472,53,-108.1255943,39.0228904,-64.7524562,52.0999064
real/OSM2015_buildings_data_big_12.csv,12127067,4.66e-12,1.03e-06,3.34e-06,1.052,0.5539999999999999,33554432.0,8107.8901522015,829.3567519999997,60809.17614151126,0.0,0.9476765599101782,16,-16.767341199999994,-0.198008,21.9940602,12.875387599999998
real/OSM2015_buildings_data_big_14.csv,5382201,1.58e-11,1.79e-06,4.71e-06,1.208,0.659,33554432.0,3650.520304970754,371.9377844,10951.560914912265,0.0,0.997836125748498,7,-18.1472027,26.0333045,21.9955607,39.0245103
real/OSM2015_buildings_data_big_16.csv,52295732,1.32e-11,2.07e-06,3.97e-06,1.68,1.4580000000000002,33554432.0,38000.48701866596,3782.1135319,1254016.071615977,0.0,0.9904569907864528,67,-21.3780556,52.0957956,21.9947353,65.17246039999999
real/OSM2015_buildings_data_big_21.csv,20054273,2.2e-11,2.44e-06,5.38e-06,1.791,1.151,33554432.0,15314.677004438316,1524.1975605,199090.8010576981,0.0,0.9630992357377652,27,21.9930673,39.022688,65.3678782,52.0996386
real/OSM2015_buildings_data_big_22.csv,28319828,2.87e-11,3.07e-06,5.62e-06,1.505,1.389,33554432.0,20985.18446112756,2088.7206145,377733.32030029607,0.0,0.9834202471617106,37,21.9923351,52.097407,65.3687793,65.1728713
real/OSM2015_buildings_data_big_15_05.csv,16224332,8.86e-11,4.89e-06,1.15e-05,1.802,1.635,33554432.0,628.0894618479284,257.4950380000001,5966.84988755532,0.0,0.9977056875824928,20,-9.297362800000002,42.2922539,0.307873,45.56177
real/OSM2015_buildings_data_big_15_06.csv,52577020,7.45e-11,4.84e-06,1.07e-05,1.826,1.5019999999999998,33554432.0,1248.3390323553294,594.3460185,39946.84903537055,0.0,0.99346812413289,65,-5.566458,45.5608082,0.30811809999999995,48.830017
real/OSM2015_buildings_data_big_15_09.csv,71659351,8.440000000000001e-11,4.69e-06,1.1e-05,1.857,1.505,33554432.0,3049.305919777279,1213.8257752000004,129595.50159053436,0.0,0.9885431732549224,86,0.3065403,42.2924429,11.151277,45.5619594
real/OSM2015_buildings_data_big_15_10.csv,91723929,1.02e-10,5.62e-06,1.26e-05,1.927,1.556,33554432.0,3903.3401471301613,1552.841818,212732.0380185938,0.0,0.9936762755567378,110,0.3066053,45.5593046,11.1512291,48.83142460000001
real/OSM2015_buildings_data_big_15_11.csv,114809693,1.16e-10,5.83e-06,1.23e-05,1.941,1.604,33554432.0,4931.716708661525,1962.4313290000007,340288.4528976452,0.0,0.999725527900586,139,0.306201,48.8281941,11.1535771,52.099029
real/OSM2015_buildings_data_big_15_13.csv,9891816,1.5800000000000002e-10,6.94e-06,1.63e-05,1.25,1.474,33554432.0,460.90592086557433,183.4810497,2765.435525193447,0.0,0.9874774309305044,13,11.1491006,42.2923693,21.9937324,45.5616644
real/OSM2015_buildings_data_big_15_14.csv,31368498,1.67e-10,7.46e-06,1.65e-05,1.444,1.5119999999999998,33554432.0,1454.5205147059635,578.7608667000002,29090.410294119283,0.0,0.992320725103704,41,11.1496333,45.5604092,21.994524,48.8316372
real/OSM2015_buildings_data_big_15_15.csv,40606766,1.56e-10,7.17e-06,1.51e-05,1.93,1.5319999999999998,33554432.0,1844.9641388273487,734.0603139999997,47046.58554009738,0.0,0.9893987677418268,52,11.1494578,48.8284013,21.994434100000007,52.0999695
real/OSM2015_lakes_data_big_05.csv,28567208,1.41e-08,3.36e-06,9.48e-06,1.721,1.546,33554432.0,51107.02310721573,2955.0200862,971033.4390370988,0.0,0.9887970899924252,39,-108.4954659,11.0851707,-59.4379879,37.7974385
real/OSM2015_lakes_data_big_06.csv,137747632,4.17e-08,5.97e-06,1.1e-05,1.788,1.645,33554432.0,405042.97437997005,18669.237201599997,37871518.10452721,0.0,0.9950768887362582,188,-112.542842,25.9581,-45.2594016,57.9791128
real/OSM2015_lakes_data_big_07.csv,6295823,2.79e-07,0.000127,1.85e-05,1.4,1.754,33554432.0,76698.29476799999,3453.0508188000013,306793.17907199997,0.0,0.8991150591108534,9,-180.0,57.43947629999999,180.0,81.1117895
real/OSM2015_lakes_data_big_10.csv,57100749,5.63e-08,4.96e-06,9.65e-06,1.822,1.632,33554432.0,145885.16216161335,7532.498376,5178923.256737274,0.0,0.9992299725612004,72,-31.2756316,32.7914841,47.6801558,58.4537297
real/OSM2015_lakes_data_big_11.csv,26475195,8.97e-08,3.78e-05,1.66e-05,1.777,1.65,33554432.0,302106.5881919999,13079.1849672,4984758.705167999,0.0,0.9818208769840352,34,-180.0,55.8260215,180.0,80.5079323
real/OSM2015_lakes_data_big_13.csv,9007296,3.61e-08,1.04e-05,3.02e-05,1.842,1.474,33554432.0,24383.638029726317,1225.0769208,134110.00916349475,0.0,0.9736232757568359,12,35.9753697,10.8317837,110.970379,37.9265178
real/OSM2015_lakes_data_big_14.csv,16071182,2.87e-07,1.16e-05,2.21e-05,1.7990000000000002,1.767,33554432.0,78749.61794341987,2835.2749908000005,787496.1794341988,0.0,0.9890019013768152,21,32.5089066,31.0047114,128.425877,70.1008358
real/OSM2015_lakes_data_big_15.csv,14057561,3.24e-07,6.35e-05,1.84e-05,1.72,1.5119999999999998,33554432.0,208290.14100000003,7418.583725,1874611.2690000003,0.0,0.9548572082268564,19,-180.0,50.0027273,180.0,80.45450229999999
real/OSM2015_parks_data_big_02.csv,28825654,2.09e-08,1.47e-05,3.04e-05,1.838,1.548,33554432.0,36989.89746556584,2751.5616079999995,721303.0005785339,0.0,0.9772941477596758,40,-109.04753,28.435882,-58.5833,46.7606922
real/OSM2015_parks_data_big_03.csv,29372785,2.24e-08,2.01e-05,3.510000000000001e-05,1.6569999999999998,1.796,33554432.0,37658.47359198216,2907.6327315000012,753169.4718396431,0.0,0.9791153807465623,41,-108.3406915,45.879378,-54.4742364,62.9307944
real/OSM2015_parks_data_big_07.csv,12419732,1.97e-09,9.24e-06,2.08e-05,1.682,1.4280000000000002,33554432.0,9817.907265679163,849.8152575999999,78543.25812543332,0.0,0.9435275547644671,17,-31.2621167,28.497719,0.602995,46.6217401
real/OSM2015_parks_data_big_08.csv,15583284,1.3e-09,7.97e-06,1.46e-05,1.6980000000000002,1.4340000000000002,33554432.0,20901.831209683627,1533.3169277999998,209018.31209683628,0.0,0.9603589971860252,21,-54.28937239999999,46.4464804,0.5886828000000001,64.583517
real/OSM2015_parks_data_big_12.csv,52799776,1.13e-08,1.04e-05,2.31e-05,1.628,1.671,33554432.0,67822.3444920418,4914.542346099999,2238137.3682373795,0.0,0.995416534480764,67,0.3013028,28.5850505,55.2206861,47.0170455
real/OSM2015_parks_data_big_13.csv,178346237,3.39e-08,1.15e-05,2.07e-05,1.879,1.732,33554432.0,232112.3116512619,16736.714857799998,26228691.21659259,0.0,0.997136849795144,227,0.3050361,46.2541419,55.51419620000001,64.7750032
real/OSM2015_parks_data_big_18.csv,13206006,1.45e-08,1.41e-05,2.4100000000000006e-05,1.695,1.46,33554432.0,17878.679500620725,1315.1311379999995,151968.77575527615,0.0,0.9531399640772078,18,54.89729079999999,46.6011072,109.902604,64.658635
real/OSM2015_roads_data_big_00.csv,5484793,5.57e-10,8.05e-06,2.0600000000000006e-05,1.546,1.418,33554432.0,3216.067960672001,329.77272000000005,11256.237862352002,0.0,0.8916142545640469,8,-91.09041,-4.2244609,-65.70506,11.6117791
real/OSM2015_roads_data_big_01.csv,13303075,8.569999999999998e-10,9.28e-06,2.21e-05,1.651,1.395,33554432.0,13114.8292937868,1076.0548230000004,111476.0489971878,0.0,0.9908827328019671,18,-108.4420782,11.414663699999998,-65.71285470000001,28.4662637
real/OSM2015_roads_data_big_02.csv,148387239,2.62e-10,8.32e-06,1.73e-05,1.96,1.751,33554432.0,138092.79317105556,11378.466198,13049768.95466475,0.0,0.9958877772092819,190,-108.6887474,28.313168,-65.71472220000001,45.225807
real/OSM2015_roads_data_big_03.csv,14642967,5.599999999999999e-10,1.44e-05,2.6e-05,1.716,1.655,33554432.0,14854.009191966465,1217.359226,141113.0873236814,0.0,0.9642765611410141,20,-109.6821446,45.1828598,-65.7009606,62.0696371
real/OSM2015_roads_data_big_10.csv,6512868,1.01e-09,1.01e-05,2.56e-05,1.818,1.381,33554432.0,5517.5266985226135,489.9040686000001,22070.106794090454,0.0,0.896718442440033,9,-16.263379800000006,-4.4035507,22.2539875,11.5128674
real/OSM2015_roads_data_big_11.csv,4395945,2.79e-09,1.2e-05,2.98e-05,1.76,1.248,33554432.0,4107.565918190725,343.9777758,10268.914795476812,0.0,0.9522114296754202,6,-18.1534692,11.428662,22.219346100000006,28.385476
real/OSM2015_roads_data_big_12.csv,79514826,2.29e-10,6.16e-06,1.21e-05,1.7719999999999998,1.707,33554432.0,69544.88493865193,5835.682813199999,3512016.6894019223,0.0,0.9955902079156801,102,-18.0053824,28.3087153,22.2845326,45.2313769
real/OSM2015_roads_data_big_13.csv,159664847,2.82e-10,8.53e-06,1.3800000000000003e-05,1.891,1.808,33554432.0,112519.20395231358,10090.3939829,11364439.599183673,0.0,0.9992375122796141,203,-10.5593022,45.1821114,22.2562413,62.0729422
real/OSM2015_roads_data_big_17.csv,34024125,7.190000000000001e-10,8.92e-06,1.7800000000000002e-05,1.829,1.595,33554432.0,33619.689322383216,2745.2157254999997,739633.1650924308,0.0,0.9781022780471378,45,22.202848,28.31676,66.243783,45.2806189
real/OSM2015_roads_data_big_18.csv,36955766,1.4300000000000002e-09,1.6800000000000002e-05,2.54e-05,1.941,1.634,33554432.0,35907.20427181308,2933.2802831999998,843819.3003876073,0.0,0.9980476597944896,48,22.1870887,45.158318,66.3634517,62.0919609
real/OSM2015_roads_data_big_21.csv,17322635,8.47e-10,1.01e-05,2.45e-05,1.863,1.515,33554432.0,16794.794964280693,1381.4433328,184742.74460708766,0.0,0.984551972669104,23,66.17704640000001,11.4575861,109.31090829999998,28.3864778
real/OSM2015_roads_data_big_22.csv,7819439,2.31e-09,1.59e-05,3.26e-05,1.661,1.4280000000000002,33554432.0,8202.14577029981,669.8992024999999,41010.728851499036,0.0,0.9231456897475504,11,66.0852375,28.3113,110.0092755,45.2871895
real/TIGER2017_LINEARWATER_data_big_04.csv,2253431,6.819999999999999e-10,2.53e-05,1.57e-05,1.6909999999999998,1.675,33554432.0,1409.5955276660504,167.93896500000002,2819.191055332101,0.0,0.8251187801361084,5,-171.83112200000005,54.168792,-155.377599,71.30306199999998
real/TIGER2017_LINEARWATER_data_big_09.csv,4057404,9.41e-10,2.79e-05,1.73e-05,1.764,1.6840000000000002,33554432.0,2843.684515924885,306.87613600000026,9952.895805737098,0.0,0.9261189810931684,8,-155.39199399999995,55.205891999999984,-132.690507,70.863922
real/TIGER2017_LINEARWATER_data_big_12.csv,16560243,1.52e-10,8.94e-06,9.75e-06,1.773,1.787,33554432.0,1956.01688897883,502.51434800000084,26406.228001214204,0.0,0.9879618404167041,28,-122.227245,31.33231699999999,-109.987978,37.039991
real/TIGER2017_LINEARWATER_data_big_13.csv,48450461,1.6199999999999998e-10,9.91e-06,9.63e-06,1.879,1.862,33554432.0,14823.942723341304,2243.891412,615193.6230186641,0.0,0.9980017532195364,84,-124.732323,37.03174899999999,-109.99000900000001,49.002428
real/TIGER2017_LINEARWATER_data_big_17.csv,71852204,1.03e-10,6.74e-06,7.82e-06,1.874,1.867,33554432.0,33053.658053599196,4407.233220000001,2131960.944457148,0.0,0.9946830478998332,130,-110.000678,25.84009899999999,-87.29878099999998,37.039996
real/TIGER2017_LINEARWATER_data_big_18.csv,76617302,1.23e-10,8.37e-06,8.58e-06,1.938,1.874,33554432.0,38167.286259487926,4769.567055999999,2576291.822515435,0.0,0.9967554457047406,136,-110.00607,37.02996499999999,-87.29011700000002,49.38435799999999
real/TIGER2017_LINEARWATER_data_big_22.csv,25139411,1.6299999999999998e-10,7.84e-06,9.22e-06,1.791,1.824,33554432.0,6948.6925731584715,1143.3569679999996,159819.92918264485,0.0,0.9826838298046844,47,-87.306781,24.563306,-75.46449399999999,37.047763
real/TIGER2017_LINEARWATER_data_big_23.csv,40954141,1.13e-10,7.27e-06,7.65e-06,1.784,1.816,33554432.0,15889.957878996574,2306.0884499999984,587928.4415228732,0.0,0.9893910996119182,75,-87.31034099999998,37.03481,-66.98753899999998,47.45985399999999
real/TIGER2018_EDGES_data_big_02.csv,10795927,4.66e-09,3.89e-05,4.36e-05,1.902,1.836,33554432.0,620.8242207328979,222.837073,5587.417986596081,0.0,0.9577937549666354,19,-108.168426,28.971546999999997,-100.995437,33.526824999999995
real/TIGER2018_EDGES_data_big_03.csv,17108764,3.18e-09,3.92e-05,4.33e-05,1.985,1.867,33554432.0,1113.3770341603565,363.49841199999946,15587.278478244987,0.0,0.9935339452891514,29,-108.197178,33.491714,-100.988869,38.817833
real/TIGER2018_EDGES_data_big_04.csv,18469553,2.69e-09,3.85e-05,3.99e-05,1.984,1.868,33554432.0,1241.1422489813765,402.8231680000002,19237.70485921133,0.0,0.9913836140185596,32,-108.188456,38.773491,-100.983218,44.156477
real/TIGER2018_EDGES_data_big_05.csv,16629288,2.14e-09,3.88e-05,3.68e-05,1.972,1.898,33554432.0,1048.6320623099473,355.6395569999996,14680.848872339262,0.0,0.9994799628339964,29,-108.313048,44.067728,-100.982073,49.00018599999999
real/TIGER2018_EDGES_data_big_08.csv,40279699,2.98e-09,2.84e-05,3.44e-05,1.983,1.907,33554432.0,2934.068687090037,950.165100000002,108560.54142233137,0.0,0.9943797135353089,75,-101.026119,28.192361999999992,-93.68961799999998,33.524729
real/TIGER2018_EDGES_data_big_09.csv,37913635,1.47e-09,2.82e-05,3.3100000000000005e-05,1.999,1.925,33554432.0,2630.207807417458,850.7629180000026,86796.85764477613,0.0,0.996007463380472,67,-101.067909,33.49302099999999,-93.69293199999998,38.815998
real/TIGER2018_EDGES_data_big_10.csv,23625802,1.94e-09,3.81e-05,4.16e-05,1.994,1.901,33554432.0,1655.2972625592886,534.3491159999999,33933.59388246541,0.0,0.977871943797384,42,-101.074531,38.783576,-93.68644799999998,44.11809099999999
real/TIGER2018_EDGES_data_big_11.csv,12851944,3.03e-09,5.400000000000001e-05,5.04e-05,1.977,1.881,33554432.0,978.1289025086277,316.89865000000043,11737.54683010353,0.0,0.9619551908969879,25,-101.044069,44.068513,-93.683968,49.384358
real/TIGER2018_EDGES_data_big_14.csv,29782914,2.77e-09,2.81e-05,3.4200000000000005e-05,1.942,1.866,33554432.0,1947.4066682272721,683.4451620000011,54527.386710363615,0.0,0.9973604752306352,57,-93.723388,28.85512699999999,-86.39536699999998,33.517371999999995
real/TIGER2018_EDGES_data_big_15.csv,46503518,1.82e-09,2.85e-05,3.2500000000000004e-05,2.0,1.934,33554432.0,3396.392769887521,1101.2761019999996,146044.88910516337,0.0,0.9970583275131796,87,-93.72969999999998,33.493736,-86.39085699999998,38.813239
real/TIGER2018_EDGES_data_big_16.csv,30468465,1.9600000000000003e-09,3.53e-05,3.7e-05,1.985,1.857,33554432.0,2277.087710713098,730.7175419999996,63758.45589996675,0.0,0.994523387729076,57,-93.725992,38.781345,-86.25004299999998,44.125002
real/TIGER2018_EDGES_data_big_17.csv,16078250,4.92e-09,3.58e-05,3.46e-05,1.912,1.853,33554432.0,1071.973939213652,374.81740399999967,16079.609088204781,0.0,0.9901382423216296,31,-93.77390099999998,44.00000299999999,-86.32576,48.642746
real/TIGER2018_EDGES_data_big_19.csv,7306626,3.8e-09,3.2299999999999986e-05,3.91e-05,1.812,1.719,33554432.0,173.12213151722872,102.65269499999964,1211.8549206206012,0.0,0.9459349930286408,15,-82.98747699999998,24.396307999999998,-79.974306,28.22664999999999
real/TIGER2018_EDGES_data_big_20.csv,23734111,3.44e-09,3.2899999999999987e-05,3.97e-05,1.923,1.847,33554432.0,1766.9348353843247,571.4703000000006,38872.566378455136,0.0,0.9902070151435004,45,-86.45360699999998,28.19067099999999,-79.07773499999998,33.514139
real/TIGER2018_EDGES_data_big_21.csv,62991454,1.91e-09,2.45e-05,2.8000000000000006e-05,2.0,1.931,33554432.0,4688.247734593019,1511.8914299999994,276606.6163409881,0.0,0.9928117497127598,119,-86.425421,33.447507,-79.094659,38.82171499999999
real/TIGER2018_EDGES_data_big_22.csv,32382141,2.69e-09,3.47e-05,3.63e-05,1.955,1.895,33554432.0,2572.072284490922,800.6281800000005,75876.13239248219,0.0,0.9947144528230032,60,-87.00052600000002,38.780121,-79.04550399999998,44.168902
real/TIGER2018_EDGES_data_big_27.csv,21521425,3.34e-09,2.71e-05,3.06e-05,1.866,1.875,33554432.0,879.9371606835177,378.1545599999996,17158.774633328594,0.0,0.9976550586521624,40,-79.12334099999998,33.497405,-74.98416499999998,38.812093
real/TIGER2018_EDGES_data_big_28.csv,44058116,3e-09,2.92e-05,3.12e-05,1.965,1.891,33554432.0,3205.9421156963713,1038.748447999999,129840.65568570305,0.0,0.9891693722910996,82,-79.12476999999998,38.78024899999999,-71.780704,44.103846999999995
real/TIGER2018_EDGES_data_big_34.csv,6814428,3.73e-09,3e-05,3.27e-05,1.788,1.79,33554432.0,146.0790258803469,87.4388710000003,876.4741552820816,0.0,0.9646640924307016,13,-71.857398,41.01089199999999,-68.22390899999999,44.10347
real/TIGER2018_EDGES_data_big_35.csv,5440731,4.220000000000001e-09,3.5600000000000005e-05,3.74e-05,1.767,1.831,33554432.0,184.6014685019114,91.7685669999999,923.007342509557,0.0,0.9562332846901632,11,-71.842732,44.074545,-66.88544399999999,47.45985399999999
real/TIGER2018_FACES_data_big_02.csv,5271559,1.06e-08,3.52e-05,4.89e-05,1.839,1.86,33554432.0,100.44440975631596,64.08662399999997,401.7776390252639,0.0,0.8890669975015852,9,-105.823668,28.971546999999997,-101.03215,31.300765
real/TIGER2018_FACES_data_big_03.csv,18433250,1.45e-08,5.14e-05,6.77e-05,1.969,1.826,33554432.0,925.736857989974,324.0503819999998,12034.579153869661,0.0,0.9813226660092672,27,-108.336497,31.187137,-101.022306,35.874812
real/TIGER2018_FACES_data_big_04.csv,24436195,1.04e-08,3.9e-05,5.11e-05,1.974,1.828,33554432.0,1232.1919651513665,432.0294839999997,21563.359390148908,0.0,0.980793159868982,36,-108.335708,35.713797,-101.002122,40.381029999999996
real/TIGER2018_FACES_data_big_05.csv,20375100,1.04e-08,4.6e-05,5.44e-05,1.973,1.851,33554432.0,1047.67688699892,363.75465,15191.314861484341,0.0,0.9883685777584712,30,-108.350432,40.23484000000001,-100.934236,44.943799
real/TIGER2018_FACES_data_big_06.csv,19242159,9.53e-09,4.35e-05,4.78e-05,1.953,1.89,33554432.0,908.265347207816,336.85080499999987,12715.714860909422,0.0,0.9773948798919546,29,-108.37148700000002,44.745065,-101.01106300000001,49.000186
real/TIGER2018_FACES_data_big_09.csv,35921097,7.840000000000001e-09,3.3100000000000005e-05,4.91e-05,1.93,1.865,33554432.0,1956.0282247709272,685.5306779999999,54768.79029358597,0.0,0.9997860072997579,57,-101.098231,26.617689,-93.726489,31.272801
real/TIGER2018_FACES_data_big_10.csv,59339608,5.16e-09,2.9100000000000006e-05,4.25e-05,1.997,1.906,33554432.0,3090.0527305237842,1084.1766300000008,137507.34650830837,0.0,0.9953230814801322,90,-101.092365,31.199334999999998,-93.67450699999999,35.82788400000001
real/TIGER2018_FACES_data_big_11.csv,45251447,4.34e-09,3.4200000000000005e-05,4.8e-05,1.996,1.915,33554432.0,2341.4417377121963,826.4457060000003,79609.01908221468,0.0,0.9921938509180924,69,-101.103052,35.733492,-93.724699,40.332613
real/TIGER2018_FACES_data_big_12.csv,25266262,6.21e-09,4.9e-05,5.95e-05,1.99,1.862,33554432.0,1336.5591486890753,469.686984,25394.623825092436,0.0,0.9881764413454592,39,-101.160434,40.27990000000001,-93.72839599999999,44.891118
real/TIGER2018_FACES_data_big_13.csv,17160912,1.01e-08,6.13e-05,6.9e-05,1.971,1.87,33554432.0,931.5103807077127,326.5118640000003,12109.634949200266,0.0,0.9758379525608488,27,-101.128898,44.773102,-93.647122,49.384358
real/TIGER2018_FACES_data_big_16.csv,19220169,7.9e-09,3.21e-05,4.74e-05,1.881,1.785,33554432.0,559.3925025775344,305.27119799999974,8390.887538663015,0.0,0.9796474633678314,31,-93.810843,28.855127000000003,-86.397498,31.289240000000003
real/TIGER2018_FACES_data_big_17.csv,53880263,4.82e-09,3.06e-05,4.25e-05,1.997,1.902,33554432.0,2806.6564050076836,986.2203960000007,113669.58440281119,0.0,0.9890527830618184,82,-93.798996,31.196625,-86.39436599999998,35.819072999999996
real/TIGER2018_FACES_data_big_18.csv,56602572,4.85e-09,3.28e-05,4.41e-05,1.998,1.907,33554432.0,2939.10627999169,1034.3117660000003,124912.01689964686,0.0,0.9913508004920428,86,-93.821236,35.737402,-86.398607,40.341654
real/TIGER2018_FACES_data_big_19.csv,39999160,4.25e-09,3.98e-05,4.760000000000001e-05,1.975,1.815,33554432.0,2104.868836778162,738.5822660000005,63146.065103344874,0.0,0.9986613343973628,61,-93.768339,40.285381,-86.25004299999998,44.874991
real/TIGER2018_FACES_data_big_20.csv,19702639,1.2e-08,3.82e-05,4.47e-05,1.895,1.837,33554432.0,898.6784193363216,351.9447049999995,13480.176290044825,0.0,0.9759661497608308,31,-93.800436,44.764367,-86.32576,48.642746
real/TIGER2018_FACES_data_big_23.csv,23536075,7.18e-09,3.47e-05,5.18e-05,1.852,1.77,33554432.0,1110.8099782091126,411.21245,19994.57960776403,0.0,0.9928737943236892,37,-86.457257,26.650487,-79.974306,31.281385999999998
real/TIGER2018_FACES_data_big_24.csv,55607575,6.03e-09,3.3e-05,4.54e-05,1.982,1.89,33554432.0,2862.5466501522546,1000.8214700000012,117364.41265624244,0.0,0.9998361805835402,83,-86.470917,31.194658,-79.07773499999998,35.859566
real/TIGER2018_FACES_data_big_25.csv,78741390,5.2200000000000006e-09,2.67e-05,3.55e-05,1.998,1.913,33554432.0,4002.2834484388372,1413.131774,234133.581733672,0.0,0.9985008969650432,118,-86.465115,35.731894,-79.085633,40.328105
real/TIGER2018_FACES_data_big_26.csv,29787342,6e-09,4.54e-05,5.44e-05,1.918,1.85,33554432.0,1631.4893460179974,561.9476249999997,35892.765612395946,0.0,0.9997901221116384,45,-87.00052600000002,40.283555,-79.104241,44.874995
real/TIGER2018_FACES_data_big_31.csv,6549950,1.08e-08,3.86e-05,5.14e-05,1.7519999999999998,1.654,33554432.0,101.32080481289991,64.57086999999993,455.9436216580496,0.0,0.9687815874814988,10,-79.16848900000002,33.140137,-75.40011899999998,35.828854
real/TIGER2018_FACES_data_big_32.csv,46459890,5.04e-09,2.87e-05,3.68e-05,1.909,1.867,33554432.0,1696.7471439983428,691.0346100000006,58537.77646794285,0.0,0.9884309330156872,70,-79.17955699999997,35.750178999999996,-73.89079100000002,40.333335999999996
real/TIGER2018_FACES_data_big_33.csv,51516901,6.54e-09,3.28e-05,4.14e-05,1.959,1.888,33554432.0,2663.3873598359,936.7686119999993,102540.41335368216,0.0,0.9898576377294004,78,-79.16822599999998,40.258461,-71.78013,44.880219
real/TIGER2018_FACES_data_big_40.csv,14529270,7.54e-09,3.3100000000000005e-05,4.28e-05,1.813,1.7619999999999998,33554432.0,427.8877446745005,195.5721460000001,4492.821319082255,0.0,0.9872798879038204,22,-71.884337,41.010892,-66.88544399999999,44.901641999999995
real/TIGER2018_FACES_data_big_41.csv,4378852,1.24e-08,4.39e-05,5.25e-05,1.729,1.78,33554432.0,91.97539691272829,53.01890300000011,275.9261907381848,0.0,0.9397791368620736,7,-71.8525,44.769382,-66.96884299999999,47.459854
