dataset1,dataset2,bnlj_result_size,bnlj_mbr_tests,bnlj_duration,pbsm_result_size,pbsm_mbr_tests,pbsm_duration,dj_result_size,dj_mbr_tests,dj_duration,repj_result_size,repj_mbr_tests,repj_mbr_tests_join,repj_mbr_tests_index,repj_duration,1st,2nd,3rd,4th
OSM2015_buildings_data_big_02.csv,OSM2015_lakes_data_big_05.csv,7024734,2888385962,39.689373089,7024734,148557937,66.345142233,7024734,2542120681,30.645762678,6903810,3009679528,2895410696,114268832,135.584759915,dj,bnlj,pbsm,repj
OSM2015_buildings_data_big_02.csv,OSM2015_lakes_data_big_06.csv,0,13712878716,-1,30800404,161248577,54.232188082,30800404,3528470175,32.960367329,0,550990528,0,550990528,-1,dj,pbsm,bnlj,repj
OSM2015_buildings_data_big_02.csv,OSM2015_parks_data_big_02.csv,12337216,11070266320,55.245191495,12337216,440093878,56.512949789,12337216,4486740192,33.565786915,0,3390292982,3274990374,115302608,-1,dj,bnlj,pbsm,repj
OSM2015_buildings_data_big_02.csv,OSM2015_roads_data_big_01.csv,76401,1573133141,27.58755541,76401,55863780,48.820841505,76401,816661437,27.846759872,76401,1626421836,1573209536,53212300,94.325154773,bnlj,dj,pbsm,repj
OSM2015_buildings_data_big_02.csv,OSM2015_roads_data_big_02.csv,2142533,21119422741,122.321343728,2142533,1134997132,75.935181773,2142533,17020466088,50.070324388,0,593548952,0,593548952,-1,dj,pbsm,bnlj,repj
OSM2015_buildings_data_big_02.csv,TIGER2017_LINEARWATER_data_big_17.csv,24692,2484745858,80.740859922,24692,40880362,154.095784084,24692,2484770550,37.583444234,0,288071267,662451,287408816,-1,dj,bnlj,pbsm,repj
OSM2015_buildings_data_big_02.csv,TIGER2017_LINEARWATER_data_big_18.csv,3169,2583528561,78.870441444,3169,2297549,93.891508202,3169,1161081130,30.575533109,0,306622208,153000,306469208,-1,dj,bnlj,pbsm,repj
OSM2015_buildings_data_big_02.csv,TIGER2017_LINEARWATER_data_big_22.csv,26537,2597361522,37.267539687,26537,72285728,77.94116149,26537,2547775023,28.592811506,26537,2697945699,2597388055,100557644,89.69564598,dj,bnlj,pbsm,repj
OSM2015_buildings_data_big_02.csv,TIGER2017_LINEARWATER_data_big_23.csv,7252,4613971970,46.362531207,7252,15084754,40.833728074,7252,2963450485,30.541802842,0,213864601,50048037,163816564,-1,dj,pbsm,bnlj,repj
OSM2015_buildings_data_big_02.csv,TIGER2018_EDGES_data_big_02.csv,14321,179537008,23.931981453,14321,4439023,52.336848346,14321,179551329,23.411200295,14321,222735037,179551329,43183708,80.611646653,dj,bnlj,pbsm,repj
OSM2015_buildings_data_big_02.csv,TIGER2018_EDGES_data_big_03.csv,24009,387176039,27.04011662,24009,9338611,41.479313132,24009,387200048,24.451678652,0,68435056,0,68435056,-1,dj,bnlj,pbsm,repj
OSM2015_buildings_data_big_02.csv,TIGER2018_EDGES_data_big_04.csv,19107,480157024,31.259828693,19107,4335523,34.591705735,19107,237461026,24.712069551,0,73967748,89536,73878212,-1,dj,bnlj,pbsm,repj
OSM2015_buildings_data_big_02.csv,TIGER2018_EDGES_data_big_08.csv,117761,1152542520,44.028612673,117761,31599050,57.119965529,117761,1152660281,31.808170613,0,161118796,0,161118796,-1,dj,bnlj,pbsm,repj
OSM2015_buildings_data_big_02.csv,TIGER2018_EDGES_data_big_09.csv,18502,1039640858,36.305323249,18502,10890610,75.082145683,18502,1039659360,28.864123581,0,151654540,0,151654540,-1,dj,bnlj,pbsm,repj
OSM2015_buildings_data_big_02.csv,TIGER2018_EDGES_data_big_10.csv,4547,814452099,31.119049425,4547,829062,46.152143612,4547,327676641,24.81563121,0,94683288,180080,94503208,-1,dj,bnlj,pbsm,repj
OSM2015_buildings_data_big_02.csv,TIGER2018_EDGES_data_big_14.csv,282488,2468076306,41.882447828,282488,97305972,45.360534015,282488,2466178806,31.829019321,0,121520402,2388746,119131656,-1,dj,bnlj,pbsm,repj
OSM2015_buildings_data_big_02.csv,TIGER2018_EDGES_data_big_15.csv,51715,3667525364,55.7169348,51715,20854797,48.411417042,51715,3667577079,36.774490653,0,190188927,4174855,186014072,-1,dj,pbsm,bnlj,repj
OSM2015_buildings_data_big_02.csv,TIGER2018_EDGES_data_big_16.csv,615,2989938617,40.493408654,615,158218,49.036756833,615,1330038977,30.091817197,0,125390245,3516385,121873860,-1,dj,bnlj,pbsm,repj
OSM2015_buildings_data_big_02.csv,TIGER2018_EDGES_data_big_19.csv,59277,749088159,25.081586006,59277,25530046,36.59458371,59277,584466050,27.322578956,59277,778373940,749147436,29226504,62.245465021,bnlj,dj,pbsm,repj
OSM2015_buildings_data_big_02.csv,TIGER2018_EDGES_data_big_20.csv,99516,2451535864,36.523510426,99516,38923861,43.571965305,99516,2195719830,27.843070407,0,94940545,4101,94936444,-1,dj,bnlj,pbsm,repj
OSM2015_buildings_data_big_02.csv,TIGER2018_EDGES_data_big_21.csv,335669,5183256051,59.258694694,335669,93355549,53.833770371,335669,5183591720,41.020987527,0,1201926357,949960541,251965816,-1,dj,pbsm,bnlj,repj
OSM2015_buildings_data_big_02.csv,TIGER2018_EDGES_data_big_22.csv,9683,3588589329,39.24866601,9683,749131,66.766645005,9683,2010466039,26.930864129,0,751929532,622400968,129528564,-1,dj,bnlj,pbsm,repj
OSM2015_buildings_data_big_02.csv,TIGER2018_EDGES_data_big_27.csv,401729,7700646715,41.83458992,401729,214826733,54.252517427,401729,7701048444,37.977534013,0,1423785444,1337699744,86085700,-1,dj,bnlj,pbsm,repj
OSM2015_buildings_data_big_02.csv,TIGER2018_EDGES_data_big_28.csv,237003,8210446612,53.685223802,237003,42669676,37.262193431,237003,4496188045,34.785079788,0,176232464,0,176232464,-1,dj,pbsm,bnlj,repj
OSM2015_buildings_data_big_02.csv,TIGER2018_FACES_data_big_02.csv,2765,52129031,31.846234111,2765,193942,37.604512649,2765,52131796,25.247535423,2765,73218032,52131796,21086236,55.348645429,dj,bnlj,pbsm,repj
OSM2015_buildings_data_big_02.csv,TIGER2018_FACES_data_big_03.csv,44132,433539192,26.330103393,44132,16083895,40.249452442,44132,433583324,24.389606771,0,73733000,0,73733000,-1,dj,bnlj,pbsm,repj
OSM2015_buildings_data_big_02.csv,TIGER2018_FACES_data_big_04.csv,104175,688778213,26.641038022,104175,27173755,40.934046249,104175,688882388,25.205259924,0,97902628,157848,97744780,-1,dj,bnlj,pbsm,repj
OSM2015_buildings_data_big_02.csv,TIGER2018_FACES_data_big_09.csv,187446,1121337114,35.235241791,187446,38806450,53.398869213,187446,1121524560,28.574972327,0,143684388,0,143684388,-1,dj,bnlj,pbsm,repj
OSM2015_buildings_data_big_02.csv,TIGER2018_FACES_data_big_10.csv,74317,1748982587,39.607152749,74317,25116298,58.431732382,74317,1749056904,29.347686683,0,237358432,0,237358432,-1,dj,bnlj,pbsm,repj
OSM2015_buildings_data_big_02.csv,TIGER2018_FACES_data_big_11.csv,38318,1440546010,32.226163341,38318,11802208,77.506074543,38318,1392609974,28.709793982,0,181299268,293480,181005788,-1,dj,bnlj,pbsm,repj
OSM2015_buildings_data_big_02.csv,TIGER2018_FACES_data_big_16.csv,707404,1633251434,32.938474038,707404,143381312,47.516984472,707404,1633943401,31.510085604,0,76896113,15437,76880676,-1,dj,bnlj,pbsm,repj
OSM2015_buildings_data_big_02.csv,TIGER2018_FACES_data_big_17.csv,58346,4636475395,48.994251512,58346,15691257,50.052770831,58346,4636524730,36.881158206,0,215570942,49890,215521052,-1,dj,bnlj,pbsm,repj
OSM2015_buildings_data_big_02.csv,TIGER2018_FACES_data_big_18.csv,83717,5082240051,57.333931583,83717,20485970,73.825173554,83717,5057041492,38.268565191,0,227296046,885758,226410288,-1,dj,bnlj,pbsm,repj
OSM2015_buildings_data_big_02.csv,TIGER2018_FACES_data_big_23.csv,164068,2439094621,32.2820748,164068,59840944,48.028584463,164068,2140431036,29.326368414,0,94342402,198102,94144300,-1,dj,bnlj,pbsm,repj
OSM2015_buildings_data_big_02.csv,TIGER2018_FACES_data_big_24.csv,688861,5993691662,43.050778339,688861,165476967,52.955809903,688861,5722943244,31.717924514,0,436346350,213916050,222430300,-1,dj,bnlj,pbsm,repj
OSM2015_buildings_data_big_02.csv,TIGER2018_FACES_data_big_25.csv,187864,6585389164,46.62585825,187864,27401596,56.240889312,187864,5664506219,33.156306619,0,315583936,618376,314965560,-1,dj,bnlj,pbsm,repj
OSM2015_buildings_data_big_02.csv,TIGER2018_FACES_data_big_31.csv,137184,3516102936,34.440292783,137184,42992816,34.933323711,137184,3405787109,36.48448813,137184,3542439920,3516240120,26199800,48.339864156,bnlj,pbsm,dj,repj
OSM2015_buildings_data_big_02.csv,TIGER2018_FACES_data_big_32.csv,1240858,14127285450,47.790243555,1240858,473104453,45.473514085,1240858,12184892033,43.920234377,0,185843645,4085,185839560,-1,dj,pbsm,bnlj,repj
OSM2015_buildings_data_big_03.csv,OSM2015_parks_data_big_02.csv,5443438,23391538258,86.347223492,5443432,1004662291,53.490975773,5443438,21722162517,40.868127791,0,6732965203,6300580423,432384780,-1,dj,pbsm,bnlj,repj
OSM2015_buildings_data_big_03.csv,OSM2015_parks_data_big_03.csv,407997,41672752208,95.893599249,407997,46417108,58.920577766,407997,6875220636,42.753332273,0,440914640,325625,440589015,-1,dj,pbsm,bnlj,repj
OSM2015_buildings_data_big_03.csv,OSM2015_roads_data_big_02.csv,0,52278375275,-1,11488123,3423788462,277.767753806,11488123,39262836594,91.708263872,0,26981461576,24755653006,2225808570,-1,dj,pbsm,bnlj,repj
OSM2015_buildings_data_big_03.csv,OSM2015_roads_data_big_03.csv,565696,8595425527,47.740259798,565696,170790926,69.249407099,565696,3001776620,27.745564635,565639,5481624403,5261979898,219644505,88.15649032,dj,bnlj,pbsm,repj
OSM2015_buildings_data_big_03.csv,TIGER2017_LINEARWATER_data_big_18.csv,0,3527533861,-1,18686,29418048,62.084410924,18686,4765763638,47.291427441,0,1189543522,40283992,1149259530,-1,dj,pbsm,bnlj,repj
OSM2015_buildings_data_big_03.csv,TIGER2017_LINEARWATER_data_big_23.csv,143005,10365343009,132.232195606,143005,275530709,66.216467318,143005,8718137211,45.202651317,0,6322834183,5708522068,614312115,-1,dj,pbsm,bnlj,repj
OSM2015_buildings_data_big_03.csv,TIGER2018_EDGES_data_big_04.csv,101147,1059347237,58.617397662,101147,42033093,56.651300113,101147,1045691626,27.82869523,0,277577379,534084,277043295,-1,dj,pbsm,bnlj,repj
OSM2015_buildings_data_big_03.csv,TIGER2018_EDGES_data_big_05.csv,4568,641411960,43.158816279,4568,2240424,44.511114999,4568,442240170,24.83150276,4568,890855833,641416528,249439305,97.301633071,dj,bnlj,pbsm,repj
OSM2015_buildings_data_big_03.csv,TIGER2018_EDGES_data_big_10.csv,33772,1980718146,92.025752998,33772,13821511,49.293255485,33772,1870552083,27.304548973,0,471316567,116929537,354387030,-1,dj,pbsm,bnlj,repj
OSM2015_buildings_data_big_03.csv,TIGER2018_EDGES_data_big_11.csv,51458,1337586889,54.041020389,51458,32496021,69.162930233,51458,1275855302,25.625697101,51458,1530417507,1337638347,192779160,86.543303473,dj,bnlj,pbsm,repj
OSM2015_buildings_data_big_03.csv,TIGER2018_EDGES_data_big_16.csv,0,9447563042,-1,417598,547291761,49.446970397,417598,7782831678,34.266912264,0,3163633547,2706606572,457026975,-1,dj,pbsm,bnlj,repj
OSM2015_buildings_data_big_03.csv,TIGER2018_EDGES_data_big_17.csv,74992,4495829418,58.704312794,74992,37343402,46.668891186,74992,2992796836,27.430682333,0,3906245365,3665071615,241173750,-1,dj,pbsm,bnlj,repj
OSM2015_buildings_data_big_03.csv,TIGER2018_EDGES_data_big_22.csv,0,2028092992,-1,305088,88398708,42.202846896,305088,3394579144,29.861871752,0,749816812,264084697,485732115,-1,dj,pbsm,bnlj,repj
OSM2015_buildings_data_big_03.csv,TIGER2018_EDGES_data_big_28.csv,0,3438862363,-1,6802701,812639741,49.754941552,6802701,18388731399,56.811038552,0,6808839011,6147967271,660871740,-1,pbsm,dj,bnlj,repj
OSM2015_buildings_data_big_03.csv,TIGER2018_EDGES_data_big_34.csv,3651752,18284746452,56.966001297,3651750,652609415,36.099248115,3651752,18288398204,43.68070674,3642984,15211018707,15108802287,102216420,63.100005325,pbsm,dj,bnlj,repj
OSM2015_buildings_data_big_03.csv,TIGER2018_EDGES_data_big_35.csv,9548,3622206816,40.597386645,9548,1108948,41.809916689,9548,496515291,24.690503197,9548,2125229442,2043618477,81610965,65.631052046,dj,bnlj,pbsm,repj
OSM2015_buildings_data_big_03.csv,TIGER2018_FACES_data_big_04.csv,189577,1406329541,48.549885978,189577,30820146,43.076927449,189577,878952601,27.793194681,0,380570558,14027633,366542925,-1,dj,pbsm,bnlj,repj
OSM2015_buildings_data_big_03.csv,TIGER2018_FACES_data_big_05.csv,66758,1184433217,46.008680899,66758,21245022,43.580913649,66758,1184499975,27.657777416,0,305626500,0,305626500,-1,dj,pbsm,bnlj,repj
OSM2015_buildings_data_big_03.csv,TIGER2018_FACES_data_big_06.csv,7197,755845230,41.75462274,7197,1715715,59.749466025,7197,705393905,26.12920503,7197,1044484767,755852427,288632340,117.955182915,dj,bnlj,pbsm,repj
OSM2015_buildings_data_big_03.csv,TIGER2018_FACES_data_big_11.csv,0,3151822438,-1,32965,6060417,47.205483308,32965,1761231156,26.580959832,0,678771705,0,678771705,-1,dj,pbsm,bnlj,repj
OSM2015_buildings_data_big_03.csv,TIGER2018_FACES_data_big_12.csv,39953,2582716392,65.765044862,39953,12071058,47.458106708,39953,2582756345,27.716616839,0,378993930,0,378993930,-1,dj,pbsm,bnlj,repj
OSM2015_buildings_data_big_03.csv,TIGER2018_FACES_data_big_13.csv,111509,2017635365,42.280819889,111509,64266444,59.6251327,111509,1905694312,51.279681685,111509,2275160554,2017746874,257413680,110.0234546,bnlj,dj,pbsm,repj
OSM2015_buildings_data_big_03.csv,TIGER2018_FACES_data_big_18.csv,0,14728520043,-1,10902,1863123,45.803637997,10902,2037920270,27.736544476,0,849044851,6271,849038580,-1,dj,pbsm,bnlj,repj
OSM2015_buildings_data_big_03.csv,TIGER2018_FACES_data_big_19.csv,0,15218960002,-1,868693,951786096,54.581885055,868693,13731969310,63.77501511,0,5191103998,4591116598,599987400,-1,pbsm,dj,bnlj,repj
OSM2015_buildings_data_big_03.csv,TIGER2018_FACES_data_big_20.csv,133311,5421259460,49.770849548,133311,51913930,53.937381034,133311,3615095622,33.164253855,0,3219612998,2924073413,295539585,-1,dj,bnlj,pbsm,repj
OSM2015_buildings_data_big_03.csv,TIGER2018_FACES_data_big_25.csv,0,1591949758,-1,415572,43528964,47.958965738,415572,3282439366,30.622500069,0,1181127275,6425,1181120850,-1,dj,pbsm,bnlj,repj
OSM2015_buildings_data_big_03.csv,TIGER2018_FACES_data_big_26.csv,214739,3744609400,70.712369919,214739,54863438,44.531621994,214739,3733385041,30.223907732,0,446841532,31402,446810130,-1,dj,pbsm,bnlj,repj
OSM2015_buildings_data_big_03.csv,TIGER2018_FACES_data_big_32.csv,618164,6057119240,87.677241723,618164,53242506,51.483341006,618164,4179634934,29.133733743,0,697373596,475246,696898350,-1,dj,pbsm,bnlj,repj
OSM2015_buildings_data_big_03.csv,TIGER2018_FACES_data_big_33.csv,0,21526538077,-1,13336132,1288840543,61.293144958,13336132,26008724326,80.025804338,0,11429854376,10657100861,772753515,-1,pbsm,dj,bnlj,repj
OSM2015_buildings_data_big_03.csv,TIGER2018_FACES_data_big_40.csv,8264870,35513649712,74.530700201,8264870,1402852118,61.063133617,8264870,28898870243,56.750754368,8238901,28629349766,28411410716,217939050,91.946328429,dj,pbsm,bnlj,repj
OSM2015_buildings_data_big_03.csv,TIGER2018_FACES_data_big_41.csv,9752,2153182187,36.145757801,9752,636827,37.086840008,9752,298718797,23.983988966,9752,1276176044,1210493264,65682780,54.430612055,dj,bnlj,pbsm,repj
OSM2015_buildings_data_big_12.csv,OSM2015_roads_data_big_10.csv,2953134,1768337591,26.448231684,2953134,733793849,44.093719643,2953134,1771290725,25.288886481,2952895,1803855065,1771290725,32564340,38.560798338,dj,bnlj,repj,pbsm
OSM2015_buildings_data_big_12.csv,OSM2015_roads_data_big_11.csv,408021,827471946,23.28201564,408021,68784986,26.803600578,408021,589832192,20.31966807,408021,849859692,827879967,21979725,42.099606979,dj,bnlj,pbsm,repj
OSM2015_buildings_data_big_15_09.csv,OSM2015_lakes_data_big_10.csv,0,23183964892,-1,646530371,1626870698,47.231457511,646530371,18633804113,51.818744753,0,1541720223,0,1541720223,-1,pbsm,dj,bnlj,repj
OSM2015_buildings_data_big_15_09.csv,OSM2015_parks_data_big_07.csv,3867393,1360369521,42.168295076,3867393,11127941,29.597238632,3867393,1232468296,27.133265476,0,335332764,0,335332764,-1,dj,pbsm,bnlj,repj
OSM2015_buildings_data_big_15_09.csv,OSM2015_parks_data_big_12.csv,0,29181355690,-1,100441376,1074504877,47.800713188,100441376,49899325281,51.893247775,0,1425593952,0,1425593952,-1,pbsm,dj,bnlj,repj
OSM2015_buildings_data_big_15_09.csv,OSM2015_roads_data_big_12.csv,0,21921240989,-1,17160123,1815435504,51.011842581,17160123,45916659267,53.123412423,0,2146900302,0,2146900302,-1,pbsm,dj,bnlj,repj
OSM2015_buildings_data_big_15_09.csv,OSM2015_roads_data_big_13.csv,0,15152452083,-1,2616316,100482142,50.381314859,2616316,17258613297,40.693215169,0,4310950869,0,4310950869,-1,dj,pbsm,bnlj,repj
OSM2015_buildings_data_big_15_10.csv,OSM2015_lakes_data_big_10.csv,0,23858621809,-1,1774755223,4093626545,55.545025254,1774755311,40299457353,88.53130532,0,1941425466,0,1941425466,-1,pbsm,dj,bnlj,repj
OSM2015_buildings_data_big_15_10.csv,OSM2015_parks_data_big_07.csv,1078069,2762865755,62.093576971,1078069,2747206,32.539780868,1078069,1593174533,27.0297641,0,422270888,0,422270888,-1,dj,pbsm,bnlj,repj
OSM2015_buildings_data_big_15_10.csv,OSM2015_parks_data_big_08.csv,0,2153357841,-1,667895,3991542,32.739683346,667895,760379669,25.786414882,0,529831656,0,529831656,-1,dj,pbsm,bnlj,repj
OSM2015_buildings_data_big_15_10.csv,OSM2015_parks_data_big_12.csv,0,23420360787,-1,43253926,377051397,43.865628429,43253926,21696729702,40.590687276,0,1795192384,0,1795192384,-1,dj,pbsm,bnlj,repj
OSM2015_buildings_data_big_15_10.csv,OSM2015_parks_data_big_13.csv,0,13360666382,-1,43326353,730885115,67.360386736,43326353,74007148903,56.48753984,0,36099205697,30035433639,6063772058,-1,dj,pbsm,bnlj,repj
OSM2015_buildings_data_big_15_10.csv,OSM2015_roads_data_big_13.csv,0,28470085870,-1,29812611,2527145210,87.894467898,29812613,97971275967,91.280336548,0,17080478593,11651873795,5428604798,-1,pbsm,dj,bnlj,repj
OSM2015_buildings_data_big_15_11.csv,OSM2015_lakes_data_big_10.csv,0,33184582587,-1,961665284,2491322943,64.606162986,961665324,48914396011,92.991305989,0,2653043137,197710930,2455332207,-1,pbsm,dj,bnlj,repj
OSM2015_buildings_data_big_15_11.csv,OSM2015_parks_data_big_08.csv,0,290730103,-1,592770,1764165,30.696429368,592770,289111756,20.909513503,0,670081212,0,670081212,-1,dj,pbsm,bnlj,repj
OSM2015_buildings_data_big_15_11.csv,OSM2015_parks_data_big_13.csv,0,34928710929,-1,117254879,2577125632,93.861145073,117254878,170028959267,121.369311032,0,7895786885,226898694,7668888191,-1,pbsm,dj,bnlj,repj
OSM2015_buildings_data_big_15_11.csv,OSM2015_roads_data_big_13.csv,0,29832078766,-1,45956885,3729410866,79.948508149,45956889,174382722236,126.681934663,0,6865588421,0,6865588421,-1,pbsm,dj,bnlj,repj
OSM2015_buildings_data_big_15_13.csv,OSM2015_lakes_data_big_10.csv,57820464,7053959279,41.939733153,57820464,175964666,36.924766855,57820464,2697895931,25.702427051,0,589406857,361003861,228402996,-1,dj,pbsm,bnlj,repj
OSM2015_buildings_data_big_15_13.csv,OSM2015_parks_data_big_12.csv,9244135,13208639124,48.053454305,9244133,262564679,45.258851842,9244135,11524569279,37.964406475,0,2877921694,2666722590,211199104,-1,dj,pbsm,bnlj,repj
OSM2015_buildings_data_big_15_13.csv,OSM2015_roads_data_big_12.csv,3165857,7447640600,76.960751968,3165857,242352572,60.336640006,3165857,6506741624,28.766543418,0,2216403375,1898344071,318059304,-1,dj,pbsm,bnlj,repj
OSM2015_buildings_data_big_15_13.csv,OSM2015_roads_data_big_13.csv,0,24290184497,-1,906433,34184194,41.265401519,906433,3117436000,31.444527172,0,638659388,0,638659388,-1,dj,pbsm,bnlj,repj
OSM2015_buildings_data_big_15_14.csv,OSM2015_lakes_data_big_10.csv,0,17702217594,-1,1374234566,2932418800,44.972701891,1374234663,14793801150,45.480006249,0,2765143595,2079934607,685208988,-1,pbsm,dj,bnlj,repj
OSM2015_buildings_data_big_15_14.csv,OSM2015_parks_data_big_12.csv,0,30234919194,-1,14454143,193342545,45.436221029,14454143,8678625721,36.828906845,0,1563290522,929693210,633597312,-1,dj,pbsm,bnlj,repj
OSM2015_buildings_data_big_15_14.csv,OSM2015_parks_data_big_13.csv,0,23038335437,-1,56697373,492726361,53.129148065,56697375,31983732644,48.495298373,0,4205210634,2065055790,2140154844,-1,dj,pbsm,bnlj,repj
OSM2015_buildings_data_big_15_14.csv,OSM2015_roads_data_big_13.csv,0,25364913076,-1,12115380,944921539,53.60202714,12115382,33308329936,47.575089688,0,2589027707,673049543,1915978164,-1,dj,pbsm,bnlj,repj
OSM2015_buildings_data_big_15_15.csv,OSM2015_lakes_data_big_10.csv,0,19695373262,-1,152658067,456611665,48.531690887,152658067,15373277646,36.169406595,0,1031519331,175008096,856511235,-1,dj,pbsm,bnlj,repj
OSM2015_buildings_data_big_15_15.csv,OSM2015_parks_data_big_13.csv,0,36370920747,-1,84678803,965553270,66.585361552,84678806,59491631229,68.795790599,0,2675193555,0,2675193555,-1,pbsm,dj,bnlj,repj
OSM2015_buildings_data_big_15_15.csv,OSM2015_roads_data_big_13.csv,0,27819930912,-1,14609172,1043488163,56.080898,14609172,55500419249,60.073821688,0,2707942772,312970067,2394972705,-1,pbsm,dj,bnlj,repj
OSM2015_lakes_data_big_05.csv,OSM2015_parks_data_big_02.csv,13677752,23862259186,63.637105731,13677752,278999741,36.544862322,13677751,7403905930,47.948056341,0,327763884,10681712,317082172,-1,pbsm,dj,bnlj,repj
OSM2015_lakes_data_big_05.csv,OSM2015_roads_data_big_00.csv,182550,1864460473,28.807048946,182550,395684,23.491612402,182550,222162449,18.03453383,0,309356840,249024117,60332723,-1,dj,pbsm,bnlj,repj
OSM2015_lakes_data_big_05.csv,OSM2015_roads_data_big_01.csv,14567793,7276715286,43.404047113,14567793,431789249,40.754997158,14567793,4133032193,38.914770196,14567746,6553645569,6407311744,146333825,82.590893223,dj,pbsm,bnlj,repj
OSM2015_lakes_data_big_05.csv,OSM2015_roads_data_big_02.csv,0,40157381467,-1,99957653,753215920,69.419556728,99957655,30398532540,52.676717112,0,6549826279,4917566661,1632259618,-1,dj,pbsm,bnlj,repj
OSM2015_lakes_data_big_05.csv,TIGER2017_LINEARWATER_data_big_17.csv,0,21068073370,-1,139881351,558019762,54.469706191,139881351,14779866423,46.36495311,0,3809732757,3019358513,790374244,-1,dj,pbsm,bnlj,repj
OSM2015_lakes_data_big_05.csv,TIGER2017_LINEARWATER_data_big_22.csv,19373811,13491240774,78.176941766,19373779,241464624,43.45386517,19373811,11752299001,38.196704498,0,3270485884,2993952363,276533521,-1,dj,pbsm,bnlj,repj
OSM2015_lakes_data_big_05.csv,TIGER2018_EDGES_data_big_02.csv,34607414,678585559,36.811051857,34607414,78324310,43.924919184,34607414,553597336,26.653026656,0,287423123,168667926,118755197,-1,dj,bnlj,pbsm,repj
OSM2015_lakes_data_big_05.csv,TIGER2018_EDGES_data_big_03.csv,24355391,973125335,41.260324977,24355391,49983019,41.512193075,24355391,236352964,25.811563363,0,188196404,0,188196404,-1,dj,bnlj,pbsm,repj
OSM2015_lakes_data_big_05.csv,TIGER2018_EDGES_data_big_08.csv,0,15454632610,-1,173037478,560318870,49.321170835,173037492,14195985063,41.383484457,0,3665363410,3222286721,443076689,-1,dj,pbsm,bnlj,repj
OSM2015_lakes_data_big_05.csv,TIGER2018_EDGES_data_big_09.csv,37466199,15705089685,96.485015921,37466194,98047665,59.012055079,37466199,8539691762,31.843947326,0,2910390552,2493340567,417049985,-1,dj,pbsm,bnlj,repj
OSM2015_lakes_data_big_05.csv,TIGER2018_EDGES_data_big_14.csv,69028730,16971125595,76.994628881,69028711,561308500,47.721685055,69028722,13607350627,51.092778455,0,2502848780,2175236726,327612054,-1,pbsm,dj,bnlj,repj
OSM2015_lakes_data_big_05.csv,TIGER2018_EDGES_data_big_15.csv,757759,22752858721,128.289941738,757759,14971678,75.299647109,757759,3941739746,28.768836698,0,2243005932,1731467234,511538698,-1,dj,pbsm,bnlj,repj
OSM2015_lakes_data_big_05.csv,TIGER2018_EDGES_data_big_19.csv,31966110,7089144791,43.487484858,31965989,168783868,64.569277719,31966110,5296437556,35.252803153,31966110,5376810442,5296437556,80372886,108.815094847,dj,bnlj,pbsm,repj
OSM2015_lakes_data_big_05.csv,TIGER2018_EDGES_data_big_20.csv,47314945,16942071620,70.88480815,47314835,388697723,45.688087336,47314944,15789292944,46.313516456,0,4942031552,4680956331,261075221,-1,pbsm,dj,bnlj,repj
OSM2015_lakes_data_big_05.csv,TIGER2018_EDGES_data_big_21.csv,0,31797035693,-1,53072178,198647488,73.073301016,53072239,11661960291,42.787142098,0,2864647182,2171741188,692905994,-1,dj,pbsm,bnlj,repj
OSM2015_lakes_data_big_05.csv,TIGER2018_EDGES_data_big_27.csv,5407467,6924736884,56.449731189,5407467,69079759,39.646029472,5407467,3093551943,30.928989606,0,560194726,323459051,236735675,-1,dj,pbsm,bnlj,repj
OSM2015_lakes_data_big_05.csv,TIGER2018_FACES_data_big_02.csv,26073635,315802170,31.51878769,26073635,56579098,41.897936815,26073635,341875805,23.605010467,26073635,399862954,341875805,57987149,59.460785965,dj,bnlj,pbsm,repj
OSM2015_lakes_data_big_05.csv,TIGER2018_FACES_data_big_03.csv,34702430,1218693524,41.670664203,34702430,79090950,42.762457813,34702430,334587304,27.679053928,0,202765750,0,202765750,-1,dj,bnlj,pbsm,repj
OSM2015_lakes_data_big_05.csv,TIGER2018_FACES_data_big_09.csv,181815629,14052438326,75.35251695,181815611,640707978,71.340359112,181815629,14228411889,40.807018475,0,6222647263,5827515196,395132067,-1,dj,pbsm,bnlj,repj
OSM2015_lakes_data_big_05.csv,TIGER2018_FACES_data_big_10.csv,150010574,23547803976,118.881509713,150010552,427135893,62.782476334,150010574,14097415278,60.304325372,0,1506263537,853527849,652735688,-1,dj,pbsm,bnlj,repj
OSM2015_lakes_data_big_05.csv,TIGER2018_FACES_data_big_16.csv,99767677,14193585502,65.803472615,99767631,793012700,80.491522789,99767661,14111858103,59.806185815,99755430,14082286893,13870865034,211421859,122.12474954,dj,bnlj,pbsm,repj
OSM2015_lakes_data_big_05.csv,TIGER2018_FACES_data_big_17.csv,30837754,28108728762,86.543646424,30837752,150078221,55.700182467,30837754,10470557314,40.754089059,0,2144510051,1551827158,592682893,-1,dj,pbsm,bnlj,repj
OSM2015_lakes_data_big_05.csv,TIGER2018_FACES_data_big_23.csv,102412910,20300839107,62.177517477,102412784,485342819,68.140376668,102412910,17379542727,45.326021172,0,2406214503,2147317678,258896825,-1,dj,bnlj,pbsm,repj
OSM2015_lakes_data_big_05.csv,TIGER2018_FACES_data_big_24.csv,113165843,38243611655,101.093427856,113165654,641115998,84.403996593,113165843,25705355734,55.113434442,0,5552474930,4940791605,611683325,-1,dj,pbsm,bnlj,repj
OSM2015_lakes_data_big_05.csv,TIGER2018_FACES_data_big_31.csv,10054709,3188848253,38.987595464,10054709,110953647,55.280645224,10054709,3079528090,36.719662951,10052019,3151577540,3079528090,72049450,98.316438678,dj,bnlj,pbsm,repj
OSM2015_lakes_data_big_06.csv,OSM2015_buildings_data_big_03.csv,0,14092750900,-1,119114671,1305448263,67.281699616,119114671,28469265283,57.338313203,0,5409955586,3438316394,1971639192,-1,dj,pbsm,bnlj,repj
OSM2015_lakes_data_big_06.csv,OSM2015_parks_data_big_02.csv,0,61308226204,-1,538699428,3846430002,71.546653772,538701355,67884648371,83.376773128,0,9289170714,7819062462,1470108252,-1,pbsm,dj,bnlj,repj
OSM2015_lakes_data_big_06.csv,OSM2015_parks_data_big_03.csv,0,42191485813,-1,648801058,5505215648,61.235515713,648804276,87441338489,83.017916599,0,23718396177,22220393526,1498002651,-1,pbsm,dj,bnlj,repj
OSM2015_lakes_data_big_06.csv,OSM2015_parks_data_big_08.csv,54858,6909061,114.745532064,54858,585277,63.37536399,54858,6963919,28.749738447,0,794747484,0,794747484,-1,dj,pbsm,bnlj,repj
OSM2015_lakes_data_big_06.csv,OSM2015_roads_data_big_02.csv,0,69828481172,-1,1492408998,4998740624,93.14143358,1492409020,109932062978,124.573056152,0,12252120407,4684371269,7567749138,-1,pbsm,dj,bnlj,repj
OSM2015_lakes_data_big_06.csv,OSM2015_roads_data_big_03.csv,0,29818005796,-1,48527437,678439153,64.606560187,48527438,27071364164,48.295244053,0,17685904959,16939113642,746791317,-1,dj,pbsm,bnlj,repj
OSM2015_lakes_data_big_06.csv,TIGER2017_LINEARWATER_data_big_17.csv,0,58650353672,-1,420364460,992723561,72.468041209,420364462,21207246517,65.507806185,0,3664462404,0,3664462404,-1,dj,pbsm,bnlj,repj
OSM2015_lakes_data_big_06.csv,TIGER2017_LINEARWATER_data_big_18.csv,0,42525028257,-1,1642437173,3639472275,82.575901419,1642437284,53991213039,111.620734364,0,19014028340,15106545938,3907482402,-1,pbsm,dj,bnlj,repj
OSM2015_lakes_data_big_06.csv,TIGER2017_LINEARWATER_data_big_22.csv,0,41312147915,-1,76251672,291041952,110.220844692,76251704,8186968276,34.162405946,0,2697423364,1415313403,1282109961,-1,dj,pbsm,bnlj,repj
OSM2015_lakes_data_big_06.csv,TIGER2017_LINEARWATER_data_big_23.csv,0,2344156499,-1,91802247,414707110,69.109569063,91802274,31804853135,77.789118516,0,18113846290,16025185099,2088661191,-1,pbsm,dj,bnlj,repj
OSM2015_lakes_data_big_06.csv,TIGER2018_EDGES_data_big_03.csv,0,3921844120,-1,32349171,82655253,65.011818063,32349172,3733842431,28.433254792,0,1543927766,671380802,872546964,-1,dj,pbsm,bnlj,repj
OSM2015_lakes_data_big_06.csv,TIGER2018_EDGES_data_big_04.csv,0,3804906373,-1,157802185,347806494,50.516821437,157802185,4593873097,33.788113994,0,1677720923,735773720,941947203,-1,dj,pbsm,bnlj,repj
OSM2015_lakes_data_big_06.csv,TIGER2018_EDGES_data_big_05.csv,0,3621083443,-1,53698400,122197210,62.758171181,53698414,2288725446,27.659853361,0,2143109867,1295016230,848093637,-1,dj,pbsm,bnlj,repj
OSM2015_lakes_data_big_06.csv,TIGER2018_EDGES_data_big_09.csv,0,51747185467,-1,926487390,2041930397,56.912433839,926487397,33659453166,89.576600074,0,2437199646,503604261,1933595385,-1,pbsm,dj,bnlj,repj
OSM2015_lakes_data_big_06.csv,TIGER2018_EDGES_data_big_10.csv,0,36552175153,-1,1738727370,3598947222,50.299146327,1738727411,32411439139,64.60698247,0,5901826901,4696910999,1204915902,-1,pbsm,dj,bnlj,repj
OSM2015_lakes_data_big_06.csv,TIGER2018_EDGES_data_big_11.csv,0,27043100845,-1,55235456,220575766,46.263502047,55235633,24224270334,55.717609632,0,5532622122,4877172978,655449144,-1,pbsm,dj,bnlj,repj
OSM2015_lakes_data_big_06.csv,TIGER2018_EDGES_data_big_15.csv,0,32795302303,-1,79694136,207851920,51.885258622,79694140,18283794489,53.971629043,0,3166011583,794332165,2371679418,-1,pbsm,dj,bnlj,repj
OSM2015_lakes_data_big_06.csv,TIGER2018_EDGES_data_big_16.csv,0,33637625079,-1,1058302451,2288388026,56.766867849,1058302431,30183799224,71.039913145,0,1632850583,78958868,1553891715,-1,pbsm,dj,bnlj,repj
OSM2015_lakes_data_big_06.csv,TIGER2018_EDGES_data_big_17.csv,0,28064334271,-1,116181403,402072107,64.634266429,116181502,19695610731,56.28845802,0,10776572992,9956582242,819990750,-1,dj,pbsm,bnlj,repj
OSM2015_lakes_data_big_06.csv,TIGER2018_EDGES_data_big_21.csv,0,19477329126,-1,275832743,770001566,82.002915473,275832860,26769066620,64.48950674,0,4480269810,1267705656,3212564154,-1,dj,pbsm,bnlj,repj
OSM2015_lakes_data_big_06.csv,TIGER2018_EDGES_data_big_22.csv,0,21173555263,-1,13453521,102569678,58.548110442,13453527,16005155167,45.550557264,0,3279172134,1627682943,1651489191,-1,dj,pbsm,bnlj,repj
OSM2015_lakes_data_big_06.csv,TIGER2018_EDGES_data_big_27.csv,0,10146701064,-1,31738612,183617287,71.803648191,31738672,14149826794,43.916792552,0,3379230311,2281637636,1097592675,-1,dj,pbsm,bnlj,repj
OSM2015_lakes_data_big_06.csv,TIGER2018_EDGES_data_big_28.csv,0,15169223,-1,209134187,598739991,51.712114183,209134197,35412986860,58.240177986,0,3975085460,1728121544,2246963916,-1,pbsm,dj,bnlj,repj
OSM2015_lakes_data_big_06.csv,TIGER2018_EDGES_data_big_34.csv,30550688,11951751018,73.370127661,30550678,164149379,58.057238042,30550688,8415732995,40.67284005,0,5695468110,5347932282,347535828,-1,dj,pbsm,bnlj,repj
OSM2015_lakes_data_big_06.csv,TIGER2018_EDGES_data_big_35.csv,24113842,5823717199,69.355395726,24113742,70924753,39.329181395,24113842,4862921576,29.577225923,0,2546454277,2268976996,277477281,-1,dj,pbsm,bnlj,repj
OSM2015_lakes_data_big_06.csv,TIGER2018_FACES_data_big_03.csv,0,5619793439,-1,34187768,72213379,49.658507097,34187768,2703953991,28.393394456,0,1606729804,666634054,940095750,-1,dj,pbsm,bnlj,repj
OSM2015_lakes_data_big_06.csv,TIGER2018_FACES_data_big_04.csv,0,4911223691,-1,119855230,288145772,56.048950268,119855232,5998577963,33.006783979,0,1246245945,0,1246245945,-1,dj,pbsm,bnlj,repj
OSM2015_lakes_data_big_06.csv,TIGER2018_FACES_data_big_05.csv,0,4563539243,-1,166870049,364087712,45.489739984,166870049,4739565374,28.267546578,0,1039130100,0,1039130100,-1,dj,pbsm,bnlj,repj
OSM2015_lakes_data_big_06.csv,TIGER2018_FACES_data_big_06.csv,0,4487730101,-1,46691924,113792779,56.489636141,46691938,3073244723,31.613583897,0,2200657262,1219307306,981349956,-1,dj,pbsm,bnlj,repj
OSM2015_lakes_data_big_06.csv,TIGER2018_FACES_data_big_10.csv,0,75686272380,-1,915685731,2024628737,63.13291592,915685739,31634432967,79.112041826,0,3026320008,0,3026320008,-1,pbsm,dj,bnlj,repj
OSM2015_lakes_data_big_06.csv,TIGER2018_FACES_data_big_11.csv,0,62955621701,-1,1770946576,3696439075,59.166567477,1770946580,46010682958,72.164242816,0,2307823797,0,2307823797,-1,pbsm,dj,bnlj,repj
OSM2015_lakes_data_big_06.csv,TIGER2018_FACES_data_big_12.csv,0,53578041395,-1,1535033090,3215835802,68.878779899,1535033104,39559745909,66.775694986,0,8412647317,7124067955,1288579362,-1,dj,pbsm,bnlj,repj
OSM2015_lakes_data_big_06.csv,TIGER2018_FACES_data_big_13.csv,0,43619633823,-1,65512913,300865255,62.236914145,65513081,33780393997,52.082806006,0,13419175751,12543969239,875206512,-1,dj,pbsm,bnlj,repj
OSM2015_lakes_data_big_06.csv,TIGER2018_FACES_data_big_17.csv,0,51796473308,-1,3402727,20148731,60.319794198,3402727,10913431828,34.216843341,0,2747893413,0,2747893413,-1,dj,pbsm,bnlj,repj
OSM2015_lakes_data_big_06.csv,TIGER2018_FACES_data_big_18.csv,0,27803131484,-1,969051357,2058258524,63.555723347,969051481,26080489353,68.160364747,0,2886731172,0,2886731172,-1,pbsm,dj,bnlj,repj
OSM2015_lakes_data_big_06.csv,TIGER2018_FACES_data_big_19.csv,0,53152275968,-1,849930616,1979791422,59.279099431,849930798,47357344710,76.4936969,0,6692464071,4652506911,2039957160,-1,pbsm,dj,bnlj,repj
OSM2015_lakes_data_big_06.csv,TIGER2018_FACES_data_big_20.csv,0,36845522547,-1,142278885,513406479,57.060384306,142278985,24644277756,48.306754095,0,5708570897,4703736308,1004834589,-1,dj,pbsm,bnlj,repj
OSM2015_lakes_data_big_06.csv,TIGER2018_FACES_data_big_24.csv,0,86197886946,-1,142983041,421012891,87.982385311,142983103,13930009076,39.272052082,0,2835986325,0,2835986325,-1,dj,pbsm,bnlj,repj
OSM2015_lakes_data_big_06.csv,TIGER2018_FACES_data_big_25.csv,0,12304124184,-1,262831063,738733106,66.488145007,262831156,30512010161,50.897718442,0,4015810890,0,4015810890,-1,dj,pbsm,bnlj,repj
OSM2015_lakes_data_big_06.csv,TIGER2018_FACES_data_big_26.csv,0,56429252139,-1,8426885,106972885,70.124331876,8426885,17787971104,41.236640692,0,4975605146,3456450704,1519154442,-1,dj,pbsm,bnlj,repj
OSM2015_lakes_data_big_06.csv,TIGER2018_FACES_data_big_31.csv,10542954,15969439087,67.204283131,10542950,72361366,71.404013587,10542954,3696809137,27.819185531,10541255,6412954046,6078906596,334047450,133.897556469,dj,bnlj,pbsm,repj
OSM2015_lakes_data_big_06.csv,TIGER2018_FACES_data_big_32.csv,0,1835691257,-1,214796561,675521952,57.442788067,214796598,27663598232,42.89526954,0,7324414860,4954960470,2369454390,-1,dj,pbsm,bnlj,repj
OSM2015_lakes_data_big_06.csv,TIGER2018_FACES_data_big_33.csv,0,684578433,-1,175827221,517587615,56.228501854,175827231,37722240264,55.992611245,0,4392462923,1765100972,2627361951,-1,dj,pbsm,bnlj,repj
OSM2015_lakes_data_big_06.csv,TIGER2018_FACES_data_big_40.csv,0,14518784967,-1,79436226,403593845,48.502998323,79436244,15334131607,43.18113135,0,3358209037,2617216267,740992770,-1,dj,pbsm,bnlj,repj
OSM2015_lakes_data_big_06.csv,TIGER2018_FACES_data_big_41.csv,2983288,4659140328,46.981416635,2983260,19342313,38.680655455,2983288,3806157798,32.370753637,0,1315328576,1092007124,223321452,-1,dj,pbsm,bnlj,repj
OSM2015_lakes_data_big_07.csv,OSM2015_parks_data_big_03.csv,5524163,12897189507,41.592767845,5523637,147321247,27.127454853,5524163,2407842204,46.057971749,0,88117803,0,88117803,-1,pbsm,bnlj,dj,repj
OSM2015_lakes_data_big_07.csv,OSM2015_parks_data_big_08.csv,62,2185226262,24.256974461,62,26676,31.33349286,62,729203364,22.603169901,0,55307072,8557220,46749852,-1,dj,bnlj,pbsm,repj
OSM2015_lakes_data_big_07.csv,OSM2015_roads_data_big_03.csv,15441,5549893819,27.3958265,15441,288119,28.875756146,15441,411602209,19.918183906,0,2002965321,1959036420,43928901,-1,dj,bnlj,pbsm,repj
OSM2015_lakes_data_big_10.csv,OSM2015_buildings_data_big_14.csv,855808,3101983233,35.415340756,855808,15726488,40.357997323,855808,446744558,22.475635426,855808,1758442036,1645415815,113026221,70.819042379,dj,bnlj,pbsm,repj
OSM2015_lakes_data_big_10.csv,OSM2015_buildings_data_big_15_05.csv,56116926,11938012305,55.913438226,56116926,179066250,40.701430803,56116926,5001697962,29.012217442,0,1065514572,724803600,340710972,-1,dj,pbsm,bnlj,repj
OSM2015_lakes_data_big_10.csv,OSM2015_buildings_data_big_15_06.csv,0,16357038421,-1,444598547,1198518226,59.176754817,444598589,18487719869,46.1763925,0,1694127440,590010020,1104117420,-1,dj,pbsm,bnlj,repj
OSM2015_lakes_data_big_10.csv,OSM2015_buildings_data_big_16.csv,0,23809418314,-1,116559000,1401565720,43.381844239,116559006,21897977294,47.57831457,0,1110801782,12591410,1098210372,-1,pbsm,dj,bnlj,repj
OSM2015_lakes_data_big_10.csv,OSM2015_buildings_data_big_21.csv,95213121,4852924471,70.876878971,95213097,298293222,41.175872152,95213121,4374916228,27.101675208,0,421182025,42313,421139712,-1,dj,pbsm,bnlj,repj
OSM2015_lakes_data_big_10.csv,OSM2015_buildings_data_big_22.csv,21580359,7557175256,83.896651453,21580359,120279453,47.989731622,21580359,4154768019,27.685460174,0,1480085216,885368828,594716388,-1,dj,pbsm,bnlj,repj
OSM2015_lakes_data_big_10.csv,OSM2015_parks_data_big_07.csv,50766082,15698670628,54.418781079,50766082,304606378,57.447822521,50766082,7255721327,34.518470155,0,6862467917,6601653545,260814372,-1,dj,bnlj,pbsm,repj
OSM2015_lakes_data_big_10.csv,OSM2015_parks_data_big_08.csv,32044556,21711640792,53.444369887,32044556,592131652,38.527488462,32044556,11620887595,35.049614789,0,1328462564,1001213600,327248964,-1,dj,pbsm,bnlj,repj
OSM2015_lakes_data_big_10.csv,OSM2015_parks_data_big_12.csv,0,41434634999,-1,593098667,2096952791,48.582277153,593098667,35598775815,53.078938127,0,1108795296,0,1108795296,-1,pbsm,dj,bnlj,repj
OSM2015_lakes_data_big_10.csv,OSM2015_parks_data_big_13.csv,0,61579415830,-1,1563715548,7826089835,82.135363087,1563715559,143137736369,138.430704984,0,3745270977,0,3745270977,-1,pbsm,dj,bnlj,repj
OSM2015_lakes_data_big_10.csv,OSM2015_roads_data_big_12.csv,0,31652854169,-1,197147670,1027300118,57.804206953,197147670,21580400064,46.972081462,0,3124505470,1454694124,1669811346,-1,dj,pbsm,bnlj,repj
OSM2015_lakes_data_big_10.csv,OSM2015_roads_data_big_13.csv,0,111840955440,-1,2286538263,7355707602,110.716355657,2286538258,129764952910,151.412457259,0,3352961787,0,3352961787,-1,pbsm,dj,bnlj,repj
OSM2015_lakes_data_big_10.csv,OSM2015_roads_data_big_17.csv,0,10094766261,-1,31434413,130062205,42.053695292,31434413,3539703250,27.884395778,0,714506625,0,714506625,-1,dj,pbsm,bnlj,repj
OSM2015_lakes_data_big_10.csv,OSM2015_roads_data_big_18.csv,0,10112596499,-1,146306028,508980753,44.719407196,146306034,13123281545,40.827148169,0,1318692178,542621092,776071086,-1,dj,pbsm,bnlj,repj
OSM2015_lakes_data_big_11.csv,OSM2015_buildings_data_big_16.csv,14465863,29146772908,82.307046593,14465859,137639385,51.991408722,14465863,7028175220,27.210808392,0,2703629576,2180672256,522957320,-1,dj,pbsm,bnlj,repj
OSM2015_lakes_data_big_11.csv,OSM2015_buildings_data_big_22.csv,29421054,19592309321,56.829856685,29421052,319736423,41.19635679,29421054,7350762007,31.305945713,0,3040285996,2757087716,283198280,-1,dj,pbsm,bnlj,repj
OSM2015_lakes_data_big_11.csv,OSM2015_parks_data_big_08.csv,11799,2484738917,34.920188689,11799,1864622,41.145226382,11799,804600266,25.646384987,0,155832840,0,155832840,-1,dj,bnlj,pbsm,repj
OSM2015_lakes_data_big_11.csv,OSM2015_parks_data_big_13.csv,0,162021001660,-1,115343608,982347845,274.082516037,115343722,31572346418,45.509862463,0,23453601754,21670139384,1783462370,-1,dj,pbsm,bnlj,repj
OSM2015_lakes_data_big_11.csv,OSM2015_roads_data_big_13.csv,0,100068111665,-1,20512875,164798897,110.695866515,20512885,12226787510,32.101458683,0,7140821940,5544173470,1596648470,-1,dj,pbsm,bnlj,repj
OSM2015_lakes_data_big_11.csv,OSM2015_roads_data_big_18.csv,21719863,34244835315,80.610207371,21719861,270954519,41.151041027,21719863,9093746368,30.006833305,0,894124909,524567249,369557660,-1,dj,pbsm,bnlj,repj
OSM2015_lakes_data_big_13.csv,OSM2015_parks_data_big_12.csv,196417,123532995,34.747828046,196417,813696,28.512600356,196417,123729412,19.002270129,0,211199104,0,211199104,-1,dj,pbsm,bnlj,repj
OSM2015_lakes_data_big_13.csv,OSM2015_roads_data_big_17.csv,2516033,464184129,27.462950051,2516033,11809377,32.972762198,2516033,466700162,19.56338915,0,136096500,0,136096500,-1,dj,bnlj,pbsm,repj
OSM2015_lakes_data_big_13.csv,OSM2015_roads_data_big_21.csv,8779052,5232339066,26.965685477,8779052,294111999,41.549526825,8779052,4824161501,25.724357169,8778898,5310408658,5241118118,69290540,64.60613521,dj,bnlj,pbsm,repj
OSM2015_lakes_data_big_13.csv,OSM2015_roads_data_big_22.csv,11078079,2538097056,31.15742589,11078079,64397012,33.61642891,11078079,1534430422,24.738205014,11078079,2580452891,2549175135,31277756,59.006329477,dj,bnlj,pbsm,repj
OSM2015_lakes_data_big_14.csv,OSM2015_buildings_data_big_21.csv,41625432,4428112177,35.354085302,41625432,249097454,36.165901403,41625432,3693525761,27.253378136,0,2920102863,2799777231,120325632,-1,dj,bnlj,pbsm,repj
OSM2015_lakes_data_big_14.csv,OSM2015_buildings_data_big_22.csv,24424721,4451731351,35.300980621,24424721,241897382,35.685288493,24424721,2827892986,26.973358031,0,650467049,480548081,169918968,-1,dj,bnlj,pbsm,repj
OSM2015_lakes_data_big_14.csv,OSM2015_parks_data_big_12.csv,7763287,3022385112,55.018373669,7763287,64210608,38.338308791,7763287,1889843709,33.920966124,0,2056217917,1739419261,316798656,-1,dj,pbsm,bnlj,repj
OSM2015_lakes_data_big_14.csv,OSM2015_parks_data_big_13.csv,0,16360000932,-1,177957477,630108916,57.959845469,177957477,15232459705,38.775759832,0,3976687460,2906610038,1070077422,-1,dj,pbsm,bnlj,repj
OSM2015_lakes_data_big_14.csv,OSM2015_parks_data_big_18.csv,63911287,4067311788,33.417098191,63911287,470183101,41.494416503,63911287,4113834504,33.877986518,63893608,4210459111,4131223075,79236036,74.939349476,bnlj,dj,pbsm,repj
OSM2015_lakes_data_big_14.csv,OSM2015_roads_data_big_17.csv,59839672,7826452924,39.973233846,59839659,243348166,42.784376958,59839672,4561399718,32.324963285,0,207046689,2901939,204144750,-1,dj,bnlj,pbsm,repj
OSM2015_lakes_data_big_14.csv,OSM2015_roads_data_big_18.csv,47892115,11675732196,54.218743951,47892115,524828330,67.050063863,47892115,9834590991,37.49660281,0,6013008670,5791274074,221734596,-1,dj,bnlj,pbsm,repj
OSM2015_lakes_data_big_14.csv,OSM2015_roads_data_big_22.csv,46151744,2089296345,31.806577574,46151744,141931379,41.127123157,46151744,1295204272,28.97302231,46151744,2182364723,2135448089,46916634,58.706258945,dj,bnlj,pbsm,repj
OSM2015_lakes_data_big_15.csv,OSM2015_buildings_data_big_22.csv,10464074,7218563437,43.165185217,10464073,89967737,40.892374791,10464074,6922770290,29.285657363,0,2230165125,2060246157,169918968,-1,dj,pbsm,bnlj,repj
OSM2015_lakes_data_big_15.csv,OSM2015_parks_data_big_13.csv,0,36029127944,-1,54903658,258694246,87.119167725,54903682,31205587366,54.404799194,0,4620444459,3550367037,1070077422,-1,dj,pbsm,bnlj,repj
OSM2015_lakes_data_big_15.csv,OSM2015_parks_data_big_18.csv,55844772,6124564937,35.555155541,55844772,340714687,46.835934919,55844772,4123762320,26.960170477,55841466,6259645741,6180409705,79236036,63.642469556,dj,bnlj,pbsm,repj
OSM2015_lakes_data_big_15.csv,OSM2015_roads_data_big_18.csv,2878892,12962912827,48.315453077,2878890,62786214,44.32909746,2878892,11762780996,33.963944646,0,2630525194,2408790598,221734596,-1,dj,pbsm,bnlj,repj
OSM2015_parks_data_big_02.csv,OSM2015_roads_data_big_02.csv,0,69912671798,-1,103324519,2136832887,110.062032542,103324521,76523759950,97.275622241,0,21148121743,19515862125,1632259618,-1,dj,pbsm,bnlj,repj
OSM2015_parks_data_big_02.csv,OSM2015_roads_data_big_03.csv,18090586,8578823232,41.456909977,18090525,202086854,65.118464297,18090586,6092320989,30.707413423,18089972,8656713927,8495641290,161072637,95.648141715,dj,bnlj,pbsm,repj
OSM2015_parks_data_big_02.csv,TIGER2017_LINEARWATER_data_big_17.csv,0,8921112600,-1,10859223,51887259,57.504183096,10859222,4889452470,32.809344809,0,790374244,0,790374244,-1,dj,pbsm,bnlj,repj
OSM2015_parks_data_big_02.csv,TIGER2017_LINEARWATER_data_big_18.csv,0,9929484917,-1,36177149,162368395,52.703641044,36177150,8187913214,41.938252134,0,996290788,153500466,842790322,-1,dj,pbsm,bnlj,repj
OSM2015_parks_data_big_02.csv,TIGER2017_LINEARWATER_data_big_22.csv,17266001,26299681062,79.417320747,17266001,199544957,40.078465198,17266001,10593342110,40.221611256,0,276533521,0,276533521,-1,pbsm,dj,bnlj,repj
OSM2015_parks_data_big_02.csv,TIGER2017_LINEARWATER_data_big_23.csv,41431366,48841654795,112.803977168,41431366,448870797,61.786650631,41431366,35705292635,69.38951536,0,17257201919,16806706368,450495551,-1,pbsm,dj,bnlj,repj
OSM2015_parks_data_big_02.csv,TIGER2018_EDGES_data_big_02.csv,1544520,1271641075,53.969471387,1544520,7960208,60.501210694,1544520,1008856209,29.245321183,1544520,1391940792,1273185595,118755197,103.499761469,dj,bnlj,pbsm,repj
OSM2015_parks_data_big_02.csv,TIGER2018_EDGES_data_big_03.csv,15600672,2746883755,42.587422745,15600672,53367702,45.762550074,15600672,2600432087,31.952476572,0,842239664,654043260,188196404,-1,dj,bnlj,pbsm,repj
OSM2015_parks_data_big_02.csv,TIGER2018_EDGES_data_big_04.csv,18992893,3080142368,53.831782177,18992893,78991716,47.506500368,18992893,3026057313,29.607284849,0,203165083,0,203165083,-1,dj,pbsm,bnlj,repj
OSM2015_parks_data_big_02.csv,TIGER2018_EDGES_data_big_05.csv,888627,2204458396,38.517742405,888627,4074858,41.254128556,888627,427040701,26.127053858,0,182922157,0,182922157,-1,dj,bnlj,pbsm,repj
OSM2015_parks_data_big_02.csv,TIGER2018_EDGES_data_big_08.csv,0,3563826096,-1,296755,23283874,57.521361522,296755,1228541530,27.768957104,0,443076689,0,443076689,-1,dj,pbsm,bnlj,repj
OSM2015_parks_data_big_02.csv,TIGER2018_EDGES_data_big_09.csv,849166,3651185988,93.441848066,849166,10504887,55.331267525,849166,2362224382,28.750208563,0,1344254078,927204093,417049985,-1,dj,pbsm,bnlj,repj
OSM2015_parks_data_big_02.csv,TIGER2018_EDGES_data_big_10.csv,615900,2367413257,57.90425251,615900,33144776,53.247106584,615900,2264028162,30.213617496,0,259883822,0,259883822,-1,dj,pbsm,bnlj,repj
OSM2015_parks_data_big_02.csv,TIGER2018_EDGES_data_big_11.csv,43292,1535513445,40.452938134,43292,2913816,69.65479822,43292,681291553,25.320859136,43292,1676928121,1535556737,141371384,131.437602796,dj,bnlj,pbsm,repj
OSM2015_parks_data_big_02.csv,TIGER2018_EDGES_data_big_14.csv,8431787,6939709283,85.125265388,8431787,26849992,47.649282933,8431787,3901996419,32.100617414,0,327612054,0,327612054,-1,dj,pbsm,bnlj,repj
OSM2015_parks_data_big_02.csv,TIGER2018_EDGES_data_big_15.csv,0,9836209261,-1,3403234,28026219,57.455649476,3403234,7480256702,34.687517137,0,511538698,0,511538698,-1,dj,pbsm,bnlj,repj
OSM2015_parks_data_big_02.csv,TIGER2018_EDGES_data_big_16.csv,18864637,7314352721,107.830473941,18864631,123035671,59.178655341,18864637,6879691575,39.248821801,0,335153115,0,335153115,-1,dj,pbsm,bnlj,repj
OSM2015_parks_data_big_02.csv,TIGER2018_EDGES_data_big_17.csv,44799797,3666945307,44.318649496,44799797,123719090,50.383534449,44799797,3166023737,30.268141168,0,472435730,295574980,176860750,-1,dj,bnlj,pbsm,repj
OSM2015_parks_data_big_02.csv,TIGER2018_EDGES_data_big_20.csv,29094614,26539250739,77.723477922,29094614,234334768,73.499645887,29094614,13797221679,40.153587127,0,6093074337,5831999116,261075221,-1,dj,pbsm,bnlj,repj
OSM2015_parks_data_big_02.csv,TIGER2018_EDGES_data_big_21.csv,0,59184276086,-1,18179593,172966741,65.083054412,18179594,32350549488,55.913137424,0,1593528346,900622352,692905994,-1,dj,pbsm,bnlj,repj
OSM2015_parks_data_big_02.csv,TIGER2018_EDGES_data_big_22.csv,1997066,39912417249,89.817741472,1997051,67087532,74.719324928,1997066,25699991482,55.88334079,0,4334625212,3978421661,356203551,-1,dj,pbsm,bnlj,repj
OSM2015_parks_data_big_02.csv,TIGER2018_EDGES_data_big_27.csv,23843853,37962523772,91.541425772,23843851,105142026,150.589688292,23843853,8629359119,36.883795953,23843833,37215914611,36979178936,236735675,243.112501888,dj,bnlj,pbsm,repj
OSM2015_parks_data_big_02.csv,TIGER2018_EDGES_data_big_28.csv,0,29317296670,-1,82403771,621072884,49.05634595,82403778,43441106599,63.906526409,0,4784597059,4299957783,484639276,-1,pbsm,dj,bnlj,repj
OSM2015_parks_data_big_02.csv,TIGER2018_EDGES_data_big_34.csv,898721,5049664399,45.845108352,898720,52399454,42.49306303,898721,5050563120,38.62651431,898494,5125521827,5050563119,74958708,79.191089112,dj,pbsm,bnlj,repj
OSM2015_parks_data_big_02.csv,TIGER2018_EDGES_data_big_35.csv,791368,1404615125,41.877240006,791368,6131737,37.888695819,791368,1405406493,28.816438861,791344,1465254534,1405406493,59848041,54.646915401,dj,pbsm,bnlj,repj
OSM2015_parks_data_big_02.csv,TIGER2018_FACES_data_big_02.csv,29554,417356880,33.210538276,29554,378668,40.09312178,29554,288143908,30.390032842,29554,475373583,417386434,57987149,55.651295647,dj,bnlj,pbsm,repj
OSM2015_parks_data_big_02.csv,TIGER2018_FACES_data_big_03.csv,14623918,2707945285,45.835080907,14623918,42470989,43.878606736,14623918,2269330007,28.395473358,0,202765750,0,202765750,-1,dj,pbsm,bnlj,repj
OSM2015_parks_data_big_02.csv,TIGER2018_FACES_data_big_04.csv,27874323,4351336285,49.397937889,27874323,126705802,74.524326002,27874323,4350636465,30.142458551,27867952,4648008753,4379210608,268798145,138.759972671,dj,bnlj,pbsm,repj
OSM2015_parks_data_big_02.csv,TIGER2018_FACES_data_big_05.csv,6871468,3356512587,43.339761484,6871468,24088564,50.182346383,6871468,2163005727,31.685554413,0,224126100,0,224126100,-1,dj,bnlj,pbsm,repj
OSM2015_parks_data_big_02.csv,TIGER2018_FACES_data_big_06.csv,485540,2528143999,36.79824451,485540,2653714,43.902791311,485540,357124424,25.230471287,0,211663716,0,211663716,-1,dj,bnlj,pbsm,repj
OSM2015_parks_data_big_02.csv,TIGER2018_FACES_data_big_09.csv,382570,3132446956,72.184267991,382570,23268196,49.541566919,382570,1156191577,27.142284678,0,395132067,0,395132067,-1,dj,pbsm,bnlj,repj
OSM2015_parks_data_big_02.csv,TIGER2018_FACES_data_big_10.csv,1060325,5440193716,111.676150712,1060325,18687477,67.999944773,1060325,1833731824,29.001292956,0,652735688,0,652735688,-1,dj,pbsm,bnlj,repj
OSM2015_parks_data_big_02.csv,TIGER2018_FACES_data_big_11.csv,332429,4788546738,103.666934362,332427,17060919,56.716740524,332429,4402302327,30.396495179,0,497765917,0,497765917,-1,dj,pbsm,bnlj,repj
OSM2015_parks_data_big_02.csv,TIGER2018_FACES_data_big_12.csv,1025936,2892221313,46.517389038,1025936,45667238,133.407289477,1025936,2489375265,28.888676185,1025936,3171176131,2893247249,277928882,173.558373739,dj,bnlj,pbsm,repj
OSM2015_parks_data_big_02.csv,TIGER2018_FACES_data_big_13.csv,55048,2145568196,38.724370072,55048,2970606,44.193677164,55048,1037914578,27.934523384,0,188770032,0,188770032,-1,dj,bnlj,pbsm,repj
OSM2015_parks_data_big_02.csv,TIGER2018_FACES_data_big_16.csv,4480788,4805144250,41.087604429,4480788,18552994,53.821270741,4480788,2482485380,29.474026426,0,211421859,0,211421859,-1,dj,bnlj,pbsm,repj
OSM2015_parks_data_big_02.csv,TIGER2018_FACES_data_big_17.csv,12431325,12087196799,120.625223626,12431325,46035287,79.552939516,12431325,6695732998,30.620470565,0,592682893,0,592682893,-1,dj,pbsm,bnlj,repj
OSM2015_parks_data_big_02.csv,TIGER2018_FACES_data_big_18.csv,0,12147653163,-1,479573,30199726,75.501460243,479573,11404146493,32.884537673,0,622628292,0,622628292,-1,dj,pbsm,bnlj,repj
OSM2015_parks_data_big_02.csv,TIGER2018_FACES_data_big_19.csv,30333314,10921076803,80.538303625,30333310,190197667,53.104914531,30333314,9936368341,34.619934023,0,439990760,0,439990760,-1,dj,pbsm,bnlj,repj
OSM2015_parks_data_big_02.csv,TIGER2018_FACES_data_big_20.csv,69966612,4554354000,38.515992271,69966612,178341429,90.366617645,69966612,3737371497,36.395179847,0,4251404446,4034675417,216729029,-1,dj,bnlj,pbsm,repj
OSM2015_parks_data_big_02.csv,TIGER2018_FACES_data_big_23.csv,17077603,28975594539,78.587374082,17077601,75403926,150.101362884,17077603,11094181507,43.227303284,0,14983183293,14724286468,258896825,-1,dj,bnlj,pbsm,repj
OSM2015_parks_data_big_02.csv,TIGER2018_FACES_data_big_24.csv,51397909,64674138173,138.072470808,51397909,438732128,159.500806366,51397909,31849906648,63.301645906,0,3571270261,2959586936,611683325,-1,dj,bnlj,pbsm,repj
OSM2015_parks_data_big_02.csv,TIGER2018_FACES_data_big_25.csv,5166608,92575991742,611.271372401,5166550,70543431,532.301751976,5166608,43489762211,1413.802044061,0,27991585571,27125430281,866155290,-1,pbsm,bnlj,dj,repj
OSM2015_parks_data_big_02.csv,TIGER2018_FACES_data_big_26.csv,1007780,36794162310,94.820398552,1007778,51472675,86.669633691,1007780,25296446914,59.04224248,0,8054923262,7727262500,327660762,-1,dj,pbsm,bnlj,repj
OSM2015_parks_data_big_02.csv,TIGER2018_FACES_data_big_31.csv,1035199,12589489607,57.180552922,1035199,11992110,37.232541669,1035199,812917066,23.320640312,0,2093501013,2021451563,72049450,-1,dj,pbsm,bnlj,repj
OSM2015_parks_data_big_02.csv,TIGER2018_FACES_data_big_32.csv,0,67965616859,-1,69536600,484440538,52.645485067,69536604,25356561141,51.660416659,0,661734738,150675948,511058790,-1,dj,pbsm,bnlj,repj
OSM2015_parks_data_big_02.csv,TIGER2018_FACES_data_big_33.csv,0,68664083100,-1,87536580,532256652,72.510205026,87536586,58117156953,66.273083182,0,7655371259,7088685348,566685911,-1,dj,pbsm,bnlj,repj
OSM2015_parks_data_big_02.csv,TIGER2018_FACES_data_big_40.csv,2602400,9574302697,47.786482856,2602400,112822432,62.550909422,2602400,9282412218,36.371392429,2601608,9736727067,9576905097,159821970,118.917738953,dj,bnlj,pbsm,repj
OSM2015_parks_data_big_02.csv,TIGER2018_FACES_data_big_41.csv,245676,933941000,38.493622094,245676,3536953,39.006261726,245676,925935654,28.479353669,245514,982354048,934186676,48167372,48.622627057,dj,bnlj,pbsm,repj
OSM2015_parks_data_big_03.csv,OSM2015_roads_data_big_03.csv,13437522,17814933149,65.07566515,13435041,552616311,40.648469015,13437522,16420563758,37.119955108,13436302,17989443308,17828370671,161072637,88.579624958,dj,pbsm,bnlj,repj
OSM2015_parks_data_big_03.csv,TIGER2017_LINEARWATER_data_big_18.csv,0,28011617071,-1,10555676,29512903,46.436144437,10555676,8859227165,38.762856289,0,902261464,59471142,842790322,-1,dj,pbsm,bnlj,repj
OSM2015_parks_data_big_03.csv,TIGER2017_LINEARWATER_data_big_23.csv,0,5313350167,-1,174684,629489,36.200904918,174684,6555142599,37.495874374,0,635614301,185118750,450495551,-1,pbsm,dj,bnlj,repj
OSM2015_parks_data_big_03.csv,TIGER2018_EDGES_data_big_05.csv,135858,14614778586,47.748653986,135858,2962843,43.153192204,135858,4340620152,29.225973501,0,1544776442,1361854285,182922157,-1,dj,pbsm,bnlj,repj
OSM2015_parks_data_big_03.csv,TIGER2018_EDGES_data_big_11.csv,61137,14983804237,66.924464109,61137,4808458,41.330270653,61137,14530731676,45.605904857,0,11909412976,11768041592,141371384,-1,pbsm,dj,bnlj,repj
OSM2015_parks_data_big_03.csv,TIGER2018_EDGES_data_big_17.csv,18441789,5723543950,50.506628295,18441789,45899708,39.827989463,18441789,3295757148,28.231629818,0,176860750,0,176860750,-1,dj,pbsm,bnlj,repj
OSM2015_parks_data_big_03.csv,TIGER2018_EDGES_data_big_35.csv,34731,6984326028,51.048765081,34731,652261,53.259028025,34731,6984360759,38.316214923,34731,7044208802,6984360761,59848041,81.76651168,dj,bnlj,pbsm,repj
OSM2015_parks_data_big_03.csv,TIGER2018_FACES_data_big_06.csv,207358,17935281653,60.409582193,207358,4164987,44.23705966,207358,5551634400,31.889517886,0,1636146055,1424482339,211663716,-1,dj,pbsm,bnlj,repj
OSM2015_parks_data_big_03.csv,TIGER2018_FACES_data_big_13.csv,106551,20944605434,55.598010686,106551,9746616,61.456228094,106551,20224204609,43.502127531,106058,21133482017,20944711985,188770032,104.954685318,dj,bnlj,pbsm,repj
OSM2015_parks_data_big_03.csv,TIGER2018_FACES_data_big_20.csv,28186409,7255775475,53.294714972,28186409,70617073,44.422249396,28186409,4861183236,30.96627362,0,216729029,0,216729029,-1,dj,pbsm,bnlj,repj
OSM2015_parks_data_big_03.csv,TIGER2018_FACES_data_big_41.csv,53539,5580021300,39.011675494,53539,1073371,32.153446995,53539,5580074839,38.706956222,53400,5628242211,5580074839,48167372,62.996530903,pbsm,dj,bnlj,repj
OSM2015_parks_data_big_07.csv,OSM2015_buildings_data_big_14.csv,422475,1435096518,24.979758824,422475,65418523,31.291383439,422475,682754069,23.47229763,422475,1462429998,1435518993,26911005,55.408664554,dj,bnlj,pbsm,repj
OSM2015_parks_data_big_07.csv,OSM2015_buildings_data_big_15_05.csv,6017595,20038754427,55.839556883,6017595,455294122,42.410878837,6017595,15745489791,53.232129704,0,916745922,835624262,81121660,-1,pbsm,dj,bnlj,repj
OSM2015_parks_data_big_07.csv,OSM2015_buildings_data_big_15_06.csv,7597939,50677809475,74.039282865,7597939,80411360,54.19345105,7597939,11593151247,54.999170716,0,1990703725,1727818625,262885100,-1,pbsm,dj,bnlj,repj
OSM2015_parks_data_big_07.csv,OSM2015_roads_data_big_12.csv,12411538,30325604845,78.49682893,12411536,880549781,79.965679367,12411538,22859721242,50.795907977,0,19235617207,18838043077,397574130,-1,dj,bnlj,pbsm,repj
OSM2015_parks_data_big_07.csv,OSM2015_roads_data_big_13.csv,1931511,36376434989,123.442569145,1931511,20177108,225.875821248,1931511,4439998502,49.125240592,0,12078434783,11280110548,798324235,-1,dj,bnlj,pbsm,repj
OSM2015_parks_data_big_08.csv,OSM2015_buildings_data_big_15_06.csv,27550796,75603706968,66.368396082,27550796,443109560,141.201630999,27550796,23286541767,39.191950329,0,9755702491,9440240371,315462120,-1,dj,bnlj,pbsm,repj
OSM2015_parks_data_big_08.csv,OSM2015_buildings_data_big_16.csv,769157,9166583185,52.954080551,769153,597520719,90.83391924,769157,9167352342,34.889197576,0,8676600227,8362825835,313774392,-1,dj,bnlj,pbsm,repj
OSM2015_parks_data_big_08.csv,OSM2015_roads_data_big_13.csv,0,27959810396,-1,14116430,979006443,54.258544572,14116434,33928758925,51.482380644,0,3971047532,3013058450,957989082,-1,dj,pbsm,bnlj,repj
OSM2015_parks_data_big_12.csv,OSM2015_buildings_data_big_14.csv,552075,2756054777,32.3527282,552075,81221126,48.243876527,552075,871700621,27.213751155,552073,1568696333,1461052313,107644020,71.368790942,dj,bnlj,pbsm,repj
OSM2015_parks_data_big_12.csv,OSM2015_buildings_data_big_21.csv,9569208,11367285950,66.660321898,9569208,291745596,38.400130944,9569208,10700645174,33.085869987,0,401085440,0,401085440,-1,dj,pbsm,bnlj,repj
OSM2015_parks_data_big_12.csv,OSM2015_roads_data_big_12.csv,0,24114801630,-1,66209484,2092667062,47.522577933,66209484,52441927098,60.119002726,0,3562464149,1972167629,1590296520,-1,pbsm,dj,bnlj,repj
OSM2015_parks_data_big_12.csv,OSM2015_roads_data_big_13.csv,0,32120041491,-1,134295601,760647219,50.662964926,134295599,38557670328,64.021655537,0,3193296940,0,3193296940,-1,pbsm,dj,bnlj,repj
OSM2015_parks_data_big_12.csv,OSM2015_roads_data_big_17.csv,0,21437696138,-1,34220275,782736007,42.762588788,34220275,17141703288,37.023852549,0,2224192627,1543710127,680482500,-1,dj,pbsm,bnlj,repj
OSM2015_parks_data_big_12.csv,OSM2015_roads_data_big_18.csv,0,30509772182,-1,11052757,83405903,45.124409595,11052757,9481542270,40.85628225,0,739115320,0,739115320,-1,dj,pbsm,bnlj,repj
OSM2015_parks_data_big_13.csv,OSM2015_buildings_data_big_16.csv,0,33655397148,-1,41859164,4311295600,54.463140893,41859164,66460274377,70.386840169,0,4767176792,1315658480,3451518312,-1,pbsm,dj,bnlj,repj
OSM2015_parks_data_big_13.csv,OSM2015_buildings_data_big_21.csv,0,1042043230,-1,119440903,577563311,50.193447248,119440903,14721470112,36.382721519,0,1660588229,337006277,1323581952,-1,dj,pbsm,bnlj,repj
OSM2015_parks_data_big_13.csv,OSM2015_buildings_data_big_22.csv,0,0,-1,26130125,1098427599,56.187666486,26130125,40802622971,55.929884506,0,16438640882,14569532234,1869108648,-1,dj,pbsm,bnlj,repj
OSM2015_parks_data_big_13.csv,OSM2015_roads_data_big_13.csv,0,90110367776,-1,303377366,9189314296,102.797146583,303377291,347904862407,208.250185256,0,30651991862,20114111960,10537879902,-1,pbsm,dj,bnlj,repj
OSM2015_parks_data_big_13.csv,OSM2015_roads_data_big_18.csv,0,0,-1,227396678,2258301778,73.922379256,227396678,73761118640,73.448574134,0,49203300294,46764219738,2439080556,-1,dj,pbsm,bnlj,repj
OSM2015_parks_data_big_18.csv,OSM2015_buildings_data_big_21.csv,12416,242274743,26.433883294,12416,3612025,28.968294877,12416,162692078,19.711352597,0,301492021,201220661,100271360,-1,dj,bnlj,pbsm,repj
OSM2015_parks_data_big_18.csv,OSM2015_buildings_data_big_22.csv,366337,2020194808,29.459520862,366337,105131363,31.601189622,366337,2020561145,28.910923956,0,432282758,290683618,141599140,-1,dj,bnlj,pbsm,repj
OSM2015_parks_data_big_18.csv,OSM2015_roads_data_big_18.csv,2628886,4050113229,49.978948935,2628886,184465536,52.792071379,2628886,4052742115,39.967187741,0,3203246984,3018468154,184778830,-1,dj,bnlj,pbsm,repj
OSM2015_roads_data_big_01.csv,TIGER2017_LINEARWATER_data_big_17.csv,0,14662169775,-1,101077,8992623,39.598435944,101083,1412823108,28.681582545,0,359261020,0,359261020,-1,dj,pbsm,bnlj,repj
OSM2015_roads_data_big_01.csv,TIGER2017_LINEARWATER_data_big_22.csv,180416,6052350726,44.971428234,180411,29002265,34.391956402,180416,1838179388,31.066315731,0,271689038,145991983,125697055,-1,dj,pbsm,bnlj,repj
OSM2015_roads_data_big_01.csv,TIGER2018_EDGES_data_big_08.csv,201635,12766080964,57.967977561,201518,1384460,33.47967187,201633,2123746201,31.162149984,0,201398495,0,201398495,-1,dj,pbsm,bnlj,repj
OSM2015_roads_data_big_01.csv,TIGER2018_EDGES_data_big_19.csv,7242959,5298233260,50.068789121,7242410,308171627,72.201297667,7242957,5305476219,44.036532309,7242957,5342009364,5305476234,36533130,127.957074927,dj,bnlj,pbsm,repj
OSM2015_roads_data_big_01.csv,TIGER2018_EDGES_data_big_20.csv,309873,7547415313,64.305747145,309852,5837101,38.355134703,309873,2946045430,34.140326328,0,234772965,116102410,118670555,-1,dj,pbsm,bnlj,repj
OSM2015_roads_data_big_01.csv,TIGER2018_FACES_data_big_09.csv,2608968,13524880301,47.219504048,2608860,43537497,40.682615305,2608968,3662419181,38.917554974,0,179605485,0,179605485,-1,dj,pbsm,bnlj,repj
OSM2015_roads_data_big_01.csv,TIGER2018_FACES_data_big_23.csv,8392791,11582493476,56.73877438,8392203,270316389,46.529745437,8392787,7702780113,46.167216181,0,768255227,650574852,117680375,-1,dj,pbsm,bnlj,repj
OSM2015_roads_data_big_02.csv,TIGER2017_LINEARWATER_data_big_17.csv,0,31416769333,-1,4487465,734042439,97.864694265,4487629,61177751954,126.356973564,0,19624931385,15673060165,3951871220,-1,pbsm,dj,bnlj,repj
OSM2015_roads_data_big_02.csv,TIGER2017_LINEARWATER_data_big_18.csv,0,42650952065,-1,3555891,576405389,66.267716808,3556095,48074075470,88.397052794,0,4213951610,0,4213951610,-1,pbsm,dj,bnlj,repj
OSM2015_roads_data_big_02.csv,TIGER2017_LINEARWATER_data_big_22.csv,0,1029475301,-1,2511696,404339311,54.720568066,2511881,40424107428,63.299831284,0,6625940790,5243273185,1382667605,-1,pbsm,dj,bnlj,repj
OSM2015_roads_data_big_02.csv,TIGER2017_LINEARWATER_data_big_23.csv,0,112737970,-1,4893747,910223552,65.388678482,4894026,55162903938,93.551232134,0,42536684556,40284206801,2252477755,-1,pbsm,dj,bnlj,repj
OSM2015_roads_data_big_02.csv,TIGER2018_EDGES_data_big_02.csv,0,16701666912,-1,8267356,96629081,53.555720427,8268192,7216321434,37.87631989,0,2629330319,2035554334,593775985,-1,dj,pbsm,bnlj,repj
OSM2015_roads_data_big_02.csv,TIGER2018_EDGES_data_big_03.csv,0,26953100671,-1,10688258,149400026,48.938965534,10689238,15357215893,34.646765547,0,940982020,0,940982020,-1,dj,pbsm,bnlj,repj
OSM2015_roads_data_big_02.csv,TIGER2018_EDGES_data_big_04.csv,0,29460759240,-1,13499794,232218134,50.270232806,13500965,16835461091,52.733094311,0,1015825415,0,1015825415,-1,pbsm,dj,bnlj,repj
OSM2015_roads_data_big_02.csv,TIGER2018_EDGES_data_big_05.csv,0,25377238669,-1,1744403,13314570,55.235585385,1744759,2590184150,36.001130046,0,914610785,0,914610785,-1,dj,pbsm,bnlj,repj
OSM2015_roads_data_big_02.csv,TIGER2018_EDGES_data_big_08.csv,0,33372499355,-1,32972581,560689749,62.508583635,32981191,46261123248,62.160838019,0,8506255990,6290872545,2215383445,-1,dj,pbsm,bnlj,repj
OSM2015_roads_data_big_02.csv,TIGER2018_EDGES_data_big_09.csv,0,31489534471,-1,23578133,345784298,66.52018199,23582739,36785487127,58.698370767,0,10231743246,8146493321,2085249925,-1,dj,pbsm,bnlj,repj
OSM2015_roads_data_big_02.csv,TIGER2018_EDGES_data_big_10.csv,0,28352513343,-1,21077698,285446868,60.285898027,21083714,24372800888,51.886958457,0,6409762996,5110343886,1299419110,-1,dj,pbsm,bnlj,repj
OSM2015_roads_data_big_02.csv,TIGER2018_EDGES_data_big_11.csv,0,21924408684,-1,2445847,17018367,49.340115781,2446827,5808219145,36.031255032,0,810626443,103769523,706856920,-1,dj,pbsm,bnlj,repj
OSM2015_roads_data_big_02.csv,TIGER2018_EDGES_data_big_14.csv,0,35525791757,-1,21338523,298945652,75.58193506,21345175,22750755770,47.701972719,0,15128110834,13490050564,1638060270,-1,dj,pbsm,bnlj,repj
OSM2015_roads_data_big_02.csv,TIGER2018_EDGES_data_big_15.csv,0,33120252037,-1,34556118,531918851,71.079331371,34562748,45514120660,72.219156492,0,17288119530,14730426040,2557693490,-1,pbsm,dj,bnlj,repj
OSM2015_roads_data_big_02.csv,TIGER2018_EDGES_data_big_16.csv,0,34365979512,-1,25340355,480665968,59.10624016,25345192,37953423020,57.366643984,0,17235900394,15560134819,1675765575,-1,dj,pbsm,bnlj,repj
OSM2015_roads_data_big_02.csv,TIGER2018_EDGES_data_big_17.csv,0,26814840661,-1,5173537,64862167,40.914143717,5175567,13961873380,42.028202058,0,1453993027,569689277,884303750,-1,pbsm,dj,bnlj,repj
OSM2015_roads_data_big_02.csv,TIGER2018_EDGES_data_big_20.csv,0,3577519216,-1,22359479,357693251,52.568645516,22364094,24360374001,43.647694561,0,4475607187,3170231082,1305376105,-1,dj,pbsm,bnlj,repj
OSM2015_roads_data_big_02.csv,TIGER2018_EDGES_data_big_21.csv,0,0,-1,71825933,1048332528,74.329854191,71852637,86002857395,112.446422244,0,11240678932,7776148962,3464529970,-1,pbsm,dj,bnlj,repj
OSM2015_roads_data_big_02.csv,TIGER2018_EDGES_data_big_22.csv,0,0,-1,37444233,684696672,81.005369034,37450984,57095286666,69.689368574,0,16190474383,14409456628,1781017755,-1,dj,pbsm,bnlj,repj
OSM2015_roads_data_big_02.csv,TIGER2018_EDGES_data_big_27.csv,0,2061276484,-1,31589943,408267228,84.235067069,31600866,31105813347,51.49505322,0,24600319805,23416641430,1183678375,-1,dj,pbsm,bnlj,repj
OSM2015_roads_data_big_02.csv,TIGER2018_EDGES_data_big_28.csv,0,0,-1,54810483,1067091900,63.610406092,54821958,61572178488,78.611372645,0,7708543809,5285347429,2423196380,-1,pbsm,dj,bnlj,repj
OSM2015_roads_data_big_02.csv,TIGER2018_EDGES_data_big_34.csv,11813006,8849028994,113.553483132,11807291,155570860,72.88844744,11813004,8860842000,44.401844644,0,6254994283,5880200743,374793540,-1,dj,pbsm,bnlj,repj
OSM2015_roads_data_big_02.csv,TIGER2018_EDGES_data_big_35.csv,0,1089541175,-1,2299156,17118729,39.76058183,2300056,1615187498,34.130173382,0,1340301177,1041060972,299240205,-1,dj,pbsm,bnlj,repj
OSM2015_roads_data_big_02.csv,TIGER2018_FACES_data_big_02.csv,3600082,7591947427,61.999895162,3599870,24279132,43.373925703,3600082,2371459872,31.99292523,0,289935745,0,289935745,-1,dj,pbsm,bnlj,repj
OSM2015_roads_data_big_02.csv,TIGER2018_FACES_data_big_03.csv,0,31712638889,-1,20020171,240209469,52.637101754,20021426,16484254022,38.462360823,0,1445694760,431866010,1013828750,-1,dj,pbsm,bnlj,repj
OSM2015_roads_data_big_02.csv,TIGER2018_FACES_data_big_04.csv,0,39567999807,-1,18694425,328609955,49.353804588,18695315,22750328021,43.517262161,0,1344003809,13084,1343990725,-1,dj,pbsm,bnlj,repj
OSM2015_roads_data_big_02.csv,TIGER2018_FACES_data_big_05.csv,0,34809957955,-1,16739587,190147565,48.909624094,16740384,13418595478,43.043869904,0,1186425854,65795354,1120630500,-1,dj,pbsm,bnlj,repj
OSM2015_roads_data_big_02.csv,TIGER2018_FACES_data_big_06.csv,0,28911746309,-1,702091,3545444,42.989926584,702207,3759099003,31.269670956,0,1058318580,0,1058318580,-1,dj,pbsm,bnlj,repj
OSM2015_roads_data_big_02.csv,TIGER2018_FACES_data_big_09.csv,0,45909855571,-1,30771713,425573502,60.719432358,30778203,36957738876,49.87196292,0,2803955236,828294901,1975660335,-1,dj,pbsm,bnlj,repj
OSM2015_roads_data_big_02.csv,TIGER2018_FACES_data_big_10.csv,0,50259815481,-1,42695842,648296291,60.791137933,42702039,67096924703,86.210060764,0,6264872396,3001193956,3263678440,-1,pbsm,dj,bnlj,repj
OSM2015_roads_data_big_02.csv,TIGER2018_FACES_data_big_11.csv,0,50295176762,-1,31567078,448518816,70.643384559,31572782,42851005202,56.390517341,0,12644155197,10155325612,2488829585,-1,dj,pbsm,bnlj,repj
OSM2015_roads_data_big_02.csv,TIGER2018_FACES_data_big_12.csv,0,37269077250,-1,24860523,301305269,60.945350701,24865423,26816330573,46.334634679,0,7012973087,5623328677,1389644410,-1,dj,pbsm,bnlj,repj
OSM2015_roads_data_big_02.csv,TIGER2018_FACES_data_big_13.csv,0,29158477975,-1,1454001,7879700,42.926381322,1454600,6881229947,34.502676598,0,970299069,26448909,943850160,-1,dj,pbsm,bnlj,repj
OSM2015_roads_data_big_02.csv,TIGER2018_FACES_data_big_16.csv,0,37074281352,-1,15691729,184974106,57.191749269,15695347,10146119894,37.570150557,0,3805918865,2748809570,1057109295,-1,dj,pbsm,bnlj,repj
OSM2015_roads_data_big_02.csv,TIGER2018_FACES_data_big_17.csv,0,38486139809,-1,40758334,551496202,65.435139224,40764801,49802396954,61.96075187,0,11129987931,8166573466,2963414465,-1,dj,pbsm,bnlj,repj
OSM2015_roads_data_big_02.csv,TIGER2018_FACES_data_big_18.csv,0,54243137261,-1,48028867,669398293,77.723620624,48036976,58651137785,62.84406315,0,24806616765,21693475305,3113141460,-1,dj,pbsm,bnlj,repj
OSM2015_roads_data_big_02.csv,TIGER2018_FACES_data_big_19.csv,0,85699659836,-1,35189329,691844843,94.714685221,35193797,50465395550,48.285357497,0,21751019484,19551065684,2199953800,-1,dj,pbsm,bnlj,repj
OSM2015_roads_data_big_02.csv,TIGER2018_FACES_data_big_20.csv,0,35649135024,-1,3928063,40491165,40.121356504,3929231,13501040991,42.294914589,0,1083665366,20221,1083645145,-1,pbsm,dj,bnlj,repj
OSM2015_roads_data_big_02.csv,TIGER2018_FACES_data_big_23.csv,0,26147941621,-1,14954037,223083290,50.675218747,14956782,15510681539,45.000029287,0,1294484125,0,1294484125,-1,dj,pbsm,bnlj,repj
OSM2015_roads_data_big_02.csv,TIGER2018_FACES_data_big_24.csv,0,0,-1,64182910,925494707,59.194210072,64194028,71332998063,59.039786146,0,9662693126,6604276501,3058416625,-1,dj,pbsm,bnlj,repj
OSM2015_roads_data_big_02.csv,TIGER2018_FACES_data_big_25.csv,0,0,-1,97183189,1288005581,98.844335982,97197064,107769712542,103.318809996,0,14361634269,10030857819,4330776450,-1,pbsm,dj,bnlj,repj
OSM2015_roads_data_big_02.csv,TIGER2018_FACES_data_big_26.csv,0,49164244671,-1,39034458,650473604,100.919908023,39040918,45324198963,54.023363287,0,29095008227,27456704417,1638303810,-1,dj,pbsm,bnlj,repj
OSM2015_roads_data_big_02.csv,TIGER2018_FACES_data_big_31.csv,6527983,22040791895,74.176598976,6526933,72400922,47.593477607,6527979,4706518469,32.32948252,0,569170941,208923691,360247250,-1,dj,pbsm,bnlj,repj
OSM2015_roads_data_big_02.csv,TIGER2018_FACES_data_big_32.csv,0,0,-1,69128386,1162346497,63.776380904,69138686,69407426316,81.534152585,0,6365178412,3809884462,2555293950,-1,pbsm,dj,bnlj,repj
OSM2015_roads_data_big_02.csv,TIGER2018_FACES_data_big_33.csv,0,0,-1,66206638,999493900,80.543993043,66218093,65133376213,72.301995129,0,11705380625,8871951070,2833429555,-1,dj,pbsm,bnlj,repj
OSM2015_roads_data_big_02.csv,TIGER2018_FACES_data_big_40.csv,0,0,-1,22919696,361557047,53.749072184,22923877,15524558195,52.450014374,0,3601847943,2802738093,799109850,-1,dj,pbsm,bnlj,repj
OSM2015_roads_data_big_02.csv,TIGER2018_FACES_data_big_41.csv,1035436,1558017127,55.360768748,1035062,5188173,41.985764457,1035434,1196101926,29.037790639,0,836858894,596022034,240836860,-1,dj,pbsm,bnlj,repj
OSM2015_roads_data_big_03.csv,TIGER2017_LINEARWATER_data_big_18.csv,0,28153067262,-1,699110,117963182,43.775417798,699181,11896334197,40.313041464,0,605776809,146072997,459703812,-1,dj,pbsm,bnlj,repj
OSM2015_roads_data_big_03.csv,TIGER2017_LINEARWATER_data_big_23.csv,69789,6055988585,57.669437395,69788,9092650,39.647986209,69789,1446069383,24.647921126,0,612996659,367271813,245724846,-1,dj,pbsm,bnlj,repj
OSM2015_roads_data_big_03.csv,TIGER2018_EDGES_data_big_05.csv,8092455,8936657108,38.481717689,8091952,133635378,41.333421479,8092455,8944749563,36.377571787,0,99775722,0,99775722,-1,dj,bnlj,pbsm,repj
OSM2015_roads_data_big_03.csv,TIGER2018_EDGES_data_big_11.csv,8961968,6897520112,39.76526971,8961133,166285912,37.485238476,8961963,6906482080,33.067708988,0,3701368494,3624256830,77111664,-1,dj,pbsm,bnlj,repj
OSM2015_roads_data_big_03.csv,TIGER2018_EDGES_data_big_17.csv,5393240,4909087221,36.820026125,5392873,134558857,37.827035067,5393238,4914480461,28.302667388,0,1051847046,955377546,96469500,-1,dj,bnlj,pbsm,repj
OSM2015_roads_data_big_03.csv,TIGER2018_EDGES_data_big_35.csv,1438203,1306731677,27.896067633,1437960,18188714,34.454030911,1438203,1308169880,28.595245273,1438203,1340814266,1308169880,32644386,65.435210032,bnlj,dj,pbsm,repj
OSM2015_roads_data_big_03.csv,TIGER2018_FACES_data_big_06.csv,12629871,10799405038,40.812291376,12629113,203678624,42.555561136,12629868,10812034909,37.455509866,0,115452936,0,115452936,-1,dj,bnlj,pbsm,repj
OSM2015_roads_data_big_03.csv,TIGER2018_FACES_data_big_13.csv,14148200,9717575579,49.285653982,14146772,268580279,45.719863175,14148193,9731723779,46.224418582,0,3038695679,2935730207,102965472,-1,pbsm,dj,bnlj,repj
OSM2015_roads_data_big_03.csv,TIGER2018_FACES_data_big_20.csv,8408989,6181882395,33.791465282,8408401,216647842,58.801891865,8408987,6190291384,30.358565172,0,2868079766,2749863932,118215834,-1,dj,bnlj,pbsm,repj
OSM2015_roads_data_big_03.csv,TIGER2018_FACES_data_big_41.csv,2275290,1152825539,27.896376954,2275114,29473447,34.353120091,2275290,1155100829,27.680824573,2275290,1181373941,1155100829,26273112,57.898693363,dj,bnlj,pbsm,repj
OSM2015_roads_data_big_11.csv,OSM2015_buildings_data_big_14.csv,42964,448214607,20.918158903,42964,10547131,22.715002423,42964,95983298,20.105356306,42964,459021973,448257571,10764402,52.094802727,dj,bnlj,pbsm,repj
OSM2015_roads_data_big_12.csv,OSM2015_buildings_data_big_15_05.csv,0,18155672499,-1,4588958,483985329,44.091964758,4588957,7211508897,34.525677712,0,1811493090,1324763130,486729960,-1,dj,pbsm,bnlj,repj
OSM2015_roads_data_big_12.csv,OSM2015_buildings_data_big_21.csv,0,313558694,-1,3781,129668,32.68593857,3781,39818043,21.632892473,0,601628160,0,601628160,-1,dj,pbsm,bnlj,repj
OSM2015_roads_data_big_13.csv,OSM2015_buildings_data_big_15_05.csv,0,18523055567,-1,278129,9173864,39.353338894,278129,5299195971,41.22929894,0,957235588,0,957235588,-1,pbsm,dj,bnlj,repj
OSM2015_roads_data_big_13.csv,OSM2015_buildings_data_big_15_06.csv,0,46521371890,-1,13144655,947841313,52.151104924,13144657,43553781840,56.692140488,0,3104023209,1979029,3102044180,-1,pbsm,dj,bnlj,repj
OSM2015_roads_data_big_13.csv,OSM2015_buildings_data_big_16.csv,0,16344151227,-1,18246432,3675502690,59.983214534,18246431,64319001369,68.685848564,0,17882402410,14796954222,3085448188,-1,pbsm,dj,bnlj,repj
OSM2015_roads_data_big_13.csv,OSM2015_buildings_data_big_21.csv,0,0,-1,166546,3525544,40.492851063,166546,400067708,21.307901025,0,1183202048,0,1183202048,-1,dj,pbsm,bnlj,repj
OSM2015_roads_data_big_13.csv,OSM2015_buildings_data_big_22.csv,0,0,-1,71825,2294627,34.538181557,71825,230507349,22.676824714,0,1670869852,0,1670869852,-1,dj,pbsm,bnlj,repj
OSM2015_roads_data_big_17.csv,OSM2015_buildings_data_big_21.csv,3143444,11976257586,40.440765747,3143444,428098376,45.460604646,3143444,4712762126,27.92633398,0,917340600,656635064,260705536,-1,dj,bnlj,pbsm,repj
OSM2015_roads_data_big_18.csv,OSM2015_buildings_data_big_21.csv,6841586,21720394309,44.255784568,6841586,1037834094,50.19866438,6841586,11065071409,32.799709956,0,13534866634,13254106826,280759808,-1,dj,bnlj,pbsm,repj
OSM2015_roads_data_big_18.csv,OSM2015_buildings_data_big_22.csv,12790633,33552361824,95.142198302,12790633,2147399872,56.888689143,12790633,21726591798,42.416277664,0,24591896420,24195418828,396477592,-1,dj,pbsm,bnlj,repj
TIGER2018_EDGES_data_big_02.csv,TIGER2018_FACES_data_big_02.csv,18486112,5685545300,42.464344133,18484632,191340461,50.044996962,18486103,5704031412,43.084055568,18419562,5725117674,5704031438,21086236,84.379600323,bnlj,dj,pbsm,repj
TIGER2018_EDGES_data_big_02.csv,TIGER2018_FACES_data_big_03.csv,32785343,18833841652,53.641389268,32782993,393801901,49.413577478,32785325,17326981378,49.177339422,0,5130403688,5056670688,73733000,-1,dj,pbsm,bnlj,repj
TIGER2018_EDGES_data_big_02.csv,TIGER2018_FACES_data_big_09.csv,352779,139394810,39.468609796,352479,1191280,43.00741951,352775,64089401,24.705955878,0,143684388,0,143684388,-1,dj,bnlj,pbsm,repj
TIGER2018_EDGES_data_big_02.csv,TIGER2018_FACES_data_big_10.csv,442399,356165850,60.404941738,441950,1414143,64.543291365,442395,299144531,26.115590326,0,237610370,251938,237358432,-1,dj,bnlj,pbsm,repj
TIGER2018_EDGES_data_big_03.csv,TIGER2018_FACES_data_big_03.csv,34188888,29255135872,61.174878069,34183590,360560021,86.465902884,34188862,18617190386,56.91110262,34183549,29418357496,29289324746,129032750,130.300401442,dj,bnlj,pbsm,repj
TIGER2018_EDGES_data_big_03.csv,TIGER2018_FACES_data_big_04.csv,51458842,35836964622,64.607055801,51454063,546622259,47.381989649,51458810,25328312685,49.127609002,0,3989622785,3818569420,171053365,-1,pbsm,dj,bnlj,repj
TIGER2018_EDGES_data_big_03.csv,TIGER2018_FACES_data_big_10.csv,354314,277024259,76.755805611,354144,1072694,62.787476801,354313,114035907,25.644734139,0,415377256,0,415377256,-1,dj,pbsm,bnlj,repj
TIGER2018_EDGES_data_big_03.csv,TIGER2018_FACES_data_big_11.csv,114361,124459253,46.343018097,114297,323754,54.26231617,114357,71374275,27.397050801,0,325001956,8241827,316760129,-1,dj,bnlj,pbsm,repj
TIGER2018_EDGES_data_big_04.csv,TIGER2018_FACES_data_big_04.csv,36553888,41126260811,78.061605571,36550260,429236651,45.704304496,36553868,23304575662,46.247849748,0,15678529892,15507476527,171053365,-1,pbsm,dj,bnlj,repj
TIGER2018_EDGES_data_big_04.csv,TIGER2018_FACES_data_big_05.csv,57263090,35362185439,62.453591905,57254660,671185297,61.855889923,57263049,32331623322,52.956643784,0,32253629924,32111004224,142625700,-1,dj,pbsm,bnlj,repj
TIGER2018_EDGES_data_big_04.csv,TIGER2018_FACES_data_big_11.csv,120722,79521367,77.229638596,120662,402550,38.948445773,120722,25986388,23.853695828,0,316760129,0,316760129,-1,dj,pbsm,bnlj,repj
TIGER2018_EDGES_data_big_04.csv,TIGER2018_FACES_data_big_12.csv,171534,71978568,41.518388472,171468,607004,49.535733509,171524,72150102,26.831699769,0,231855150,54991316,176863834,-1,dj,bnlj,pbsm,repj
TIGER2018_EDGES_data_big_05.csv,TIGER2018_FACES_data_big_05.csv,12743973,29330169630,53.331203406,12742164,92585990,41.713002331,12743959,10523114945,39.872262684,0,7592509664,7449883964,142625700,-1,dj,pbsm,bnlj,repj
TIGER2018_EDGES_data_big_05.csv,TIGER2018_FACES_data_big_06.csv,64950996,27835577928,80.896866081,64938352,748409404,51.921709871,64950965,25473801635,60.177218763,64922751,28035224107,27900529015,134695092,111.454141391,pbsm,dj,bnlj,repj
TIGER2018_EDGES_data_big_05.csv,TIGER2018_FACES_data_big_12.csv,35332,87410204,34.814391052,35324,100330,37.946254909,35332,11434260,25.219184462,0,176863834,0,176863834,-1,dj,bnlj,pbsm,repj
TIGER2018_EDGES_data_big_05.csv,TIGER2018_FACES_data_big_13.csv,299630,112691724,30.595770627,299556,1156800,58.513225395,299622,112991354,23.112029066,299602,233117734,112991350,120126384,83.818672622,dj,bnlj,pbsm,repj
TIGER2018_EDGES_data_big_08.csv,TIGER2018_FACES_data_big_09.csv,0,67043430724,-1,120846479,1481000693,73.168329191,120868181,65455846635,84.330325354,0,36498735861,35959919406,538816455,-1,pbsm,dj,bnlj,repj
TIGER2018_EDGES_data_big_08.csv,TIGER2018_FACES_data_big_10.csv,0,59434808158,-1,114859320,1112755668,56.676623995,114884237,74289816952,78.389016787,0,2705473899,1815379779,890094120,-1,pbsm,dj,bnlj,repj
TIGER2018_EDGES_data_big_08.csv,TIGER2018_FACES_data_big_16.csv,552089,295051455,73.420126384,551537,2343620,44.153732627,552079,126778182,24.39106132,0,319970097,31667562,288302535,-1,dj,pbsm,bnlj,repj
TIGER2018_EDGES_data_big_08.csv,TIGER2018_FACES_data_big_17.csv,0,536606160,-1,627780,2189046,43.589977801,628555,419302187,26.204233309,0,808203945,0,808203945,-1,dj,pbsm,bnlj,repj
TIGER2018_EDGES_data_big_09.csv,TIGER2018_FACES_data_big_10.csv,0,55914498006,-1,96774683,908828836,52.095094221,96791260,52976789558,65.810227279,0,832400253,1645741,830754512,-1,pbsm,dj,bnlj,repj
TIGER2018_EDGES_data_big_09.csv,TIGER2018_FACES_data_big_11.csv,0,54502217073,-1,104701007,1093010739,51.312249602,104716030,67188554828,65.765059693,0,4482914577,3849394319,633520258,-1,pbsm,dj,bnlj,repj
TIGER2018_EDGES_data_big_09.csv,TIGER2018_FACES_data_big_17.csv,0,634414099,-1,539693,1759322,45.927932312,540280,217323041,26.031670818,0,754323682,0,754323682,-1,dj,pbsm,bnlj,repj
TIGER2018_EDGES_data_big_09.csv,TIGER2018_FACES_data_big_18.csv,0,331575734,-1,1105844,4138860,36.990322201,1106600,775753779,26.929785874,0,792436008,0,792436008,-1,dj,pbsm,bnlj,repj
TIGER2018_EDGES_data_big_10.csv,TIGER2018_FACES_data_big_11.csv,0,49074980397,-1,55376533,509063316,46.561026046,55385141,31759419310,51.704605554,0,1704546930,1297283907,407263023,-1,pbsm,dj,bnlj,repj
TIGER2018_EDGES_data_big_10.csv,TIGER2018_FACES_data_big_12.csv,77437361,57567488938,99.115507177,77431392,987307984,280.568744468,77437296,43013522253,60.17511754,77416670,53817621928,53590225570,227396358,180.029484726,dj,bnlj,repj,pbsm
TIGER2018_EDGES_data_big_10.csv,TIGER2018_FACES_data_big_18.csv,0,10622655,-1,252491,818995,40.653383548,252874,66662916,27.823965063,0,509423148,0,509423148,-1,dj,pbsm,bnlj,repj
TIGER2018_EDGES_data_big_10.csv,TIGER2018_FACES_data_big_19.csv,0,66597945,-1,415478,1521094,34.4620425,415944,234874813,26.825934765,0,360000756,8316,359992440,-1,dj,pbsm,bnlj,repj
TIGER2018_EDGES_data_big_11.csv,TIGER2018_FACES_data_big_12.csv,12390552,34722194578,56.520659016,12388011,88126421,38.729357936,12390539,10771276853,43.749864666,0,4169582387,4043251077,126331310,-1,pbsm,dj,bnlj,repj
TIGER2018_EDGES_data_big_11.csv,TIGER2018_FACES_data_big_13.csv,59916535,25905800575,63.218587898,59910831,828184095,70.190419091,59916510,24610066107,51.988049161,59903797,26051521665,25965717105,85804560,100.449079199,dj,bnlj,pbsm,repj
TIGER2018_EDGES_data_big_11.csv,TIGER2018_FACES_data_big_19.csv,109387,253432448,63.274245647,109155,327619,63.348386908,109387,87374653,25.106894246,0,199995800,0,199995800,-1,dj,bnlj,pbsm,repj
TIGER2018_EDGES_data_big_11.csv,TIGER2018_FACES_data_big_20.csv,410695,185720532,35.370793061,410471,1779169,51.849470159,410687,155180081,26.746491317,0,257307662,158794467,98513195,-1,dj,bnlj,pbsm,repj
TIGER2018_EDGES_data_big_14.csv,TIGER2018_FACES_data_big_16.csv,70605979,37376847456,87.249744937,70594961,1032118082,277.963686791,70605949,28518831317,51.948032791,70567171,32288180758,32076758899,211421859,163.40802601,dj,bnlj,repj,pbsm
TIGER2018_EDGES_data_big_14.csv,TIGER2018_FACES_data_big_17.csv,0,53156791238,-1,90189411,867204813,56.249575148,90215447,48680895315,61.903979745,0,805361236,212678343,592682893,-1,pbsm,dj,bnlj,repj
TIGER2018_EDGES_data_big_14.csv,TIGER2018_FACES_data_big_23.csv,0,95511917,-1,196007,768438,35.552930351,196245,52378310,26.548892578,0,261550865,2654040,258896825,-1,dj,pbsm,bnlj,repj
TIGER2018_EDGES_data_big_14.csv,TIGER2018_FACES_data_big_24.csv,0,222587943,-1,539693,1790080,33.785009653,540163,261511227,25.023030347,0,611683325,0,611683325,-1,dj,pbsm,bnlj,repj
TIGER2018_EDGES_data_big_15.csv,TIGER2018_FACES_data_big_17.csv,0,50576986219,-1,98441266,919668129,57.271078307,98469921,62004841287,69.165725284,0,6778864256,5862899785,915964471,-1,pbsm,dj,bnlj,repj
TIGER2018_EDGES_data_big_15.csv,TIGER2018_FACES_data_big_18.csv,0,84402035125,-1,147496194,1613396680,86.476029134,147527135,101017310597,100.304289126,0,14197881734,13235638010,962243724,-1,pbsm,dj,bnlj,repj
TIGER2018_EDGES_data_big_15.csv,TIGER2018_FACES_data_big_24.csv,0,619502476,-1,444587,1412820,58.942551605,445171,186545446,22.517876789,0,945328775,0,945328775,-1,dj,pbsm,bnlj,repj
TIGER2018_EDGES_data_big_15.csv,TIGER2018_FACES_data_big_25.csv,0,59648709,-1,731870,2441219,40.537365501,732712,525874861,27.22429247,0,1338603630,0,1338603630,-1,dj,pbsm,bnlj,repj
TIGER2018_EDGES_data_big_16.csv,TIGER2018_FACES_data_big_18.csv,0,41018103689,-1,57056380,493630098,47.591508891,57072295,36041372531,56.416076418,0,2011795583,1332564719,679230864,-1,pbsm,dj,bnlj,repj
TIGER2018_EDGES_data_big_16.csv,TIGER2018_FACES_data_big_19.csv,0,42921066445,-1,120716030,1807947444,58.152593381,120734931,81606283332,85.332672265,0,21035649954,20555660034,479989920,-1,pbsm,dj,bnlj,repj
TIGER2018_EDGES_data_big_16.csv,TIGER2018_FACES_data_big_25.csv,0,209783323,-1,338840,1314248,63.590348434,339192,103864624,22.568285656,0,945691147,794467,944896680,-1,dj,pbsm,bnlj,repj
TIGER2018_EDGES_data_big_16.csv,TIGER2018_FACES_data_big_26.csv,0,140104844,-1,296026,1940283,40.132309397,296082,218782743,25.662493432,0,357757681,309577,357448104,-1,dj,pbsm,bnlj,repj
TIGER2018_EDGES_data_big_17.csv,TIGER2018_FACES_data_big_19.csv,0,49584458640,-1,24148904,222927860,41.987119195,24154244,20863683285,48.632960033,0,4028621891,3788626931,239994960,-1,pbsm,dj,bnlj,repj
TIGER2018_EDGES_data_big_17.csv,TIGER2018_FACES_data_big_20.csv,68193811,27209811272,67.900494716,68185720,1005658562,48.213802607,68193781,25330168425,54.880278014,0,25329622787,25211406953,118215834,-1,pbsm,dj,bnlj,repj
TIGER2018_EDGES_data_big_17.csv,TIGER2018_FACES_data_big_26.csv,4554,26938549,55.912864792,4554,19927,36.122955872,4554,6702907,23.353656293,0,178724052,0,178724052,-1,dj,pbsm,bnlj,repj
TIGER2018_EDGES_data_big_19.csv,TIGER2018_FACES_data_big_23.csv,31266406,22346428904,62.623528465,31260091,446800184,44.775198707,31266388,15903347859,53.827042734,0,11172468914,11101860689,70608225,-1,pbsm,dj,bnlj,repj
TIGER2018_EDGES_data_big_20.csv,TIGER2018_FACES_data_big_23.csv,56750287,51450250337,87.524386051,56735832,887429436,53.368962707,56750248,39431091895,49.38585253,0,17192334912,16980510237,211824675,-1,dj,pbsm,bnlj,repj
TIGER2018_EDGES_data_big_20.csv,TIGER2018_FACES_data_big_24.csv,0,54048352313,-1,81083040,855981146,56.424096598,81095879,38029951942,58.65051023,0,1700186085,1199717910,500468175,-1,pbsm,dj,bnlj,repj
TIGER2018_EDGES_data_big_20.csv,TIGER2018_FACES_data_big_31.csv,19584,7463538,27.853015626,19538,63617,30.146940221,19583,4970432,20.781823117,19583,66432672,7483122,58949550,65.319235957,dj,bnlj,pbsm,repj
TIGER2018_EDGES_data_big_21.csv,TIGER2018_FACES_data_big_24.csv,0,61384425604,-1,122780064,1327191770,57.8199258,122815061,79572938739,91.688790702,0,2500034053,1165452253,1334581800,-1,pbsm,dj,bnlj,repj
TIGER2018_EDGES_data_big_21.csv,TIGER2018_FACES_data_big_25.csv,0,89081400153,-1,206291500,2100655178,84.171603828,206340648,123213897800,139.462024199,0,1889841531,48171,1889793360,-1,pbsm,dj,bnlj,repj
TIGER2018_EDGES_data_big_21.csv,TIGER2018_FACES_data_big_31.csv,251351,295520028,52.401232568,251081,831228,33.026717512,251345,119636249,21.308556047,0,255922357,98723557,157198800,-1,dj,pbsm,bnlj,repj
TIGER2018_EDGES_data_big_21.csv,TIGER2018_FACES_data_big_32.csv,0,0,-1,620953,2149721,35.664810478,621649,477232195,24.988574054,0,1129390739,14353379,1115037360,-1,dj,pbsm,bnlj,repj
TIGER2018_EDGES_data_big_22.csv,TIGER2018_FACES_data_big_25.csv,0,52734780400,-1,89062672,818508024,54.419388901,89083477,60060900484,67.747248715,0,2627325856,1682429176,944896680,-1,pbsm,dj,bnlj,repj
TIGER2018_EDGES_data_big_22.csv,TIGER2018_FACES_data_big_26.csv,0,63361304873,-1,103021944,1670586726,55.570778279,103038110,65623804269,61.320247405,0,24561150969,24203702865,357448104,-1,pbsm,dj,bnlj,repj
TIGER2018_EDGES_data_big_22.csv,TIGER2018_FACES_data_big_32.csv,0,235838175,-1,183479,581409,62.831006518,183775,79057345,23.342838932,0,557573776,55096,557518680,-1,dj,pbsm,bnlj,repj
TIGER2018_EDGES_data_big_22.csv,TIGER2018_FACES_data_big_33.csv,0,88081346,-1,239833,887162,36.413787863,239995,115554965,26.659514699,0,640158327,21955515,618202812,-1,dj,pbsm,bnlj,repj
TIGER2018_EDGES_data_big_27.csv,TIGER2018_FACES_data_big_31.csv,24043918,21979254787,51.170136635,24040897,313808564,34.277519758,24043904,12037540270,44.036301922,0,14059685264,14007285664,52399600,-1,pbsm,dj,bnlj,repj
TIGER2018_EDGES_data_big_27.csv,TIGER2018_FACES_data_big_32.csv,0,57974841599,-1,87781705,1118006308,50.305564795,87800643,75402078623,72.353007228,0,7418218159,7046539039,371679120,-1,pbsm,dj,bnlj,repj
TIGER2018_EDGES_data_big_28.csv,TIGER2018_FACES_data_big_32.csv,0,40523678353,-1,85942767,975664414,71.182522743,85962920,65455869352,72.604943683,0,25858607326,25068789196,789818130,-1,pbsm,dj,bnlj,repj
TIGER2018_EDGES_data_big_28.csv,TIGER2018_FACES_data_big_33.csv,0,38427368498,-1,173653972,2305445947,59.800258452,173678782,96751935239,105.596297246,0,23328912831,22453125514,875787317,-1,pbsm,dj,bnlj,repj
TIGER2018_EDGES_data_big_28.csv,TIGER2018_FACES_data_big_40.csv,189643,99613210,85.410528238,189445,796299,50.601165907,189636,82789137,21.848068205,0,304673315,57675725,246997590,-1,dj,pbsm,bnlj,repj
TIGER2018_EDGES_data_big_34.csv,TIGER2018_FACES_data_big_40.csv,41534720,22980928843,59.53662747,41527761,914028869,39.89997866,41534687,22279098548,59.17562029,0,14619230627,14575642817,43587810,-1,pbsm,dj,bnlj,repj
TIGER2018_EDGES_data_big_35.csv,TIGER2018_FACES_data_big_40.csv,12358619,6829673218,36.113442845,12355872,108843887,38.446202453,12358609,4246868215,34.621031131,0,2267225501,2238166961,29058540,-1,dj,bnlj,pbsm,repj
TIGER2018_EDGES_data_big_35.csv,TIGER2018_FACES_data_big_41.csv,15208000,3461856109,42.728950986,15207043,200201803,36.113163493,15207995,3477064109,43.307509621,15203736,3485814759,3477057055,8757704,62.155874635,pbsm,bnlj,dj,repj
