129444,112193,325316,236481,273666,294018,295547,236632,163654,176277,117498,135186,159780,317003,291855,375765,451616,488938,241662,297992,186861,217985,209256,74756,51325,204942,234706,276883,381110,327774,382202,435737,609714,620592,995451,717482,330968,807812,750150,311970,228391,218410,361988,225028,411020,178896,197127,514728,262489,318256,203659,226553,405128,215939,815517,468168,618034,794221,492677,236400,510027,539620,346306,288406
221896,225772,481254,573152,384213,462893,401299,315023,220621,260314,278816,282438,359831,1046022,764694,870050,1223324,847738,417280,321129,331153,434537,362720,391922,403018,304923,388449,410664,703697,551773,359634,542546,242453,852475,1157593,1028307,1538113,1736294,1908179,1246305,834885,456593,543449,404912,430228,469957,440814,774329,1080214,531804,474867,696682,670078,943596,1929723,1593626,1303207,1067766,898315,842533,851158,934348,959235,359626
309819,326446,282534,330052,466950,1072371,206914,222798,241004,302756,323570,407624,455784,1102401,687212,830402,1092098,856690,578814,420329,347856,405810,328476,344788,268458,315161,383371,394596,551267,777619,357655,229001,168059,247805,668552,994831,1433697,1547763,1583931,1542188,1760649,1183216,788802,641372,568990,321302,534457,720225,1057230,632399,603981,595800,652225,1124535,1559457,1578137,727034,581708,612127,693194,886190,775118,850127,278529
182232,267036,433947,426314,501934,2625025,294367,154128,229064,334960,227064,263187,353526,642438,855654,510340,883196,532626,418302,302923,439259,591840,348266,550560,402170,262162,301187,274603,703464,790177,324032,254976,258276,639201,301398,592873,1098137,1624028,1404575,1775363,1417838,1438350,475213,750106,701430,490008,430287,579731,479987,520587,619590,559661,888086,1309933,1456758,983888,583013,346002,607891,790624,870795,733290,623967,563236
272100,436103,434618,363890,541508,378151,526760,371508,337549,307333,421160,306011,428487,539709,540835,465023,437183,509911,654322,448277,438626,603567,391490,336320,314483,280228,323935,409202,324114,303382,163157,171538,205523,1340330,858103,257375,326050,1434114,1425194,1855592,1476931,976016,604210,668478,433614,452095,813092,515903,753628,814657,447982,541103,627988,591586,550614,644269,622056,412414,542347,456917,710940,450351,919988,245031
139510,241535,628995,665536,307682,312445,706330,670355,256382,278586,340234,615400,549536,578253,467801,461515,528134,697394,517886,506410,311448,271190,287637,346468,307787,271552,258938,278814,249610,256908,312562,89501,231426,681275,859737,244492,485122,1385855,1430024,1641701,1365329,825815,731626,613496,588706,670225,826986,1462904,1135726,930635,551636,590122,578301,445585,535783,1445552,616826,403403,528060,607468,388458,782280,583670,530887
187011,307976,757787,465172,509425,374595,513263,446503,455915,220952,381539,483112,310045,441746,480358,593691,744075,422050,1124991,426018,449417,366789,330522,291392,220461,434538,298661,272327,250966,587739,871994,596994,184581,220534,442245,240719,1428211,1470438,2028585,2072165,933768,609619,724091,602067,475789,798254,1406726,1385689,1125754,747890,703122,898060,496746,495382,621949,841472,697561,739989,605092,562359,695030,615542,462651,377301
318639,301044,498617,235459,359661,369189,727756,629323,400661,843849,412100,440835,447206,580012,859270,659312,608769,693694,1251273,609152,441917,517903,451257,219132,300812,443129,263573,185039,788332,1015503,1107400,982220,923453,361523,190650,776470,1772979,1449205,1804195,2016054,607823,481655,869915,641429,607417,1218222,1658935,1663458,877145,726414,672460,595498,574545,507520,560129,667851,724071,653981,765917,962913,954886,652921,1221520,226874
394403,386543,297797,317858,296975,598458,504966,495044,494666,623872,400441,581984,560562,554192,884633,549075,883408,1304859,647396,739978,346167,716260,504001,533691,483078,325858,271502,400425,1194107,1446158,1118101,990487,1196739,1127767,539963,1088628,1630908,1614726,1148819,964946,541258,486955,594536,727805,987635,1330807,1053757,937416,682179,701290,666422,804465,739419,606014,545084,567500,609488,777627,585912,1054470,889598,591566,623428,246659
169340,174646,282393,504902,1191784,1080189,960035,757091,315029,536113,548525,583063,497446,475546,573787,580004,760085,768407,495588,457236,404655,786585,600729,510787,434318,351865,263046,624697,1199066,1011760,904920,1417221,1472539,1348043,1111218,1064668,1705424,1165625,528792,714678,996189,800033,523680,804099,1078829,1169372,958028,633338,878597,555081,848200,975158,864136,807664,742126,574136,769887,1045830,986036,1136430,860307,1699670,998118,382851
204482,166988,393975,610042,902367,729747,833191,606384,264296,780613,631533,599025,658286,447256,657705,418304,523748,739976,411783,387487,503717,466139,849762,496570,526753,396042,650367,1287165,1202111,1473499,859849,1397584,1923359,1642021,1232559,1176864,1053113,1201763,1017922,838322,787830,862798,633391,919230,906383,1387214,735790,755684,580399,607810,1305804,746935,654317,807029,769197,650657,706243,627845,707911,876835,837836,1837550,1066474,240621
147534,242827,662067,579182,473638,431117,901751,579887,337161,313355,696939,501900,475870,485797,480494,643027,585600,609036,292995,307078,447090,419513,457619,669883,606526,858062,744918,1156951,1427039,1405085,1556048,1322511,1772113,1157916,1584319,731958,1000684,809029,694691,835601,926019,817155,725179,414283,788668,1088608,934709,896968,1157023,476899,702286,802355,582504,762660,654947,503019,741386,830262,831098,580073,837478,908609,680475,195356
258224,644117,285623,504047,277402,266014,620892,335736,231746,272508,370348,393876,250705,191044,334028,786633,564452,385641,351380,416157,391491,462671,597985,861871,558608,668730,706965,874656,1247203,1033660,1223690,960935,1471569,1505977,1378184,819649,603551,621015,598198,1299080,937412,685633,844883,493409,617333,662955,614067,363990,1045494,545032,581543,605616,594830,601431,711539,386140,652086,606866,722559,586077,717376,807791,749604,215892
287914,276394,253840,310091,297674,180308,435389,339981,219502,267341,265407,291136,278997,289196,314390,540597,643147,397138,452200,406578,590795,443742,610087,543165,664759,752425,752244,1099776,1309970,1110342,1287879,1138905,1479569,904176,1045124,613158,802146,517518,624085,678084,631096,438656,568644,933020,662468,1110831,531740,369386,1381294,1776559,1214651,1500645,1178952,877950,905374,654895,640134,583653,921740,349770,643752,624686,792402,266900
211409,386935,291285,306049,358710,310913,274621,317088,151341,383832,334744,248785,479645,255962,412682,384976,305086,279676,294644,327557,467290,610066,569165,570371,870383,652090,864444,1354842,1470906,1259110,1325147,1067549,1723359,1294830,1318816,804396,565079,531448,766204,781119,663424,478353,996932,1400581,545304,789174,678307,548538,1099547,2035167,1814657,1432695,1033410,588676,442441,504795,846536,662759,592282,386907,459617,160108,909734,311686
261192,663983,395903,271894,437693,535844,276619,268734,162485,150140,272202,365792,265986,321213,403922,602411,443118,460050,456745,356935,479858,497877,470865,604397,782402,1002302,842053,496085,807874,849144,1001728,1834498,1690118,1765895,1211957,730725,502977,693199,1427339,870003,527551,475211,1421027,826285,575546,534371,638742,735803,1171331,1710127,1882022,1378347,986795,630862,640207,476188,640032,588894,631673,430555,426404,143408,575113,519837
473735,659164,464008,301179,144177,646106,555144,397144,269840,206179,398718,1027352,257818,541668,654158,728075,431698,490283,765095,1160179,870256,254784,758237,854084,883075,914001,977000,468757,1072341,1037742,1276485,1455850,2355762,1709365,1171903,607119,1266630,1088148,1253630,818136,523512,1398439,1113206,1109596,1568134,1632788,1682576,1781987,1424019,1569498,1326929,1094364,749879,1460419,941984,866467,569006,437683,506090,390217,435619,239486,785105,355972
290993,198363,154773,171364,283929,936258,799935,488842,302469,289521,323620,1087157,434140,371296,430395,761399,408106,522229,592647,464725,759711,306662,904709,828420,936133,713792,849779,621319,1471751,909676,1317951,1381109,1129781,525038,785967,1311054,864417,786990,871928,833488,436628,960817,1100428,850435,1530159,1380111,1921373,2013261,1359538,1421589,936037,1310754,956907,1240932,1499730,600834,574151,516447,452101,312819,803936,308801,1037901,804604
395840,379183,299155,118436,677742,839881,772191,952863,446615,611725,549737,1465311,925264,491180,509642,608557,883350,771393,627820,616076,380447,582160,1000890,950165,886052,668849,717870,921802,687969,617405,305955,401691,1137926,577432,1092427,971201,1099290,1112578,1062054,1501965,517183,555337,567273,784607,1755776,1632490,1184907,1413882,1350370,1242148,1220761,1020068,1057906,1492170,1407168,713620,513438,798729,949125,451414,512471,233534,456317,494245
432393,668050,486229,317065,1050901,944154,798338,1125527,828559,548429,637131,579633,1000548,433918,401122,555825,598030,733154,762652,649544,609702,481717,570189,1191250,791955,919194,520503,680221,774129,503029,601737,1267474,1557936,821721,2351831,1622063,2156592,1345118,1404404,1644604,763349,915063,744594,1034615,1498173,1680591,1692356,1334899,1978975,1657438,1436777,1101395,1124919,1535993,1231835,422565,496036,384812,643281,475996,313922,190436,491160,124527
474456,954391,286908,782163,744724,875513,836105,870583,384072,468387,393708,235328,928339,497098,495065,601682,537922,741597,1013592,586606,826170,560189,292145,942757,716598,940708,566813,628100,615008,1148238,842417,2456842,2107765,2080074,2404802,1650172,2035980,1504389,2335083,1102835,645732,706488,493353,1364300,1550247,1724038,1773239,1730853,1714054,1439586,908815,1049755,1318107,1360742,1533707,544419,387482,347266,573539,669830,402587,342813,190912,201022
299839,768549,378730,611589,699924,302714,538221,538173,584784,516184,868286,1251253,1043612,405462,415549,750502,639441,1055347,1225629,725863,639973,548579,582681,691806,722798,1035728,811352,744106,2035388,1593774,788250,2120511,2418946,1905270,2169514,1751243,2564932,2461718,1919531,1134441,917728,922545,358758,1392274,1583116,1269714,1538037,1884364,1935403,1585311,1231538,1255229,1610509,1499907,1274918,781857,777614,490601,637193,650526,652614,620857,330822,135691
749192,719877,479488,560039,560958,344628,412896,842167,460880,567837,868485,1006644,1072111,394058,465236,579961,555162,819711,748029,579436,716965,504144,890460,843160,619054,1396908,1128297,473432,665550,751584,764458,1612708,1930171,2347879,1966964,2080047,2084298,2438173,2526923,1315580,1257562,784314,710821,1512127,1042055,2052812,1819073,1865753,2148107,1917094,1192424,1392055,1173746,1358888,1142804,766660,779909,352567,366985,287705,400659,299948,442399,80008
601427,1147042,549295,703485,450241,338768,965745,794583,574675,557172,532089,523957,889775,395920,470262,518940,585389,619058,367399,440755,629298,827641,1524445,639447,601339,789266,682602,484933,471059,592217,1100447,1362288,2458344,2145072,1912054,2493871,2048507,2778178,2309281,1866376,1559700,1282330,632511,1030248,1623578,1770332,1887213,2226709,2015695,1911970,1249792,1234578,1181159,1360974,1358234,1043156,435218,246620,183689,183787,182628,396413,326356,34161
568288,691416,563023,539167,345362,620587,928627,1119963,633461,675828,908808,1100411,612742,379320,446590,559138,531094,683781,999902,804200,1498288,1118626,1157439,924546,776722,778742,743019,409369,470440,756444,759868,969900,1546564,2005448,2005282,2663277,2979003,3032898,2498472,1904948,1968055,1779875,656371,707359,1419463,1567973,1424410,1119910,920257,1124808,1574795,1342116,1116948,1371601,1215026,851114,194802,123555,184020,149972,181497,409462,275220,35815
320387,374977,338866,80968,329923,671403,1085708,1095868,965249,559402,773013,932736,892402,472003,437434,629000,884444,780808,1127373,1516630,1270543,1353843,1147334,1256085,1434768,1703637,1337206,1045652,1250627,820894,869914,1068947,985419,1570692,2334981,1994472,3692162,3127655,2095115,1448263,1293497,870628,685844,608210,576771,429153,413519,409325,755420,1311864,1319614,1706373,1388234,1463638,1453864,493635,139801,145225,198741,137587,252248,637856,611579,126049
396095,339358,207274,152033,356949,632210,837232,1164238,1241292,388304,526328,760346,693131,450278,336259,548173,671231,925038,1258703,1514842,1427962,1739924,1447009,1668984,1559654,1462229,1709589,1155941,898222,636314,835230,883205,1112713,1216073,2528976,1489724,3832000,2891321,1938073,780412,659652,585165,747531,941158,1170033,823095,1634857,2008646,2270364,1830909,1444530,1648470,1566065,2076202,1435968,283427,153672,138869,165080,398917,298092,432363,694294,109980
283638,316932,424751,246464,114191,318424,745271,1131003,779052,522975,224750,364643,876317,813909,387792,407440,900199,712096,1158292,1559436,1591210,1750609,1349752,1521495,1686522,1225641,1408417,1258256,1241990,683831,843918,809217,762664,1081974,2091397,1643339,2197259,2590663,2442226,1516668,951701,591138,633679,449741,1297318,1931736,1850005,2309596,2541330,2216770,1940160,1514413,1913090,2264347,1581659,394951,173848,158801,163217,253823,206835,495194,481976,168586
158551,358900,245369,193548,399658,556944,113309,925759,853426,551728,158002,194038,601243,673743,467530,810986,605433,785735,713619,1812470,1442562,1628310,1438082,1658721,1964760,1755667,1388899,1482744,1067068,716237,887352,677916,791218,1186511,1343195,1689996,1183022,1822534,1895588,1271282,841278,853148,624443,454625,844379,1750853,1703853,2286260,2272685,1885593,1645436,1764067,1925133,1888679,1801036,270863,145825,296587,216396,265038,420433,544983,591759,109110
352618,318458,334141,278888,366703,539486,733972,879460,758890,669440,254644,194211,389467,597374,718750,557578,775032,536941,899971,1162143,1674935,1515059,1632933,1645018,1511965,1810429,1615762,1181504,657719,862282,645787,756785,758016,1064393,1014668,1299105,911380,1702765,1550392,1173439,1141606,1050757,420259,554641,688836,1556867,1562034,2090327,1691020,1430172,1055198,1730025,1895372,1545402,337225,149047,164732,187507,208623,459262,279300,490276,609953,214188
267362,407614,432046,602217,413709,536751,856343,1020629,1024146,713265,349293,258363,306653,613416,1124195,812595,727882,802329,1223077,1461261,1577609,1706718,1529381,1469128,1591704,1506209,1696380,1157815,916810,612666,680239,537204,808953,801797,1017134,952478,744834,1146956,1168265,772550,881143,636231,632041,370983,658250,1225110,1602099,1762769,1720500,697872,217855,224509,177583,113897,106129,183495,200838,192161,254691,221921,1132058,1156785,632828,147528
327732,571474,661493,391295,415062,621234,630001,699839,705245,690232,316237,274850,343043,456411,1464123,1145619,1115728,1240932,1447569,1531321,1850668,1754401,1461572,1501810,1540452,1622693,1496774,1310184,816424,334845,425490,820355,598034,617133,830216,1175315,680032,663562,633669,585904,617318,655777,373998,548350,579872,2045859,1469214,1630320,1551806,269901,308139,204438,115694,182761,185027,276378,644845,919555,779776,954295,1035401,1040166,222847,166188
473292,530133,572137,470156,349265,354325,684469,618104,883161,1232535,344498,710048,305363,246247,1368506,1125238,1583788,1352515,1771649,1801873,1838578,2081401,2008645,1893678,1638812,1381199,1272700,727977,764481,485678,360543,655553,484726,609920,537225,759642,595685,391061,690022,493688,722771,738434,731318,470615,487484,1522072,1616918,1731953,1621840,314365,276520,266516,289230,289928,812378,781113,997324,652582,718120,525564,555284,315085,335854,96219
284398,709716,702273,561581,487352,392088,967568,691702,914511,613126,357053,408702,301646,235845,305080,471540,1327339,1165436,1137195,1453135,1688133,2068197,2121724,1740635,1610290,1728270,921039,477214,409617,440744,484862,661961,722356,939685,1560247,768695,557208,611436,1653656,565183,1207585,836400,1006935,591970,669819,1225946,1468324,1953727,1111289,169325,278246,248344,418407,421092,1115030,495343,440595,412894,283139,412620,525397,418556,335535,92804
88557,517822,372421,184578,359354,495691,759427,791718,830350,604002,306791,272363,287247,304396,161253,216718,604754,597649,790967,844622,1128397,1428138,1082300,1021064,1524774,1781846,962488,528971,419954,494443,481633,543393,428673,601225,617420,756552,755767,904381,1494479,819195,497367,648898,544549,621067,617054,1716307,2007638,2222005,2303042,1084723,435197,1188364,1344903,945181,544318,458258,380364,474628,330422,355764,692710,435690,373965,69962
213921,546180,418021,198369,407126,365254,507738,923481,902014,440422,431203,444734,328169,554946,264992,133468,373779,148033,108434,136752,337601,1057667,1215343,1260693,1766780,1818156,648714,554643,582865,705847,427878,635632,440604,538904,784491,529653,746951,760332,1207120,1359512,1387428,1204686,708155,562946,527431,1629480,2011288,1989011,2018166,1544043,824032,938040,521417,684936,551084,355095,376281,440021,551463,654217,811508,332311,416786,69233
279413,462742,403967,353264,355258,368749,400546,277850,826871,920050,961983,796633,929061,1790443,619826,374811,130296,230625,271926,242363,265364,885985,1217923,1214115,1726507,1780548,924460,509105,376445,860423,290313,264902,235966,381433,753116,577490,1035009,891001,958572,1624539,1364918,1681463,1443054,706638,374837,1137757,1478081,1546067,2107388,1266947,1230147,871923,611526,827289,510842,409549,348142,578676,665823,795056,467978,786113,555592,155954
100771,258712,194168,383341,388534,169967,538822,583975,625878,998344,928337,1374942,1678778,1506075,183289,270575,166245,236394,252800,346154,203636,598215,1502970,1332693,1402099,1217838,919351,127514,333821,787417,265540,214099,355352,201550,881496,702032,566230,727159,644312,1535040,2051642,1481022,1307191,388352,1067957,891486,1020957,838514,1219407,1057929,636682,825069,894557,739914,1532050,647136,479336,819885,654145,740689,743241,794366,998295,182533
292788,276760,410316,528905,424717,107821,479940,998630,994651,1063824,939861,641236,868777,229428,71075,242608,357121,391833,361371,342983,342609,239607,325708,345591,1153014,785333,253632,137467,112098,234113,173074,101143,157486,511918,1390685,1232287,464062,555140,789397,487705,771816,246252,265060,427419,855431,162624,155973,781493,1145069,718122,839880,1024410,937950,1166250,1681080,592230,799363,890975,731664,856409,728082,700011,915821,261441
313518,344220,228600,277211,178202,182669,210725,943372,1051231,1169261,320112,185450,180009,123480,53664,122598,173481,179089,407795,191481,163684,332849,140595,115470,188876,179478,152024,107710,65500,141286,185509,106264,144184,699654,1701378,472475,397282,600053,735289,312399,547547,164604,171661,426012,218804,173290,158800,521997,1112544,910707,877075,703952,1050329,1086239,1020519,772430,692819,961567,1030431,939714,660673,872862,846565,363154
326139,310289,390730,321227,241200,141992,112583,255882,173343,150797,158706,208366,132763,115462,99101,343136,145107,65419,125698,127000,156104,193091,153068,165398,332505,125577,217672,116797,120233,153863,173351,142111,177476,389834,391316,193061,298207,584899,727475,682863,330560,243315,106260,213910,197083,253940,183781,940894,891061,580955,595230,933746,437505,755524,718758,679392,542512,557473,537035,599681,1016077,1371675,1211370,293548
241164,334430,368368,386176,246969,120112,188711,195061,227796,169076,147334,145177,135313,134400,170098,182704,107278,124793,96440,148969,186609,242080,1376833,1463065,1136589,182244,251563,78189,100346,139865,245896,313098,274540,1119756,1540779,808023,916499,982585,953901,1093548,761471,169973,180952,154764,442428,853169,850719,1402217,982296,746678,586664,799571,547931,568857,624045,736582,459457,727130,868825,663501,1075078,984499,966426,438179
176381,284502,274080,302453,264785,153195,142016,150104,116227,173979,160339,267818,229198,175950,89347,93061,104130,136745,129574,603020,793821,998352,1468999,1643312,1409935,305277,588543,577399,168255,137693,174103,376057,1058901,1537007,1608545,1324130,1060804,1184671,1102346,1213619,235504,154485,200688,321998,1123017,752673,1110927,883200,502675,513308,380074,530678,496966,582523,464969,687453,445408,924202,1224468,965292,1078190,1308937,1367164,398563
124605,308675,786793,1229661,959222,702794,1056913,1646376,1069412,434557,202964,167606,190425,101301,97440,77996,137439,175703,413378,588751,611608,1116603,1509601,1699222,1375896,691833,1265827,1331780,163760,124878,599082,1388830,1570269,745442,751015,1124632,852821,1002565,1235817,720217,210019,192215,784666,1011456,687037,447626,723087,462802,674215,429602,636486,623473,468003,668823,559510,661574,484898,956966,1120623,1088919,946853,837917,775442,250941
287680,762677,1159694,977759,817238,781157,441384,1065146,1220404,567003,157376,274493,345970,236297,242080,174781,145922,336358,1136475,659079,804675,663637,1160312,1368173,1001992,930571,1960151,812718,160754,644560,1319284,1122606,399247,275320,1249738,1482836,1080954,530398,563193,199821,201081,363609,1271327,1134771,523751,380826,596244,449804,513370,642872,591326,701340,675835,663040,566185,655518,624392,1258493,1254447,843875,506630,575981,504836,187724
494655,1123889,897165,678833,700516,1063111,998678,937328,1018591,538612,206258,174781,298689,249319,151772,165221,196635,213090,1467827,667780,769293,213779,173043,263615,211250,850454,1806058,1238004,958028,1498029,1413860,1083465,1250623,1314898,1932508,1780129,944811,446614,637405,96696,272491,1114257,1269197,988365,398177,553449,476677,345541,328546,454781,866266,683454,628956,440687,551399,887698,786812,1098519,1227786,715931,866284,732730,544082,190277
545230,755328,755469,653476,486909,692623,749421,552792,729678,505676,290804,331155,369918,251891,309687,316508,227799,210186,1468367,793772,180427,218482,305416,496443,246450,730689,1328260,2141071,1815339,1551972,1432036,1109711,1448115,2068395,1320833,1287534,645587,426964,320518,314833,323483,1566760,1364931,714746,344094,504236,751315,225616,263024,766689,389503,555342,511796,480921,475328,689354,339152,847974,1585545,1809438,1548907,1183075,514354,216188
380706,512306,363323,222125,634285,511779,958245,1087369,883066,550664,183112,309752,313016,295752,256122,1144083,296086,205087,309631,225267,322924,491802,844844,1089720,220036,885530,1569495,2201024,1823931,1321009,1339433,1622734,1085732,1631246,1291925,1107215,598162,549560,558731,491558,328046,840787,1513285,1223812,765459,328930,388031,548694,610879,799863,788129,732233,660129,349271,271679,359448,339892,759513,845322,1201312,868076,598304,482091,356291
307088,455958,710821,506939,700581,526709,998207,1286393,499480,374665,460166,574138,433038,191576,292227,409871,280382,191696,211269,144548,196263,273332,550283,590867,237504,280178,334382,268203,481645,726222,1157576,1277618,1010665,1543046,1144421,920732,725603,900928,656771,300736,389597,1077384,1047918,1123258,1341392,407853,260562,210994,365081,780087,822450,1024248,1006029,880615,622233,276948,418523,500652,472353,512136,327815,377998,334097,96295
310825,449332,465834,709988,649459,630433,692106,471620,267196,208177,246623,297991,220406,220822,272309,479418,192201,151140,186123,159544,34556,157128,328889,399822,375776,189306,240851,297399,257859,854439,1414830,1733939,1704321,1969467,1730775,1586870,1116655,1514383,1770019,861596,733918,566160,472629,1047903,497828,336542,353420,194036,256158,170576,159262,481498,630516,312587,395220,585105,528381,532129,583709,935974,1105559,1180110,747541,136777
320946,476565,493645,393614,597268,479407,528845,427065,130261,217386,325522,310582,243741,481909,271514,538596,241809,247141,189792,160866,180041,120496,155515,343601,274931,270930,341516,443966,310034,985577,1160330,1587073,2036587,1710593,1674068,1088665,960885,811971,1309930,785375,696238,598740,240655,367787,874489,596472,300517,633931,436899,328186,174112,613067,390080,574155,439362,959330,792810,602489,702395,1115978,1106645,631152,503104,233944
365557,583376,375152,396542,162562,133536,74718,165452,124006,263189,369201,304675,199825,242275,270375,385893,221391,248676,157128,211580,206152,313961,332900,364343,525156,902925,315302,265983,252769,488427,634914,1478562,1140581,1870951,669223,617300,450696,651310,807507,980906,1328075,1159203,631231,267339,313920,709673,935371,465868,435746,1759143,1642882,1546641,1030797,759583,1656424,1191066,655247,741980,768818,1525764,1903364,675459,617621,186930
223286,784689,565397,662194,299678,118246,127798,160961,158339,209484,455581,362785,291954,219021,279726,345829,254697,457415,196198,193195,162973,226617,193498,148744,311578,266145,332125,587095,207990,527359,610973,1193398,1356779,1278526,339879,362004,449344,610813,659390,761951,728055,1414740,420090,120455,222854,437882,524969,390799,242690,686551,473700,802742,1030822,578646,1035141,945525,951037,708435,608884,767300,1061635,550881,325695,65948
507795,680927,837284,510906,330167,168912,158002,145242,144760,263038,259500,270084,312297,250388,198413,173740,253140,371257,186265,274494,235873,259210,202529,229266,544042,236295,326214,693694,238654,784536,604585,953555,1187822,623775,321992,283520,427115,335709,440688,612792,1048828,1759024,476360,204022,278573,319530,343526,323470,950379,983937,1034235,849498,473583,574272,442389,1298604,829215,453038,1683239,1617031,1219197,807058,913224,235079
222174,673193,770241,727806,422000,173769,173410,180262,165591,197621,167407,210095,258218,134122,244694,205749,348244,251259,188219,207663,155372,229750,256372,195592,128208,251220,187261,226314,293475,784707,926286,1435658,1039843,707680,370325,276058,353512,387458,494754,1076872,2205995,1871419,1069532,171278,272457,268007,395662,375752,357146,1033368,1620595,1778125,1329583,966654,884356,1517280,846361,1109649,1538598,1404329,1610641,1073219,1246072,314939
439824,766869,749553,725135,290018,179048,161935,292091,192144,177242,273850,165746,101177,163056,233993,228687,256691,308229,157509,146289,130118,115962,321049,191200,178232,158809,171420,209692,281655,797799,1402000,3009618,1139000,741210,359774,397721,451123,398961,907445,1115309,1742434,2224270,1419671,504979,310838,310655,313554,535771,484693,412116,593414,1191845,1432243,1357470,1103866,1125515,745236,1346554,2026038,1479117,864564,664068,792466,333281
109776,664572,709218,892614,451731,121373,173838,142238,135483,116122,97760,132872,429644,236300,226142,239686,171542,240291,393835,174237,123473,182283,164489,314001,225272,180444,133935,231945,460341,667595,1060652,2946782,1115520,943012,462269,892424,576965,522954,489181,358253,1796651,1681550,1585418,1508570,847279,448944,970651,1083021,598206,446039,375747,560303,1712195,1761726,1024991,600123,795115,1506296,1658331,1337299,1260267,1247927,1238109,266114
244242,576720,720522,592256,749962,196906,184734,131098,109464,104272,188252,171015,204612,274364,387042,146929,306062,347213,218016,150454,190276,123187,148327,185430,281335,204031,193362,713494,818856,899725,2069589,2373686,843491,752718,945777,1245911,1044539,398294,434274,441896,1879035,1760840,1731245,1563899,1004865,1287018,1599709,973140,890915,529882,376140,329362,1870332,844354,1038858,1170149,1419722,1300902,1762195,1748832,1565797,1062953,889836,372463
529188,982689,1213822,906774,753935,129715,122012,140823,87200,147335,196063,210925,215809,335264,763393,422830,453452,366787,237247,187919,184666,145375,207574,253857,532089,704427,877499,949927,945816,1446541,2136244,2109700,812662,572020,654348,555678,651527,414198,743556,559287,1278561,1773338,1321123,968536,2142755,1167696,1503746,992808,531133,337054,368513,308724,1337980,1743569,1551048,1199744,1494946,1117332,1565813,875248,1142428,775201,1286127,477922
251918,723042,824568,509558,343246,148200,131013,158848,136167,115341,126885,139143,500836,625828,630460,450740,394764,333344,691429,259629,563983,223546,171892,261807,752721,631106,1247134,1128596,962727,1555453,3085177,1633923,915871,645752,864400,1488461,1376595,1475336,1573316,1179308,1694981,2104376,1561249,824860,1071283,635464,423571,360692,446664,381694,309846,1045694,1307374,1268621,1409829,1145972,1021565,980952,874803,1223091,1251348,860488,1279589,305259
208058,345180,290833,268656,178093,390490,363738,124177,93228,88348,363925,656585,520428,496583,629767,784166,419964,215249,271013,160811,315321,294416,335473,325312,633690,608490,751510,675199,844607,2657565,2255277,834926,441011,316144,907609,1293363,1084425,1302555,1510213,1141905,2053365,1947214,1505409,914583,758481,770014,746209,420263,384883,353758,340128,1045843,1429062,740378,1003768,410382,1249266,857924,1040171,980617,992968,648863,577225,114515
117391,82908,129787,157771,609665,870350,761289,729187,353571,363607,439775,543971,550907,404100,454776,642899,331990,211508,217538,160567,179078,204692,293768,384481,493628,741968,1147143,1110143,1761943,1508762,2120473,1915677,659114,583679,1050144,1598578,1408617,1426841,1609596,1559870,1699222,1581742,1119308,997807,1483959,691736,1488686,1661129,536121,379630,350958,552897,1363997,743028,866359,853666,651891,490107,527539,1154118,551583,481737,453818,133514
106252,128528,165506,197876,536102,1210124,953174,970355,968978,589286,406106,465122,483078,572614,487884,558824,155548,178500,163854,213030,283858,302773,247521,364730,196237,1109870,1398036,1281839,1858580,1258439,817463,1232121,590933,541967,1232512,1546879,1626868,1515569,1812039,1440613,1351228,1467752,1311706,1176105,569297,838676,1676896,2013678,1917774,1055913,325411,319124,1182444,1294549,803715,879128,816534,372316,341874,654850,583594,287062,355654,109896
20568,17020,31596,35480,45882,171395,220562,175618,171309,156285,127107,105177,148019,208712,134072,145451,50359,63682,24051,47941,38466,65966,42236,34482,58826,208918,203215,358609,294632,469504,289413,235219,241195,165769,276876,359904,289534,245135,373175,279388,257847,333128,229752,212859,131326,210322,505856,373706,440620,432797,119299,44676,219934,492164,179332,377583,156793,170794,203681,139373,136983,65709,68725,16166
